team,historical_conference,development_home_games,current_site_hfa,conference_hfa,shrunk_team_hfa,difference_recommended_vs_current,confidence
Illinois,Big Ten,19,1.5,2.4681331438047853,3.4006469752079944,1.9006469752079944,High
Ohio State,Big Ten,19,3.0,2.4681331438047853,3.6624116810903464,0.6624116810903464,High
USC,Pac-12,19,2.4,2.6501574921093454,2.861010658283535,0.46101065828353516,High
Iowa,Big Ten,18,2.4,2.4681331438047853,0.9976362774870238,-1.4023637225129761,High
Michigan,Big Ten,18,2.9,2.4681331438047853,1.901333247183993,-0.9986667528160069,High
Texas,Big 12,18,3.0,2.4505879844475102,1.6199642353549288,-1.3800357646450712,High
Washington,Pac-12,18,2.1,2.6501574921093454,2.3325564358072786,0.23255643580727847,High
Wisconsin,Big Ten,18,2.0,2.4681331438047853,2.0188483986991446,0.018848398699144564,High
Arizona State,Pac-12,17,2.2,2.6501574921093454,2.721073824426256,0.5210738244262556,High
Boise State,Mountain West,17,2.8,2.7033417328939717,3.6366289372940495,0.8366289372940496,High
Colorado,Pac-12,17,2.6,2.6501574921093454,4.364136324426256,1.7641363244262558,High
Maryland,Big Ten,17,2.3,2.4681331438047853,1.135062411158493,-1.1649375888415068,High
Minnesota,Big Ten,17,2.4,2.4681331438047853,1.728812411158493,-0.6711875888415069,High
Penn State,Big Ten,17,3.4,2.4681331438047853,1.7069374111584932,-1.6930625888415067,High
Purdue,Big Ten,17,1.3,2.4681331438047853,3.681937411158493,2.381937411158493,High
Stanford,Pac-12,17,1.4,2.6501574921093454,4.098511324426256,2.698511324426256,High
Washington State,Pac-12,17,3.3,2.6501574921093454,-1.2639886755737444,-4.563988675573745,High
Baylor,Big 12,16,2.5,2.4505879844475102,2.5309296698939563,0.03092966989395629,High
California,Pac-12,16,2.8,2.6501574921093454,3.686979431665813,0.8869794316658131,High
Kansas State,Big 12,16,3.8,2.4505879844475102,1.9664135408616985,-1.8335864591383013,High
Nebraska,Big Ten,16,1.5,2.4681331438047853,2.7587741018410252,1.2587741018410252,High
Oregon,Pac-12,16,2.5,2.6501574921093454,2.8249794316658123,0.32497943166581233,High
Rutgers,Big Ten,16,2.1,2.4681331438047853,3.0394192631313475,0.9394192631313474,High
Syracuse,ACC,16,2.9,2.6733097014925375,2.0967627587867117,-0.8032372412132882,High
UCLA,Pac-12,16,1.7,2.6501574921093454,1.337172980052909,-0.3628270199470909,High
Utah,Pac-12,16,3.3,2.6501574921093454,2.2217536252141996,-1.0782463747858002,High
Arizona,Pac-12,15,2.7,2.6501574921093454,3.8784120793880064,1.1784120793880062,High
Indiana,Big Ten,15,1.9,2.4681331438047853,3.7507332385690595,1.8507332385690596,High
Iowa State,Big 12,15,2.7,2.4505879844475102,2.6386273255570885,-0.06137267444291172,High
Kansas,Big 12,15,2.4,2.4505879844475102,3.081960658890422,0.6819606588904219,High
Kentucky,SEC,15,2.7,2.736456348395011,2.4148948408641724,-0.2851051591358278,High
Louisville,ACC,15,2.9,2.6733097014925375,2.9733215174129355,0.07332151741293558,High
Notre Dame,FBS Independents,15,3.2,2.5529123509966944,2.466456175498347,-0.7335438245016532,High
Oklahoma,Big 12,15,3.3,2.4505879844475102,3.0186273255570892,-0.2813726744429106,High
Oklahoma State,Big 12,15,2.8,2.4505879844475102,2.831960658890422,0.03196065889042199,High
Oregon State,Pac-12,15,3.5,2.6501574921093454,3.1017454127213395,-0.3982545872786605,High
San Diego State,Mountain West,15,1.9,2.7033417328939717,2.592404199780319,0.6924041997803192,High
TCU,Big 12,15,2.2,2.4505879844475102,1.711960658890422,-0.48803934110957825,High
Temple,American Athletic,15,2.9,2.37729004745856,2.122711690395947,-0.777288309604053,High
Texas Tech,Big 12,15,3.2,2.4505879844475102,3.1586273255570885,-0.041372674442911705,High
Air Force,Mountain West,14,3.2,2.7033417328939717,1.4258664135658472,-1.774133586434153,Medium
Auburn,SEC,14,2.6,2.736456348395011,1.7671325939974196,-0.8328674060025805,Medium
BYU,FBS Independents,14,2.1,2.5529123509966944,2.835023629825877,0.7350236298258768,Medium
Cincinnati,American Athletic,14,2.1,2.37729004745856,2.3503224383406347,0.2503224383406346,Medium
Houston,American Athletic,14,1.7,2.37729004745856,2.005494852133738,0.30549485213373795,Medium
LSU,SEC,14,3.9,2.736456348395011,4.156787766411213,0.25678776641121326,Medium
Memphis,American Athletic,14,2.5,2.37729004745856,1.4675638176509795,-1.0324361823490205,Medium
Michigan State,Big Ten,14,2.0,2.4681331438047853,1.166275764036958,-0.8337242359630419,Medium
New Mexico,Mountain West,14,0.9,2.7033417328939717,2.3714526204623985,1.4714526204623986,Medium
Northwestern,Big Ten,14,2.1,2.4681331438047853,3.449034384726613,1.3490343847266129,Medium
Tennessee,SEC,14,2.3,2.736456348395011,2.280925697445695,-0.019074302554304978,Medium
Tulane,American Athletic,14,3.1,2.37729004745856,2.4848051969613243,-0.6151948030386758,Medium
Wyoming,Mountain West,14,3.0,2.7033417328939717,2.6431077928761924,-0.35689220712380765,Medium
Colorado State,Mountain West,13,2.0,2.7033417328939717,3.4597187854789135,1.4597187854789135,Medium
East Carolina,American Athletic,13,1.9,2.37729004745856,0.009262525424228991,-1.890737474575771,Medium
Florida,SEC,13,2.5,2.736456348395011,3.1195301866401848,0.6195301866401848,Medium
Fresno State,Mountain West,13,2.7,2.7033417328939717,1.7875044997646274,-0.9124955002353727,Medium
Navy,American Athletic,13,2.6,2.37729004745856,4.295762525424229,1.6957625254242292,Medium
Nevada,Mountain West,13,2.1,2.7033417328939717,2.4382902140503426,0.33829021405034254,Medium
UCF,American Athletic,13,2.7,2.37729004745856,1.5521196682813716,-1.1478803317186286,Medium
UNLV,Mountain West,13,2.1,2.7033417328939717,2.051790214050342,-0.04820978594965819,Medium
Utah State,Mountain West,13,2.7,2.7033417328939717,3.876790214050342,1.176790214050342,Medium
Wake Forest,ACC,13,3.0,2.6733097014925375,2.8964159115138597,-0.10358408848614031,Medium
Alabama,SEC,12,3.2,2.736456348395011,3.565512786145377,0.36551278614537663,Medium
Arkansas,SEC,12,2.4,2.736456348395011,3.2239572305898214,0.8239572305898215,Medium
Boston College,ACC,12,1.9,2.6733097014925375,2.314801686014373,0.41480168601437306,Medium
Duke,ACC,12,3.2,2.6733097014925375,1.5851720563847433,-1.6148279436152568,Medium
Florida State,ACC,12,1.9,2.6733097014925375,3.9555424267551134,2.0555424267551134,Medium
Missouri,SEC,12,2.5,2.736456348395011,2.6350683417009324,0.1350683417009324,Medium
NC State,ACC,12,3.1,2.6733097014925375,2.844431315644002,-0.2555686843559979,Medium
San José State,Mountain West,12,2.5,2.7033417328939717,3.8989676293855404,1.3989676293855404,Medium
Tulsa,American Athletic,12,0.7,2.37729004745856,2.5244203967362373,1.8244203967362373,Medium
UConn,FBS Independents,12,1.9,2.5529123509966944,4.070951306109275,2.170951306109275,Medium
Vanderbilt,SEC,12,0.9,2.736456348395011,2.9951424157750064,2.0951424157750065,Medium
Georgia,SEC,11,1.8,2.736456348395011,3.20180173945866,1.4018017394586602,Medium
Massachusetts,FBS Independents,11,1.6,2.5529123509966944,2.1074494332673237,0.5074494332673236,Medium
Rice,Conference USA,11,2.9,2.31889552238806,3.881824339839265,0.9818243398392652,Medium
SMU,American Athletic,11,3.4,2.37729004745856,2.4099750273799385,-0.9900249726200614,Medium
Arkansas State,Sun Belt,10,2.9,2.4417531905688947,3.133051914341337,0.23305191434133699,Medium
Army,FBS Independents,10,1.8,2.5529123509966944,2.4157474105980166,0.6157474105980165,Medium
Charlotte,Conference USA,10,1.7,2.31889552238806,3.0282173134328354,1.3282173134328354,Medium
Clemson,ACC,10,2.5,2.6733097014925375,2.255985820895523,-0.24401417910447698,Medium
Coastal Carolina,Sun Belt,10,2.3,2.4417531905688947,0.6890519143413367,-1.610948085658663,Medium
Georgia State,Sun Belt,10,1.7,2.4417531905688947,2.389051914341337,0.6890519143413372,Medium
Liberty,FBS Independents,10,3.5,2.5529123509966944,1.295747410598017,-2.204252589401983,Medium
Pittsburgh,ACC,10,1.9,2.6733097014925375,3.195985820895522,1.2959858208955222,Medium
Texas A&M,SEC,10,2.5,2.736456348395011,1.2538738090370067,-1.2461261909629933,Medium
UTSA,American Athletic,10,2.0,2.37729004745856,2.1632540284751363,0.16325402847513626,Medium
Louisiana,Sun Belt,9,2.7,2.4417531905688947,1.9844290774388924,-0.7155709225611078,Medium
UTEP,Conference USA,9,2.5,2.31889552238806,2.9085597014925377,0.40855970149253773,Medium
Marshall,Sun Belt,8,1.3,2.4417531905688947,2.953317298197105,1.653317298197105,Medium
UAB,Conference USA,8,3.8,2.31889552238806,2.521018818948735,-1.278981181051265,Medium
Virginia,ACC,8,3.3,2.6733097014925375,3.131375892277742,-0.16862410772225767,Medium
App State,Sun Belt,7,1.8,2.4417531905688947,2.9840135390242466,1.1840135390242466,Low
New Mexico State,FBS Independents,7,3.0,2.5529123509966944,1.072440239315928,-1.927559760684072,Low
Akron,Mid-American,6,0.7,2.344403122004656,2.088859372860468,1.3888593728604681,Low
Ball State,Mid-American,6,1.5,2.344403122004656,3.2126688966699923,1.7126688966699923,Low
Buffalo,Mid-American,6,2.8,2.344403122004656,2.06028794428904,-0.7397120557109598,Low
Florida International,Conference USA,6,1.8,2.31889552238806,1.2325444207533758,-0.5674555792466243,Low
Texas State,Sun Belt,6,2.3,2.4417531905688947,3.291728469453973,0.9917284694539732,Low
Toledo,Mid-American,6,2.6,2.344403122004656,0.8936212776223735,-1.7063787223776266,Low
Ohio,Mid-American,5,2.9,2.344403122004656,2.743302341503492,-0.15669765849650785,Low
UL Monroe,Sun Belt,1,1.5,2.4417531905688947,2.239143616158339,0.7391436161583389,Low
bowling green,,0,1.5,2.5392492537313434,2.5392492537313434,1.0392492537313434,Low
central michigan,,0,1.7,2.5392492537313434,2.5392492537313434,0.8392492537313434,Low
delaware,,0,2.5,2.5392492537313434,2.5392492537313434,0.03924925373134336,Low
eastern michigan,,0,1.5,2.5392492537313434,2.5392492537313434,1.0392492537313434,Low
florida atlantic,,0,1.8,2.5392492537313434,2.5392492537313434,0.7392492537313433,Low
georgia southern,,0,3.6,2.5392492537313434,2.5392492537313434,-1.0607507462686567,Low
georgia tech,,0,1.4,2.5392492537313434,2.5392492537313434,1.1392492537313434,Low
hawaii,,0,2.1,2.5392492537313434,2.5392492537313434,0.43924925373134327,Low
jacksonville st,,0,2.5,2.5392492537313434,2.5392492537313434,0.03924925373134336,Low
james madison,,0,2.7,2.5392492537313434,2.5392492537313434,-0.16075074626865682,Low
kennesaw state,,0,2.5,2.5392492537313434,2.5392492537313434,0.03924925373134336,Low
kent st,,0,2.1,2.5392492537313434,2.5392492537313434,0.43924925373134327,Low
louisiana tech,,0,2.4,2.5392492537313434,2.5392492537313434,0.13924925373134345,Low
miami fl,,0,1.7,2.5392492537313434,2.5392492537313434,0.8392492537313434,Low
miami oh,,0,2.7,2.5392492537313434,2.5392492537313434,-0.16075074626865682,Low
middle tennessee,,0,3.2,2.5392492537313434,2.5392492537313434,-0.6607507462686568,Low
mississippi st,,0,2.6,2.5392492537313434,2.5392492537313434,-0.06075074626865673,Low
missouri state,,0,2.5,2.5392492537313434,2.5392492537313434,0.03924925373134336,Low
north carolina,,0,2.5,2.5392492537313434,2.5392492537313434,0.03924925373134336,Low
north dakota state,,0,2.5,2.5392492537313434,2.5392492537313434,0.03924925373134336,Low
north texas,,0,2.9,2.5392492537313434,2.5392492537313434,-0.36075074626865655,Low
northern illinois,,0,1.1,2.5392492537313434,2.5392492537313434,1.4392492537313433,Low
old dominion,,0,1.7,2.5392492537313434,2.5392492537313434,0.8392492537313434,Low
ole miss,,0,2.4,2.5392492537313434,2.5392492537313434,0.13924925373134345,Low
sacramento state,,0,2.5,2.5392492537313434,2.5392492537313434,0.03924925373134336,Low
sam houston,,0,2.5,2.5392492537313434,2.5392492537313434,0.03924925373134336,Low
south alabama,,0,2.5,2.5392492537313434,2.5392492537313434,0.03924925373134336,Low
south carolina,,0,2.3,2.5392492537313434,2.5392492537313434,0.23924925373134354,Low
south florida,,0,2.6,2.5392492537313434,2.5392492537313434,-0.06075074626865673,Low
southern miss,,0,2.1,2.5392492537313434,2.5392492537313434,0.43924925373134327,Low
troy,,0,1.7,2.5392492537313434,2.5392492537313434,0.8392492537313434,Low
virginia tech,,0,2.3,2.5392492537313434,2.5392492537313434,0.23924925373134354,Low
west virginia,,0,3.4,2.5392492537313434,2.5392492537313434,-0.8607507462686566,Low
western kentucky,,0,2.8,2.5392492537313434,2.5392492537313434,-0.26075074626865646,Low
western michigan,,0,2.5,2.5392492537313434,2.5392492537313434,0.03924925373134336,Low
