team,team_normalized,historical_conference,current_2026_conference,development_home_games,raw_team_hfa,conference_hfa,shrunk_team_hfa,current_site_hfa,difference_recommended_vs_current,difference_recommended_vs_2_5,holdout_2025_home_games,holdout_current_site_mae,holdout_conference_team_mae,confidence
Illinois,illinois,Big Ten,B1G,19,4.136842105263159,2.4681331438047853,3.4006469752079944,1.5,1.9006469752079944,0.9006469752079944,5,2.46,2.040129395041599,High
Ohio State,ohio st,Big Ten,B1G,19,4.605263157894737,2.4681331438047853,3.6624116810903464,3.0,0.6624116810903464,1.1624116810903464,5,2.66,2.52751766378193,High
USC,usc,Pac-12,B1G,19,3.0274736842105265,2.6501574921093454,2.861010658283535,2.4,0.46101065828353516,0.36101065828353507,5,2.499999999999999,2.5922021316567068,High
Iowa,iowa,Big Ten,B1G,18,-0.22777777777777755,2.4681331438047853,0.9976362774870238,2.4,-1.4023637225129761,-1.5023637225129762,6,2.683333333333333,2.9841212408376596,High
Michigan,michigan,Big Ten,B1G,18,1.4289999999999994,2.4681331438047853,1.901333247183993,2.9,-0.9986667528160069,-0.598666752816007,4,2.3249999999999984,2.3249999999999984,High
Texas,texas,Big 12,SEC,18,0.9277777777777776,2.4505879844475102,1.6199642353549288,3.0,-1.3800357646450712,-0.8800357646450712,6,3.0833333333333344,3.6033571764300465,High
Washington,washington,Pac-12,B1G,18,2.0678888888888896,2.6501574921093454,2.3325564358072786,2.1,0.23255643580727847,-0.16744356419272144,5,1.7200000000000002,1.819533861484367,High
Wisconsin,wisconsin,Big Ten,B1G,18,1.6444444444444446,2.4681331438047853,2.0188483986991446,2.0,0.018848398699144564,-0.48115160130085544,5,6.1000000000000005,6.0811516013008555,High
Arizona State,arizona state,Pac-12,B12,17,2.7836470588235294,2.6501574921093454,2.721073824426256,2.2,0.5210738244262556,0.22107382442625578,5,5.76,5.238926175573745,High
Boise State,boise st,Mountain West,PAC12,17,4.460117647058825,2.7033417328939717,3.6366289372940495,2.8,0.8366289372940496,1.1366289372940495,6,3.0833333333333335,2.9500000000000006,High
Colorado,colorado,Pac-12,B12,17,5.876470588235295,2.6501574921093454,4.364136324426256,2.6,1.7641363244262558,1.8641363244262559,6,2.4,1.4000000000000004,High
Maryland,maryland,Big Ten,B1G,17,-0.04117647058823525,2.4681331438047853,1.135062411158493,2.3,-1.1649375888415068,-1.364937588841507,4,4.925000000000001,3.760062411158494,High
Minnesota,minnesota,Big Ten,B1G,17,1.0764705882352938,2.4681331438047853,1.728812411158493,2.4,-0.6711875888415069,-0.771187588841507,5,4.58,4.445762482231698,High
Penn State,penn st,Big Ten,B1G,17,1.035294117647059,2.4681331438047853,1.7069374111584932,3.4,-1.6930625888415067,-0.7930625888415068,5,2.519999999999999,3.2958375533049042,High
Purdue,purdue,Big Ten,B1G,17,4.752941176470588,2.4681331438047853,3.681937411158493,1.3,2.381937411158493,1.181937411158493,5,4.120000000000001,3.116387482231698,High
Stanford,stanford,Pac-12,ACC,17,5.376470588235295,2.6501574921093454,4.098511324426256,1.4,2.698511324426256,1.5985113244262559,6,3.0666666666666678,2.466170441475418,High
Washington State,washington st,Pac-12,PAC12,17,-4.7176470588235295,2.6501574921093454,-1.2639886755737444,3.3,-4.563988675573745,-3.7639886755737444,4,17.825000000000003,13.261011324426255,High
Baylor,baylor,Big 12,B12,16,2.6062499999999997,2.4505879844475102,2.5309296698939563,2.5,0.03092966989395629,0.03092966989395629,5,3.78,3.7614421980636266,High
California,california,Pac-12,ACC,16,4.659000000000001,2.6501574921093454,3.686979431665813,2.8,0.8869794316658131,1.1869794316658129,4,1.8749999999999991,1.2315102841670922,High
Kansas State,kansas st,Big 12,B12,16,1.5124999999999997,2.4505879844475102,1.9664135408616985,3.8,-1.8335864591383013,-0.5335864591383015,5,3.2400000000000007,5.073586459138301,High
Nebraska,nebraska,Big Ten,B1G,16,3.03125,2.4681331438047853,2.7587741018410252,1.5,1.2587741018410252,0.25877410184102523,6,2.383333333333334,3.2225160678940177,High
Oregon,oregon,Pac-12,B1G,16,2.9888750000000006,2.6501574921093454,2.8249794316658123,2.5,0.32497943166581233,0.32497943166581233,6,2.300000000000001,2.4083264772219386,High
Rutgers,rutgers,Big Ten,B1G,16,3.5749999999999993,2.4681331438047853,3.0394192631313475,2.1,0.9394192631313474,0.5394192631313475,4,2.1249999999999996,2.194709631565673,High
Syracuse,syracuse,ACC,ACC,16,1.5562500000000001,2.6733097014925375,2.0967627587867117,2.9,-0.8032372412132882,-0.4032372412132883,4,4.75,4.348381379393356,High
UCLA,ucla,Pac-12,B1G,16,0.10624999999999962,2.6501574921093454,1.337172980052909,1.7,-0.3628270199470909,-1.162827019947091,5,8.7,9.06282701994709,High
Utah,utah,Pac-12,B12,16,1.820125,2.6501574921093454,2.2217536252141996,3.3,-1.0782463747858002,-0.2782463747858004,5,1.5200000000000005,1.615649274957161,High
Arizona,arizona,Pac-12,B12,15,5.106666666666667,2.6501574921093454,3.8784120793880064,2.7,1.1784120793880062,1.3784120793880064,5,2.6000000000000005,3.187047247632804,High
Indiana,indiana,Big Ten,B1G,15,5.033333333333333,2.4681331438047853,3.7507332385690595,1.9,1.8507332385690596,1.2507332385690595,4,2.5499999999999994,2.6753666192845293,High
Iowa State,iowa st,Big 12,B12,15,2.8266666666666667,2.4505879844475102,2.6386273255570885,2.7,-0.06137267444291172,0.13862732555708845,5,2.6800000000000006,2.6431763953342533,High
Kansas,kansas,Big 12,B12,15,3.7133333333333334,2.4505879844475102,3.081960658890422,2.4,0.6819606588904219,0.5819606588904218,4,2.8250000000000006,3.1659803294452096,High
Kentucky,kentucky,SEC,SEC,15,2.0933333333333337,2.736456348395011,2.4148948408641724,2.7,-0.2851051591358278,-0.08510515913582761,3,1.5333333333333339,1.8184384924691617,High
Louisville,louisville,ACC,ACC,15,3.273333333333333,2.6733097014925375,2.9733215174129355,2.9,0.07332151741293558,0.4733215174129355,5,3.78,3.8533215174129354,High
Notre Dame,notre dame,FBS Independents,Independent,15,2.3800000000000003,2.5529123509966944,2.466456175498347,3.2,-0.7335438245016532,-0.03354382450165305,7,4.928571428571429,5.662115253073082,High
Oklahoma,oklahoma,Big 12,SEC,15,3.5866666666666673,2.4505879844475102,3.0186273255570892,3.3,-0.2813726744429106,0.5186273255570892,4,1.1500000000000012,1.0093136627785455,High
Oklahoma State,oklahoma st,Big 12,B12,15,3.213333333333333,2.4505879844475102,2.831960658890422,2.8,0.03196065889042199,0.3319606588904218,6,4.8999999999999995,4.899999999999999,High
Oregon State,oregon st,Pac-12,PAC12,15,3.5533333333333332,2.6501574921093454,3.1017454127213395,3.5,-0.3982545872786605,0.6017454127213395,5,5.94,6.178952752367197,High
San Diego State,san diego st,Mountain West,PAC12,15,2.481466666666667,2.7033417328939717,2.592404199780319,1.9,0.6924041997803192,0.09240419978031911,5,3.5599999999999996,3.6984808399560634,High
TCU,tcu,Big 12,B12,15,0.9733333333333332,2.4505879844475102,1.711960658890422,2.2,-0.48803934110957825,-0.7880393411095781,5,2.5600000000000005,2.812823604665747,High
Temple,temple,American Athletic,American,15,1.8681333333333334,2.37729004745856,2.122711690395947,2.9,-0.777288309604053,-0.37728830960405313,5,1.8800000000000001,1.6354576619208108,High
Texas Tech,texas tech,Big 12,B12,15,3.8666666666666663,2.4505879844475102,3.1586273255570885,3.2,-0.041372674442911705,0.6586273255570885,5,2.2399999999999993,2.2151763953342525,High
Air Force,air force,Mountain West,MW,14,0.057142857142856815,2.7033417328939717,1.4258664135658472,3.2,-1.774133586434153,-1.0741335864341528,4,2.1250000000000004,1.4620667932170763,Medium
Auburn,auburn,SEC,SEC,14,0.7285714285714285,2.736456348395011,1.7671325939974196,2.6,-0.8328674060025805,-0.7328674060025804,5,1.6000000000000008,1.7665734812005163,Medium
BYU,byu,FBS Independents,B12,14,3.1372857142857145,2.5529123509966944,2.835023629825877,2.1,0.7350236298258768,0.33502362982587686,4,3.100000000000001,3.835023629825877,Medium
Cincinnati,cincinnati,American Athletic,B12,14,2.321428571428572,2.37729004745856,2.3503224383406347,2.1,0.2503224383406346,-0.1496775616593653,5,4.139999999999999,3.9898065369956184,Medium
Houston,houston,American Athletic,B12,14,1.607142857142857,2.37729004745856,2.005494852133738,1.7,0.30549485213373795,-0.4945051478662621,4,1.8500000000000008,1.8500000000000005,Medium
LSU,lsu,SEC,SEC,14,5.67857142857143,2.736456348395011,4.156787766411213,3.9,0.25678776641121326,1.6567877664112132,3,2.5,2.585595922137071,Medium
Memphis,memphis,American Athletic,American,14,0.492857142857143,2.37729004745856,1.4675638176509795,2.5,-1.0324361823490205,-1.0324361823490205,4,7.649999999999999,6.6175638176509795,Medium
Michigan State,michigan st,Big Ten,B1G,14,-0.2285714285714284,2.4681331438047853,1.166275764036958,2.0,-0.8337242359630419,-1.333724235963042,4,5.25,5.6668621179815215,Medium
New Mexico,new mexico,Mountain West,MW,14,2.0158571428571426,2.7033417328939717,2.3714526204623985,0.9,1.4714526204623986,-0.12854737953760154,5,5.459999999999999,3.9885473795376014,Medium
Northwestern,northwestern,Big Ten,B1G,14,4.5,2.4681331438047853,3.449034384726613,2.1,1.3490343847266129,0.949034384726613,3,3.066666666666667,2.849678128242204,Medium
Tennessee,tennessee,SEC,SEC,14,1.792857142857142,2.736456348395011,2.280925697445695,2.3,-0.019074302554304978,-0.21907430255430516,6,5.983333333333334,5.98969143418477,Medium
Tulane,tulane,American Athletic,American,14,2.6,2.37729004745856,2.4848051969613243,3.1,-0.6151948030386758,-0.015194803038675708,4,5.475,5.475,Medium
Wyoming,wyoming,Mountain West,MW,14,2.5785714285714283,2.7033417328939717,2.6431077928761924,3.0,-0.35689220712380765,0.14310779287619235,5,2.1600000000000006,1.945864675725716,Medium
Colorado State,colorado st,Mountain West,PAC12,13,4.332461538461539,2.7033417328939717,3.4597187854789135,2.0,1.4597187854789135,0.9597187854789135,5,10.0,8.540281214521087,Medium
East Carolina,east carolina,American Athletic,American,13,-2.7230769230769223,2.37729004745856,0.009262525424228991,1.9,-1.890737474575771,-2.490737474575771,5,4.9799999999999995,4.601852505084846,Medium
Florida,florida,SEC,SEC,13,3.561538461538462,2.736456348395011,3.1195301866401848,2.5,0.6195301866401848,0.6195301866401848,3,5.933333333333334,5.313803146693148,Medium
Fresno State,fresno st,Mountain West,PAC12,13,0.7307692307692305,2.7033417328939717,1.7875044997646274,2.7,-0.9124955002353727,-0.7124955002353726,4,3.6,3.143752249882314,Medium
Navy,navy,American Athletic,American,13,6.509384615384617,2.37729004745856,4.295762525424229,2.6,1.6957625254242292,1.7957625254242293,3,3.7999999999999994,4.365254175141409,Medium
Nevada,nevada,Mountain West,MW,13,2.132461538461539,2.7033417328939717,2.4382902140503426,2.1,0.33829021405034254,-0.06170978594965737,4,4.85,4.680854892974828,Medium
UCF,ucf,American Athletic,B12,13,0.6000000000000003,2.37729004745856,1.5521196682813716,2.7,-1.1478803317186286,-0.9478803317186284,3,3.766666666666667,2.6187863349480383,Medium
UNLV,unlv,Mountain West,MW,13,1.3000000000000005,2.7033417328939717,2.051790214050342,2.1,-0.04820978594965819,-0.4482097859496581,4,1.725,1.7008951070251714,Medium
Utah State,utah st,Mountain West,PAC12,13,5.230769230769231,2.7033417328939717,3.876790214050342,2.7,1.176790214050342,1.376790214050342,4,1.4499999999999997,2.376790214050342,Medium
Wake Forest,wake forest,ACC,ACC,13,3.1538461538461537,2.6733097014925375,2.8964159115138597,3.0,-0.10358408848614031,0.3964159115138597,3,2.866666666666667,2.9011946961620474,Medium
Alabama,alabama,SEC,SEC,12,4.601833333333334,2.736456348395011,3.565512786145377,3.2,0.36551278614537663,1.0655127861453768,5,4.12,3.754487213854623,Medium
Arkansas,arkansas,SEC,SEC,12,3.833333333333334,2.736456348395011,3.2239572305898214,2.4,0.8239572305898215,0.7239572305898214,4,3.1999999999999993,2.7880213847050888,Medium
Boston College,boston college,ACC,ACC,12,1.8666666666666665,2.6733097014925375,2.314801686014373,1.9,0.41480168601437306,-0.18519831398562703,5,4.96,4.8770396627971255,Medium
Duke,duke,ACC,ACC,12,0.2250000000000004,2.6733097014925375,1.5851720563847433,3.2,-1.6148279436152568,-0.9148279436152567,4,1.3749999999999998,2.5398279436152564,Medium
Florida State,florida state,ACC,ACC,12,5.558333333333334,2.6733097014925375,3.9555424267551134,1.9,2.0555424267551134,1.4555424267551134,2,4.8500000000000005,2.794457573244888,Medium
Missouri,missouri,SEC,SEC,12,2.5083333333333337,2.736456348395011,2.6350683417009324,2.5,0.1350683417009324,0.1350683417009324,5,4.339999999999999,4.367013668340185,Medium
NC State,nc state,ACC,ACC,12,3.0583333333333336,2.6733097014925375,2.844431315644002,3.1,-0.2555686843559979,0.3444313156440022,2,0.9000000000000001,1.155568684355998,Medium
San José State,san jose st,Mountain West,MW,12,5.3935,2.7033417328939717,3.8989676293855404,2.5,1.3989676293855404,1.3989676293855404,3,4.7666666666666675,3.367699037281127,Medium
Tulsa,tulsa,American Athletic,American,12,2.7083333333333335,2.37729004745856,2.5244203967362373,0.7,1.8244203967362373,0.024420396736237304,5,3.1599999999999993,2.8946522380417425,Medium
UConn,uconn,FBS Independents,Independent,12,5.968499999999999,2.5529123509966944,4.070951306109275,1.9,2.170951306109275,1.5709513061092748,5,4.979999999999999,7.150951306109275,Medium
Vanderbilt,vanderbilt,SEC,SEC,12,3.3185000000000002,2.736456348395011,2.9951424157750064,0.9,2.0951424157750065,0.4951424157750064,6,2.1833333333333345,2.88171413859167,Medium
Georgia,georgia,SEC,SEC,11,3.8363636363636364,2.736456348395011,3.20180173945866,1.8,1.4018017394586602,0.7018017394586602,4,3.8249999999999997,3.1240991302706695,Medium
Massachusetts,umass,FBS Independents,MAC,11,1.4999999999999993,2.5529123509966944,2.1074494332673237,1.6,0.5074494332673236,-0.3925505667326763,1,5.299999999999997,4.792550566732675,Medium
Rice,rice,Conference USA,American,11,6.013090909090909,2.31889552238806,3.881824339839265,2.9,0.9818243398392652,1.3818243398392651,4,3.4250000000000007,3.425,Medium
SMU,smu,American Athletic,ACC,11,2.454545454545454,2.37729004745856,2.4099750273799385,3.4,-0.9900249726200614,-0.09002497262006148,4,4.499999999999999,4.25,Medium
Arkansas State,arkansas st,Sun Belt,Sun Belt,10,4.17,2.4417531905688947,3.133051914341337,2.9,0.23305191434133699,0.6330519143413369,3,0.4666666666666675,0.4110173047804449,Medium
Army,army,FBS Independents,American,10,2.2099999999999995,2.5529123509966944,2.4157474105980166,1.8,0.6157474105980165,-0.08425258940198344,3,3.133333333333335,3.33858247019934,Medium
Charlotte,charlotte,Conference USA,American,10,4.0922,2.31889552238806,3.0282173134328354,1.7,1.3282173134328354,0.5282173134328354,3,2.0333333333333337,0.9905942288557221,Medium
Clemson,clemson,ACC,ACC,10,1.6300000000000008,2.6733097014925375,2.255985820895523,2.5,-0.24401417910447698,-0.24401417910447698,4,3.575,3.819014179104477,Medium
Coastal Carolina,coastal carolina,Sun Belt,Sun Belt,10,-1.9400000000000002,2.4417531905688947,0.6890519143413367,2.3,-1.610948085658663,-1.8109480856586633,3,8.066666666666665,8.60364936188622,Medium
Georgia State,georgia state,Sun Belt,Sun Belt,10,2.3100000000000005,2.4417531905688947,2.389051914341337,1.7,0.6890519143413372,-0.11094808565866288,3,7.233333333333335,6.544281418991997,Medium
Liberty,liberty,FBS Independents,CUSA,10,-0.5899999999999995,2.5529123509966944,1.295747410598017,3.5,-2.204252589401983,-1.204252589401983,4,2.8500000000000005,4.404252589401983,Medium
Pittsburgh,pittsburgh,ACC,ACC,10,3.9799999999999995,2.6733097014925375,3.195985820895522,1.9,1.2959858208955222,0.6959858208955221,4,3.9250000000000003,5.220985820895523,Medium
Texas A&M,texas a and m,SEC,SEC,10,-0.97,2.736456348395011,1.2538738090370067,2.5,-1.2461261909629933,-1.2461261909629933,3,2.1000000000000014,2.515375396987666,Medium
UTSA,utsa,American Athletic,American,10,1.8422000000000005,2.37729004745856,2.1632540284751363,2.0,0.16325402847513626,-0.33674597152486374,5,1.06,0.9620475829149185,Medium
Louisiana,louisiana,Sun Belt,Sun Belt,9,1.2222222222222223,2.4417531905688947,1.9844290774388924,2.7,-0.7155709225611078,-0.5155709225611076,2,2.2500000000000004,2.2500000000000004,Medium
UTEP,utep,Conference USA,MW,9,3.8913333333333338,2.31889552238806,2.9085597014925377,2.5,0.40855970149253773,0.40855970149253773,2,6.5,6.199999999999999,Medium
Marshall,marshall,Sun Belt,Sun Belt,8,3.9125,2.4417531905688947,2.953317298197105,1.3,1.653317298197105,0.453317298197105,2,2.85,4.503317298197104,Medium
UAB,uab,Conference USA,American,8,2.9000000000000004,2.31889552238806,2.521018818948735,3.8,-1.278981181051265,0.021018818948734808,3,4.166666666666667,3.7403396063162444,Medium
Virginia,virginia,ACC,ACC,8,3.99025,2.6733097014925375,3.131375892277742,3.3,-0.16862410772225767,0.6313758922777422,4,9.2,9.200000000000001,Medium
App State,app state,Sun Belt,Sun Belt,7,4.146,2.4417531905688947,2.9840135390242466,1.8,1.1840135390242466,0.4840135390242466,4,1.65,1.65,Low
New Mexico State,new mexico st,FBS Independents,CUSA,7,-2.1,2.5529123509966944,1.072440239315928,3.0,-1.927559760684072,-1.427559760684072,4,12.775,10.847440239315926,Low
Akron,akron,Mid-American,MAC,6,1.4499999999999995,2.344403122004656,2.088859372860468,0.7,1.3888593728604681,-0.4111406271395319,1,3.299999999999997,4.688859372860467,Low
Ball State,ball state,Mid-American,MAC,6,5.383333333333333,2.344403122004656,3.2126688966699923,1.5,1.7126688966699923,0.7126688966699923,2,2.3000000000000007,2.1999999999999993,Low
Buffalo,buffalo,Mid-American,MAC,6,1.3500000000000003,2.344403122004656,2.06028794428904,2.8,-0.7397120557109598,-0.43971205571095995,3,3.5333333333333337,3.286762648096347,Low
Florida International,florida international,Conference USA,CUSA,6,-1.483333333333334,2.31889552238806,1.2325444207533758,1.8,-0.5674555792466243,-1.2674555792466242,3,2.566666666666667,3.1341222459132907,Low
Texas State,texas state,Sun Belt,PAC12,6,5.416666666666668,2.4417531905688947,3.291728469453973,2.3,0.9917284694539732,0.791728469453973,0,,,Low
Toledo,toledo,Mid-American,MAC,6,-2.7333333333333325,2.344403122004656,0.8936212776223735,2.6,-1.7063787223776266,-1.6063787223776265,2,3.1000000000000014,1.6999999999999993,Low
Ohio,ohio,Mid-American,MAC,5,3.9400000000000004,2.344403122004656,2.743302341503492,2.9,-0.15669765849650785,0.24330234150349206,1,2.3000000000000007,2.456697658496509,Low
UL Monroe,ul monroe,Sun Belt,Sun Belt,1,-0.7999999999999989,2.4417531905688947,2.239143616158339,1.5,0.7391436161583389,-0.2608563838416611,0,,,Low
bowling green,bowling green,,MAC,0,,2.5392492537313434,2.5392492537313434,1.5,1.0392492537313434,0.03924925373134336,0,,,Low
central michigan,central michigan,,MAC,0,,2.5392492537313434,2.5392492537313434,1.7,0.8392492537313434,0.03924925373134336,0,,,Low
delaware,delaware,,CUSA,0,,2.5392492537313434,2.5392492537313434,2.5,0.03924925373134336,0.03924925373134336,2,3.05,3.05,Low
eastern michigan,eastern michigan,,MAC,0,,2.5392492537313434,2.5392492537313434,1.5,1.0392492537313434,0.03924925373134336,0,,,Low
florida atlantic,florida atlantic,,American,0,,2.5392492537313434,2.5392492537313434,1.8,0.7392492537313433,0.03924925373134336,0,,,Low
georgia southern,georgia southern,,Sun Belt,0,,2.5392492537313434,2.5392492537313434,3.6,-1.0607507462686567,0.03924925373134336,0,,,Low
georgia tech,georgia tech,,ACC,0,,2.5392492537313434,2.5392492537313434,1.4,1.1392492537313434,0.03924925373134336,0,,,Low
hawaii,hawaii,,MW,0,,2.5392492537313434,2.5392492537313434,2.1,0.43924925373134327,0.03924925373134336,0,,,Low
jacksonville st,jacksonville st,,CUSA,0,,2.5392492537313434,2.5392492537313434,2.5,0.03924925373134336,0.03924925373134336,0,,,Low
james madison,james madison,,Sun Belt,0,,2.5392492537313434,2.5392492537313434,2.7,-0.16075074626865682,0.03924925373134336,0,,,Low
kennesaw state,kennesaw state,,CUSA,0,,2.5392492537313434,2.5392492537313434,2.5,0.03924925373134336,0.03924925373134336,3,1.5999999999999996,1.418895522388059,Low
kent st,kent st,,MAC,0,,2.5392492537313434,2.5392492537313434,2.1,0.43924925373134327,0.03924925373134336,0,,,Low
louisiana tech,louisiana tech,,Sun Belt,0,,2.5392492537313434,2.5392492537313434,2.4,0.13924925373134345,0.03924925373134336,0,,,Low
miami fl,miami fl,,ACC,0,,2.5392492537313434,2.5392492537313434,1.7,0.8392492537313434,0.03924925373134336,0,,,Low
miami oh,miami oh,,MAC,0,,2.5392492537313434,2.5392492537313434,2.7,-0.16075074626865682,0.03924925373134336,0,,,Low
middle tennessee,middle tennessee,,CUSA,0,,2.5392492537313434,2.5392492537313434,3.2,-0.6607507462686568,0.03924925373134336,0,,,Low
mississippi st,mississippi st,,SEC,0,,2.5392492537313434,2.5392492537313434,2.6,-0.06075074626865673,0.03924925373134336,0,,,Low
missouri state,missouri state,,CUSA,0,,2.5392492537313434,2.5392492537313434,2.5,0.03924925373134336,0.03924925373134336,3,1.8666666666666654,1.8062985074626845,Low
north carolina,north carolina,,ACC,0,,2.5392492537313434,2.5392492537313434,2.5,0.03924925373134336,0.03924925373134336,0,,,Low
north dakota state,north dakota state,,MW,0,,2.5392492537313434,2.5392492537313434,2.5,0.03924925373134336,0.03924925373134336,0,,,Low
north texas,north texas,,American,0,,2.5392492537313434,2.5392492537313434,2.9,-0.36075074626865655,0.03924925373134336,0,,,Low
northern illinois,northern illinois,,MW,0,,2.5392492537313434,2.5392492537313434,1.1,1.4392492537313433,0.03924925373134336,0,,,Low
old dominion,old dominion,,Sun Belt,0,,2.5392492537313434,2.5392492537313434,1.7,0.8392492537313434,0.03924925373134336,0,,,Low
ole miss,ole miss,,SEC,0,,2.5392492537313434,2.5392492537313434,2.4,0.13924925373134345,0.03924925373134336,0,,,Low
sacramento state,sacramento state,,MAC,0,,2.5392492537313434,2.5392492537313434,2.5,0.03924925373134336,0.03924925373134336,0,,,Low
sam houston,sam houston,,CUSA,0,,2.5392492537313434,2.5392492537313434,2.5,0.03924925373134336,0.03924925373134336,0,,,Low
south alabama,south alabama,,Sun Belt,0,,2.5392492537313434,2.5392492537313434,2.5,0.03924925373134336,0.03924925373134336,0,,,Low
south carolina,south carolina,,SEC,0,,2.5392492537313434,2.5392492537313434,2.3,0.23924925373134354,0.03924925373134336,0,,,Low
south florida,south florida,,American,0,,2.5392492537313434,2.5392492537313434,2.6,-0.06075074626865673,0.03924925373134336,0,,,Low
southern miss,southern miss,,Sun Belt,0,,2.5392492537313434,2.5392492537313434,2.1,0.43924925373134327,0.03924925373134336,0,,,Low
troy,troy,,Sun Belt,0,,2.5392492537313434,2.5392492537313434,1.7,0.8392492537313434,0.03924925373134336,0,,,Low
virginia tech,virginia tech,,ACC,0,,2.5392492537313434,2.5392492537313434,2.3,0.23924925373134354,0.03924925373134336,0,,,Low
west virginia,west virginia,,B12,0,,2.5392492537313434,2.5392492537313434,3.4,-0.8607507462686566,0.03924925373134336,0,,,Low
western kentucky,western kentucky,,CUSA,0,,2.5392492537313434,2.5392492537313434,2.8,-0.26075074626865646,0.03924925373134336,0,,,Low
western michigan,western michigan,,MAC,0,,2.5392492537313434,2.5392492537313434,2.5,0.03924925373134336,0.03924925373134336,0,,,Low
