snapshot_date,season,source,team,raw_team,rank,rating,wins,losses,sos,sos_rank,predictor_rating,predictor_rank,golden_mean_rating,golden_mean_rank,recent_rating,recent_rank,strong_recent_rating,strong_recent_rank,raw_extra_numbers,source_url,pulled_at,notes
2026-07-29,2026,Sagarin,Indiana,Indiana,1,100.06,16.0,0.0,77.35,10.0,97.74,1.0,100.04,1.0,102.74,1.0,110.1,1.0,"[16.0, 0.0, 77.35, 10.0, 5.0, 0.0, 8.0, 0.0, 97.74, 1.0, 100.04, 1.0, 102.74, 1.0, 110.1, 1.0]",https://sagarin.com/sports/cfsend.htm,2026-07-29T12:37:06Z,preformatted text parse; rating components parsed from Sagarin fields
2026-07-29,2026,Sagarin,Ohio State,Ohio State,2,95.16,12.0,2.0,76.91,13.0,94.76,2.0,96.79,2.0,93.91,4.0,96.8,4.0,"[12.0, 2.0, 76.91, 13.0, 1.0, 2.0, 5.0, 2.0, 94.76, 2.0, 96.79, 2.0, 93.91, 4.0, 96.8, 4.0]",https://sagarin.com/sports/cfsend.htm,2026-07-29T12:37:06Z,preformatted text parse; rating components parsed from Sagarin fields
2026-07-29,2026,Sagarin,Notre Dame,Notre Dame,3,94.6,10.0,2.0,73.67,37.0,93.87,3.0,94.91,4.0,94.67,2.0,100.18,2.0,"[10.0, 2.0, 73.67, 37.0, 0.0, 1.0, 1.0, 2.0, 93.87, 3.0, 94.91, 4.0, 94.67, 2.0, 100.18, 2.0]",https://sagarin.com/sports/cfsend.htm,2026-07-29T12:37:06Z,preformatted text parse; rating components parsed from Sagarin fields
2026-07-29,2026,Sagarin,Oregon,Oregon,4,94.27,13.0,2.0,79.34,5.0,93.57,4.0,96.15,3.0,93.1,5.0,93.77,6.0,"[13.0, 2.0, 79.34, 5.0, 2.0, 2.0, 6.0, 2.0, 93.57, 4.0, 96.15, 3.0, 93.1, 5.0, 93.77, 6.0]",https://sagarin.com/sports/cfsend.htm,2026-07-29T12:37:06Z,preformatted text parse; rating components parsed from Sagarin fields
2026-07-29,2026,Sagarin,Miami-FL,Miami-Florida,5,93.02,13.0,3.0,78.7,7.0,92.3,5.0,93.62,5.0,92.84,6.0,95.27,5.0,"[13.0, 3.0, 78.7, 7.0, 3.0, 1.0, 4.0, 3.0, 92.3, 5.0, 93.62, 5.0, 92.84, 6.0, 95.27, 5.0]",https://sagarin.com/sports/cfsend.htm,2026-07-29T12:37:06Z,preformatted text parse; rating components parsed from Sagarin fields
2026-07-29,2026,Sagarin,Texas Tech,Texas Tech,6,90.88,12.0,2.0,70.4,62.0,89.08,7.0,89.56,9.0,94.45,3.0,99.63,3.0,"[12.0, 2.0, 70.4, 62.0, 1.0, 1.0, 3.0, 1.0, 89.08, 7.0, 89.56, 9.0, 94.45, 3.0, 99.63, 3.0, 12.0]",https://sagarin.com/sports/cfsend.htm,2026-07-29T12:37:06Z,preformatted text parse; rating components parsed from Sagarin fields
2026-07-29,2026,Sagarin,Georgia,Georgia,7,89.07,12.0,2.0,76.53,16.0,89.32,6.0,93.06,6.0,86.0,11.0,86.9,12.0,"[12.0, 2.0, 76.53, 16.0, 1.0, 1.0, 5.0, 2.0, 89.32, 6.0, 93.06, 6.0, 86.0, 11.0, 86.9, 12.0]",https://sagarin.com/sports/cfsend.htm,2026-07-29T12:37:06Z,preformatted text parse; rating components parsed from Sagarin fields
2026-07-29,2026,Sagarin,Ole Miss,Mississippi,8,88.84,13.0,2.0,74.47,31.0,88.35,8.0,90.7,7.0,87.47,9.0,89.87,9.0,"[13.0, 2.0, 74.47, 31.0, 1.0, 2.0, 3.0, 2.0, 88.35, 8.0, 90.7, 7.0, 87.47, 9.0, 89.87, 9.0]",https://sagarin.com/sports/cfsend.htm,2026-07-29T12:37:06Z,preformatted text parse; rating components parsed from Sagarin fields
2026-07-29,2026,Sagarin,Utah,Utah,9,86.8,11.0,2.0,70.51,61.0,85.83,13.0,85.5,14.0,88.99,7.0,93.69,7.0,"[11.0, 2.0, 70.51, 61.0, 0.0, 1.0, 0.0, 2.0, 85.83, 13.0, 85.5, 14.0, 88.99, 7.0, 93.69, 7.0, 12.0]",https://sagarin.com/sports/cfsend.htm,2026-07-29T12:37:06Z,preformatted text parse; rating components parsed from Sagarin fields
2026-07-29,2026,Sagarin,Penn State,Penn State,10,86.46,7.0,6.0,75.2,26.0,87.69,9.0,86.11,12.0,85.44,13.0,85.28,13.0,"[7.0, 6.0, 75.2, 26.0, 0.0, 3.0, 1.0, 4.0, 87.69, 9.0, 86.11, 12.0, 85.44, 13.0, 85.28, 13.0]",https://sagarin.com/sports/cfsend.htm,2026-07-29T12:37:06Z,preformatted text parse; rating components parsed from Sagarin fields
2026-07-29,2026,Sagarin,Texas,Texas,11,86.35,10.0,3.0,75.72,20.0,86.39,12.0,89.2,10.0,83.93,14.0,84.09,16.0,"[10.0, 3.0, 75.72, 20.0, 0.0, 2.0, 4.0, 2.0, 86.39, 12.0, 89.2, 10.0, 83.93, 14.0, 84.09, 16.0]",https://sagarin.com/sports/cfsend.htm,2026-07-29T12:37:06Z,preformatted text parse; rating components parsed from Sagarin fields
2026-07-29,2026,Sagarin,Iowa,Iowa,12,86.07,9.0,4.0,76.8,15.0,85.21,15.0,85.27,16.0,87.48,8.0,90.34,8.0,"[9.0, 4.0, 76.8, 15.0, 1.0, 2.0, 2.0, 3.0, 85.21, 15.0, 85.27, 16.0, 87.48, 8.0, 90.34, 8.0]",https://sagarin.com/sports/cfsend.htm,2026-07-29T12:37:06Z,preformatted text parse; rating components parsed from Sagarin fields
2026-07-29,2026,Sagarin,Texas A&M,Texas A&M,13,85.87,11.0,2.0,76.16,18.0,86.91,11.0,90.25,8.0,82.04,17.0,80.98,23.0,"[11.0, 2.0, 76.16, 18.0, 1.0, 1.0, 4.0, 2.0, 86.91, 11.0, 90.25, 8.0, 82.04, 17.0, 80.98, 23.0]",https://sagarin.com/sports/cfsend.htm,2026-07-29T12:37:06Z,preformatted text parse; rating components parsed from Sagarin fields
2026-07-29,2026,Sagarin,Alabama,Alabama,14,85.61,11.0,4.0,79.95,2.0,87.2,10.0,89.15,11.0,81.81,18.0,80.45,24.0,"[11.0, 4.0, 79.95, 2.0, 1.0, 2.0, 7.0, 3.0, 87.2, 10.0, 89.15, 11.0, 81.81, 18.0, 80.45, 24.0]",https://sagarin.com/sports/cfsend.htm,2026-07-29T12:37:06Z,preformatted text parse; rating components parsed from Sagarin fields
2026-07-29,2026,Sagarin,Vanderbilt,Vanderbilt,15,85.49,10.0,3.0,74.73,29.0,84.99,16.0,85.41,15.0,85.7,12.0,88.55,11.0,"[10.0, 3.0, 74.73, 29.0, 0.0, 0.0, 4.0, 3.0, 84.99, 16.0, 85.41, 15.0, 85.7, 12.0, 88.55, 11.0]",https://sagarin.com/sports/cfsend.htm,2026-07-29T12:37:06Z,preformatted text parse; rating components parsed from Sagarin fields
2026-07-29,2026,Sagarin,Washington,Washington,16,85.2,9.0,4.0,72.83,42.0,85.23,14.0,83.36,19.0,86.92,10.0,89.72,10.0,"[9.0, 4.0, 72.83, 42.0, 0.0, 2.0, 1.0, 3.0, 85.23, 14.0, 83.36, 19.0, 86.92, 10.0, 89.72, 10.0]",https://sagarin.com/sports/cfsend.htm,2026-07-29T12:37:06Z,preformatted text parse; rating components parsed from Sagarin fields
2026-07-29,2026,Sagarin,Oklahoma,Oklahoma,17,83.67,10.0,3.0,77.15,11.0,84.49,17.0,85.8,13.0,81.05,21.0,81.28,20.0,"[10.0, 3.0, 77.15, 11.0, 0.0, 1.0, 6.0, 3.0, 84.49, 17.0, 85.8, 13.0, 81.05, 21.0, 81.28, 20.0]",https://sagarin.com/sports/cfsend.htm,2026-07-29T12:37:06Z,preformatted text parse; rating components parsed from Sagarin fields
2026-07-29,2026,Sagarin,USC,Southern California,18,83.43,9.0,4.0,74.72,30.0,83.63,18.0,84.11,17.0,82.33,16.0,83.05,17.0,"[9.0, 4.0, 74.72, 30.0, 0.0, 2.0, 2.0, 3.0, 83.63, 18.0, 84.11, 17.0, 82.33, 16.0, 83.05, 17.0]",https://sagarin.com/sports/cfsend.htm,2026-07-29T12:37:06Z,preformatted text parse; rating components parsed from Sagarin fields
2026-07-29,2026,Sagarin,SMU,SMU,19,83.0,9.0,4.0,71.1,57.0,82.7,19.0,83.1,20.0,82.84,15.0,84.33,15.0,"[9.0, 4.0, 71.1, 57.0, 1.0, 0.0, 3.0, 0.0, 82.7, 19.0, 83.1, 20.0, 82.84, 15.0, 84.33, 15.0]",https://sagarin.com/sports/cfsend.htm,2026-07-29T12:37:06Z,preformatted text parse; rating components parsed from Sagarin fields
2026-07-29,2026,Sagarin,BYU,BYU,20,81.85,12.0,2.0,74.27,32.0,80.36,27.0,83.68,18.0,81.38,19.0,82.83,18.0,"[12.0, 2.0, 74.27, 32.0, 1.0, 2.0, 1.0, 2.0, 80.36, 27.0, 83.68, 18.0, 81.38, 19.0, 82.83, 18.0, 12.0]",https://sagarin.com/sports/cfsend.htm,2026-07-29T12:37:06Z,preformatted text parse; rating components parsed from Sagarin fields
2026-07-29,2026,Sagarin,Michigan,Michigan,21,80.89,9.0,4.0,75.69,21.0,81.48,22.0,82.63,21.0,78.65,25.0,77.13,38.0,"[9.0, 4.0, 75.69, 21.0, 0.0, 1.0, 1.0, 4.0, 81.48, 22.0, 82.63, 21.0, 78.65, 25.0, 77.13, 38.0]",https://sagarin.com/sports/cfsend.htm,2026-07-29T12:37:06Z,preformatted text parse; rating components parsed from Sagarin fields
2026-07-29,2026,Sagarin,Missouri,Missouri,22,80.49,8.0,5.0,73.16,38.0,81.22,23.0,80.59,25.0,79.44,23.0,79.44,27.0,"[8.0, 5.0, 73.16, 38.0, 0.0, 0.0, 1.0, 5.0, 81.22, 23.0, 80.59, 25.0, 79.44, 23.0, 79.44, 27.0]",https://sagarin.com/sports/cfsend.htm,2026-07-29T12:37:06Z,preformatted text parse; rating components parsed from Sagarin fields
2026-07-29,2026,Sagarin,Tennessee,Tennessee,23,80.32,8.0,5.0,72.25,47.0,81.79,20.0,81.61,23.0,77.74,30.0,75.87,41.0,"[8.0, 5.0, 72.25, 47.0, 0.0, 1.0, 0.0, 5.0, 81.79, 20.0, 81.61, 23.0, 77.74, 30.0, 75.87, 41.0]",https://sagarin.com/sports/cfsend.htm,2026-07-29T12:37:06Z,preformatted text parse; rating components parsed from Sagarin fields
2026-07-29,2026,Sagarin,James Madison,James Madison,24,80.06,12.0,2.0,62.82,94.0,79.6,29.0,79.96,27.0,80.24,22.0,82.39,19.0,"[12.0, 2.0, 62.82, 94.0, 0.0, 1.0, 0.0, 2.0, 79.6, 29.0, 79.96, 27.0, 80.24, 22.0, 82.39, 19.0]",https://sagarin.com/sports/cfsend.htm,2026-07-29T12:37:06Z,preformatted text parse; rating components parsed from Sagarin fields
2026-07-29,2026,Sagarin,Louisville,Louisville,25,79.95,9.0,4.0,72.06,52.0,80.69,25.0,82.03,22.0,77.33,32.0,76.57,40.0,"[9.0, 4.0, 72.06, 52.0, 1.0, 0.0, 2.0, 3.0, 80.69, 25.0, 82.03, 22.0, 77.33, 32.0, 76.57, 40.0]",https://sagarin.com/sports/cfsend.htm,2026-07-29T12:37:06Z,preformatted text parse; rating components parsed from Sagarin fields
2026-07-29,2026,Sagarin,Clemson,Clemson,26,79.32,7.0,6.0,72.54,45.0,81.66,21.0,79.07,29.0,77.35,31.0,76.78,39.0,"[7.0, 6.0, 72.54, 45.0, 0.0, 1.0, 1.0, 3.0, 81.66, 21.0, 79.07, 29.0, 77.35, 31.0, 76.78, 39.0]",https://sagarin.com/sports/cfsend.htm,2026-07-29T12:37:06Z,preformatted text parse; rating components parsed from Sagarin fields
2026-07-29,2026,Sagarin,Illinois,Illinois,27,79.28,9.0,4.0,75.46,24.0,79.15,30.0,80.45,26.0,78.04,29.0,78.04,35.0,"[9.0, 4.0, 75.46, 24.0, 0.0, 2.0, 2.0, 3.0, 79.15, 30.0, 80.45, 26.0, 78.04, 29.0, 78.04, 35.0]",https://sagarin.com/sports/cfsend.htm,2026-07-29T12:37:06Z,preformatted text parse; rating components parsed from Sagarin fields
2026-07-29,2026,Sagarin,LSU,LSU,28,79.14,7.0,6.0,76.8,14.0,80.39,26.0,81.22,24.0,76.17,40.0,73.36,56.0,"[7.0, 6.0, 76.8, 14.0, 0.0, 1.0, 1.0, 5.0, 80.39, 26.0, 81.22, 24.0, 76.17, 40.0, 73.36, 56.0]",https://sagarin.com/sports/cfsend.htm,2026-07-29T12:37:06Z,preformatted text parse; rating components parsed from Sagarin fields
2026-07-29,2026,Sagarin,Auburn,Auburn,29,79.03,5.0,7.0,75.0,27.0,81.14,24.0,77.49,35.0,78.44,26.0,77.72,36.0,"[5.0, 7.0, 75.0, 27.0, 0.0, 1.0, 0.0, 6.0, 81.14, 24.0, 77.49, 35.0, 78.44, 26.0, 77.72, 36.0]",https://sagarin.com/sports/cfsend.htm,2026-07-29T12:37:06Z,preformatted text parse; rating components parsed from Sagarin fields
2026-07-29,2026,Sagarin,Virginia,Virginia,30,78.95,11.0,3.0,70.9,58.0,78.54,34.0,79.66,28.0,78.36,27.0,80.4,25.0,"[11.0, 3.0, 70.9, 58.0, 0.0, 0.0, 2.0, 0.0, 78.54, 34.0, 79.66, 28.0, 78.36, 27.0, 80.4, 25.0]",https://sagarin.com/sports/cfsend.htm,2026-07-29T12:37:06Z,preformatted text parse; rating components parsed from Sagarin fields
2026-07-29,2026,Sagarin,Arizona,Arizona,31,78.6,9.0,4.0,70.67,60.0,77.81,36.0,76.69,37.0,81.31,20.0,85.11,14.0,"[9.0, 4.0, 70.67, 60.0, 0.0, 0.0, 0.0, 2.0, 77.81, 36.0, 76.69, 37.0, 81.31, 20.0, 85.11, 14.0, 12.0]",https://sagarin.com/sports/cfsend.htm,2026-07-29T12:37:06Z,preformatted text parse; rating components parsed from Sagarin fields
2026-07-29,2026,Sagarin,NC State,NC State,32,78.11,8.0,5.0,74.14,35.0,77.97,35.0,77.95,34.0,78.07,28.0,79.71,26.0,"[8.0, 5.0, 74.14, 35.0, 0.0, 2.0, 1.0, 2.0, 77.97, 35.0, 77.95, 34.0, 78.07, 28.0, 79.71, 26.0]",https://sagarin.com/sports/cfsend.htm,2026-07-29T12:37:06Z,preformatted text parse; rating components parsed from Sagarin fields
2026-07-29,2026,Sagarin,Pittsburgh,Pittsburgh,33,77.68,8.0,5.0,72.17,49.0,78.6,32.0,77.96,33.0,76.3,38.0,75.46,44.0,"[8.0, 5.0, 72.17, 49.0, 0.0, 2.0, 0.0, 3.0, 78.6, 32.0, 77.96, 33.0, 76.3, 38.0, 75.46, 44.0]",https://sagarin.com/sports/cfsend.htm,2026-07-29T12:37:06Z,preformatted text parse; rating components parsed from Sagarin fields
2026-07-29,2026,Sagarin,South Carolina,South Carolina,34,77.59,4.0,8.0,77.06,12.0,79.65,28.0,75.83,44.0,77.25,33.0,75.58,42.0,"[4.0, 8.0, 77.06, 12.0, 0.0, 1.0, 0.0, 8.0, 79.65, 28.0, 75.83, 44.0, 77.25, 33.0, 75.58, 42.0]",https://sagarin.com/sports/cfsend.htm,2026-07-29T12:37:06Z,preformatted text parse; rating components parsed from Sagarin fields
2026-07-29,2026,Sagarin,South Florida,South Florida,35,77.58,9.0,4.0,66.6,73.0,77.32,38.0,76.3,42.0,78.85,24.0,81.14,22.0,"[9.0, 4.0, 66.6, 73.0, 0.0, 1.0, 0.0, 1.0, 77.32, 38.0, 76.3, 42.0, 78.85, 24.0, 81.14, 22.0]",https://sagarin.com/sports/cfsend.htm,2026-07-29T12:37:06Z,preformatted text parse; rating components parsed from Sagarin fields
2026-07-29,2026,Sagarin,TCU,TCU,36,77.31,9.0,4.0,72.76,43.0,76.51,41.0,78.3,31.0,76.81,36.0,77.68,37.0,"[9.0, 4.0, 72.76, 43.0, 0.0, 0.0, 2.0, 1.0, 76.51, 41.0, 78.3, 31.0, 76.81, 36.0, 77.68, 37.0, 12.0]",https://sagarin.com/sports/cfsend.htm,2026-07-29T12:37:06Z,preformatted text parse; rating components parsed from Sagarin fields
2026-07-29,2026,Sagarin,Florida,Florida,37,76.94,4.0,8.0,79.54,3.0,79.04,31.0,76.63,38.0,75.16,46.0,73.42,55.0,"[4.0, 8.0, 79.54, 3.0, 0.0, 3.0, 1.0, 6.0, 79.04, 31.0, 76.63, 38.0, 75.16, 46.0, 73.42, 55.0]",https://sagarin.com/sports/cfsend.htm,2026-07-29T12:37:06Z,preformatted text parse; rating components parsed from Sagarin fields
2026-07-29,2026,Sagarin,Georgia Tech,Georgia Tech,38,76.82,9.0,4.0,71.39,56.0,77.33,37.0,77.98,32.0,75.02,48.0,74.05,53.0,"[9.0, 4.0, 71.39, 56.0, 0.0, 1.0, 1.0, 2.0, 77.33, 37.0, 77.98, 32.0, 75.02, 48.0, 74.05, 53.0]",https://sagarin.com/sports/cfsend.htm,2026-07-29T12:37:06Z,preformatted text parse; rating components parsed from Sagarin fields
2026-07-29,2026,Sagarin,Duke,Duke,39,76.71,9.0,5.0,72.37,46.0,76.53,40.0,76.42,39.0,76.83,35.0,78.48,32.0,"[9.0, 5.0, 72.37, 46.0, 0.0, 0.0, 2.0, 2.0, 76.53, 40.0, 76.42, 39.0, 76.83, 35.0, 78.48, 32.0]",https://sagarin.com/sports/cfsend.htm,2026-07-29T12:37:06Z,preformatted text parse; rating components parsed from Sagarin fields
2026-07-29,2026,Sagarin,North Dakota State,North Dakota State,40,76.17,12.0,1.0,53.29,156.0,76.86,39.0,78.37,30.0,73.43,54.0,74.48,49.0,"[12.0, 1.0, 53.29, 156.0, 0.0, 0.0, 0.0, 0.0, 76.86, 39.0, 78.37, 30.0, 73.43, 54.0, 74.48, 49.0]",https://sagarin.com/sports/cfsend.htm,2026-07-29T12:37:06Z,preformatted text parse; rating components parsed from Sagarin fields
2026-07-29,2026,Sagarin,Iowa State,Iowa State,41,76.11,8.0,4.0,71.52,55.0,76.02,43.0,76.9,36.0,75.14,47.0,74.61,47.0,"[8.0, 4.0, 71.52, 55.0, 0.0, 0.0, 1.0, 1.0, 76.02, 43.0, 76.9, 36.0, 75.14, 47.0, 74.61, 47.0, 12.0]",https://sagarin.com/sports/cfsend.htm,2026-07-29T12:37:06Z,preformatted text parse; rating components parsed from Sagarin fields
2026-07-29,2026,Sagarin,Kansas State,Kansas State,42,76.06,6.0,6.0,72.12,50.0,76.37,42.0,76.08,43.0,75.41,44.0,74.5,48.0,"[6.0, 6.0, 72.12, 50.0, 0.0, 2.0, 0.0, 2.0, 76.37, 42.0, 76.08, 43.0, 75.41, 44.0, 74.5, 48.0, 12.0]",https://sagarin.com/sports/cfsend.htm,2026-07-29T12:37:06Z,preformatted text parse; rating components parsed from Sagarin fields
2026-07-29,2026,Sagarin,Florida State,Florida State,43,75.8,5.0,7.0,74.15,33.0,78.54,33.0,75.14,48.0,73.86,52.0,72.5,60.0,"[5.0, 7.0, 74.15, 33.0, 0.0, 1.0, 1.0, 3.0, 78.54, 33.0, 75.14, 48.0, 73.86, 52.0, 72.5, 60.0]",https://sagarin.com/sports/cfsend.htm,2026-07-29T12:37:06Z,preformatted text parse; rating components parsed from Sagarin fields
2026-07-29,2026,Sagarin,North Texas,North Texas,44,75.44,12.0,2.0,64.0,85.0,74.43,47.0,75.24,46.0,76.33,37.0,78.44,34.0,"[12.0, 2.0, 64.0, 85.0, 0.0, 0.0, 0.0, 0.0, 74.43, 47.0, 75.24, 46.0, 76.33, 37.0, 78.44, 34.0]",https://sagarin.com/sports/cfsend.htm,2026-07-29T12:37:06Z,preformatted text parse; rating components parsed from Sagarin fields
2026-07-29,2026,Sagarin,Arizona State,Arizona State,45,75.33,8.0,5.0,72.96,40.0,75.19,45.0,76.38,40.0,74.16,50.0,72.57,59.0,"[8.0, 5.0, 72.96, 40.0, 1.0, 1.0, 1.0, 1.0, 75.19, 45.0, 76.38, 40.0, 74.16, 50.0, 72.57, 59.0, 12.0]",https://sagarin.com/sports/cfsend.htm,2026-07-29T12:37:06Z,preformatted text parse; rating components parsed from Sagarin fields
2026-07-29,2026,Sagarin,Houston,Houston,46,74.43,10.0,3.0,68.54,68.0,73.61,51.0,75.36,45.0,74.0,51.0,75.47,43.0,"[10.0, 3.0, 68.54, 68.0, 0.0, 1.0, 1.0, 1.0, 73.61, 51.0, 75.36, 45.0, 74.0, 51.0, 75.47, 43.0, 12.0]",https://sagarin.com/sports/cfsend.htm,2026-07-29T12:37:06Z,preformatted text parse; rating components parsed from Sagarin fields
2026-07-29,2026,Sagarin,Montana State,Montana State,47,74.42,14.0,2.0,55.31,149.0,74.15,48.0,75.15,47.0,73.64,53.0,74.39,50.0,"[14.0, 2.0, 55.31, 149.0, 0.0, 1.0, 0.0, 1.0, 74.15, 48.0, 75.15, 47.0, 73.64, 53.0, 74.39, 50.0]",https://sagarin.com/sports/cfsend.htm,2026-07-29T12:37:06Z,preformatted text parse; rating components parsed from Sagarin fields
2026-07-29,2026,Sagarin,Old Dominion,Old Dominion,48,74.31,10.0,3.0,61.52,102.0,73.88,49.0,73.31,52.0,75.43,43.0,78.63,30.0,"[10.0, 3.0, 61.52, 102.0, 0.0, 1.0, 0.0, 2.0, 73.88, 49.0, 73.31, 52.0, 75.43, 43.0, 78.63, 30.0]",https://sagarin.com/sports/cfsend.htm,2026-07-29T12:37:06Z,preformatted text parse; rating components parsed from Sagarin fields
2026-07-29,2026,Sagarin,Wisconsin,Wisconsin,49,73.99,4.0,8.0,80.58,1.0,74.76,46.0,72.03,55.0,74.98,49.0,74.32,51.0,"[4.0, 8.0, 80.58, 1.0, 0.0, 3.0, 2.0, 6.0, 74.76, 46.0, 72.03, 55.0, 74.98, 49.0, 74.32, 51.0]",https://sagarin.com/sports/cfsend.htm,2026-07-29T12:37:06Z,preformatted text parse; rating components parsed from Sagarin fields
2026-07-29,2026,Sagarin,Tulane,Tulane,50,73.98,11.0,3.0,68.44,69.0,72.17,59.0,76.3,41.0,73.36,55.0,72.97,57.0,"[11.0, 3.0, 68.44, 69.0, 0.0, 2.0, 0.0, 2.0, 72.17, 59.0, 76.3, 41.0, 73.36, 55.0, 72.97, 57.0]",https://sagarin.com/sports/cfsend.htm,2026-07-29T12:37:06Z,preformatted text parse; rating components parsed from Sagarin fields
2026-07-29,2026,Sagarin,Wake Forest,Wake Forest,51,73.91,9.0,4.0,68.97,66.0,73.32,54.0,72.85,54.0,75.26,45.0,78.59,31.0,"[9.0, 4.0, 68.97, 66.0, 0.0, 0.0, 2.0, 0.0, 73.32, 54.0, 72.85, 54.0, 75.26, 45.0, 78.59, 31.0]",https://sagarin.com/sports/cfsend.htm,2026-07-29T12:37:06Z,preformatted text parse; rating components parsed from Sagarin fields
2026-07-29,2026,Sagarin,East Carolina,East Carolina,52,73.52,9.0,4.0,65.02,80.0,72.57,57.0,71.68,57.0,76.21,39.0,78.94,29.0,"[9.0, 4.0, 65.02, 80.0, 0.0, 0.0, 0.0, 1.0, 72.57, 57.0, 71.68, 57.0, 76.21, 39.0, 78.94, 29.0]",https://sagarin.com/sports/cfsend.htm,2026-07-29T12:37:06Z,preformatted text parse; rating components parsed from Sagarin fields
2026-07-29,2026,Sagarin,Minnesota,Minnesota,53,73.35,8.0,5.0,70.87,59.0,72.58,56.0,74.19,50.0,72.96,56.0,71.47,65.0,"[8.0, 5.0, 70.87, 59.0, 0.0, 2.0, 0.0, 3.0, 72.58, 56.0, 74.19, 50.0, 72.96, 56.0, 71.47, 65.0]",https://sagarin.com/sports/cfsend.htm,2026-07-29T12:37:06Z,preformatted text parse; rating components parsed from Sagarin fields
2026-07-29,2026,Sagarin,Nebraska,Nebraska,54,73.22,7.0,6.0,72.87,41.0,73.78,50.0,73.64,51.0,71.97,63.0,68.47,73.0,"[7.0, 6.0, 72.87, 41.0, 0.0, 2.0, 0.0, 5.0, 73.78, 50.0, 73.64, 51.0, 71.97, 63.0, 68.47, 73.0]",https://sagarin.com/sports/cfsend.htm,2026-07-29T12:37:06Z,preformatted text parse; rating components parsed from Sagarin fields
2026-07-29,2026,Sagarin,Toledo,Toledo,55,73.01,8.0,5.0,59.88,114.0,73.34,53.0,69.72,65.0,76.16,41.0,79.2,28.0,"[8.0, 5.0, 59.88, 114.0, 0.0, 0.0, 0.0, 1.0, 73.34, 53.0, 69.72, 65.0, 76.16, 41.0, 79.2, 28.0]",https://sagarin.com/sports/cfsend.htm,2026-07-29T12:37:06Z,preformatted text parse; rating components parsed from Sagarin fields
2026-07-29,2026,Sagarin,Northwestern,Northwestern,56,72.98,7.0,6.0,72.21,48.0,72.8,55.0,70.45,60.0,75.68,42.0,78.46,33.0,"[7.0, 6.0, 72.21, 48.0, 1.0, 1.0, 1.0, 4.0, 72.8, 55.0, 70.45, 60.0, 75.68, 42.0, 78.46, 33.0]",https://sagarin.com/sports/cfsend.htm,2026-07-29T12:37:06Z,preformatted text parse; rating components parsed from Sagarin fields
2026-07-29,2026,Sagarin,Washington State,Washington State,57,72.91,7.0,6.0,68.7,67.0,71.67,64.0,70.24,61.0,77.09,34.0,81.17,21.0,"[7.0, 6.0, 68.7, 67.0, 0.0, 1.0, 0.0, 4.0, 71.67, 64.0, 70.24, 61.0, 77.09, 34.0, 81.17, 21.0, -12.0]",https://sagarin.com/sports/cfsend.htm,2026-07-29T12:37:06Z,preformatted text parse; rating components parsed from Sagarin fields
2026-07-29,2026,Sagarin,Kentucky,Kentucky,58,72.64,5.0,7.0,78.13,8.0,73.53,52.0,73.29,53.0,70.89,67.0,69.45,71.0,"[5.0, 7.0, 78.13, 8.0, 0.0, 2.0, 1.0, 6.0, 73.53, 52.0, 73.29, 53.0, 70.89, 67.0, 69.45, 71.0]",https://sagarin.com/sports/cfsend.htm,2026-07-29T12:37:06Z,preformatted text parse; rating components parsed from Sagarin fields
2026-07-29,2026,Sagarin,Navy,Navy,59,72.43,11.0,2.0,63.1,93.0,70.15,67.0,74.31,49.0,72.66,57.0,73.86,54.0,"[11.0, 2.0, 63.1, 93.0, 0.0, 1.0, 0.0, 1.0, 70.15, 67.0, 74.31, 49.0, 72.66, 57.0, 73.86, 54.0]",https://sagarin.com/sports/cfsend.htm,2026-07-29T12:37:06Z,preformatted text parse; rating components parsed from Sagarin fields
2026-07-29,2026,Sagarin,Arkansas,Arkansas,60,72.4,2.0,10.0,77.58,9.0,75.47,44.0,70.16,62.0,71.68,65.0,69.57,70.0,"[2.0, 10.0, 77.58, 9.0, 0.0, 2.0, 0.0, 8.0, 75.47, 44.0, 70.16, 62.0, 71.68, 65.0, 69.57, 70.0]",https://sagarin.com/sports/cfsend.htm,2026-07-29T12:37:06Z,preformatted text parse; rating components parsed from Sagarin fields
2026-07-29,2026,Sagarin,Boise State,Boise State,61,72.26,9.0,5.0,65.74,77.0,72.06,61.0,71.97,56.0,72.38,61.0,71.63,64.0,"[9.0, 5.0, 65.74, 77.0, 0.0, 1.0, 0.0, 2.0, 72.06, 61.0, 71.97, 56.0, 72.38, 61.0, 71.63, 64.0]",https://sagarin.com/sports/cfsend.htm,2026-07-29T12:37:06Z,preformatted text parse; rating components parsed from Sagarin fields
2026-07-29,2026,Sagarin,Rutgers,Rutgers,62,71.8,5.0,7.0,75.61,23.0,71.73,63.0,70.8,58.0,72.53,60.0,71.82,63.0,"[5.0, 7.0, 75.61, 23.0, 0.0, 3.0, 0.0, 6.0, 71.73, 63.0, 70.8, 58.0, 72.53, 60.0, 71.82, 63.0]",https://sagarin.com/sports/cfsend.htm,2026-07-29T12:37:06Z,preformatted text parse; rating components parsed from Sagarin fields
2026-07-29,2026,Sagarin,Michigan State,Michigan State,63,71.31,4.0,8.0,75.0,28.0,72.5,58.0,68.75,71.0,72.57,59.0,72.38,62.0,"[4.0, 8.0, 75.0, 28.0, 0.0, 2.0, 0.0, 5.0, 72.5, 58.0, 68.75, 71.0, 72.57, 59.0, 72.38, 62.0]",https://sagarin.com/sports/cfsend.htm,2026-07-29T12:37:06Z,preformatted text parse; rating components parsed from Sagarin fields
2026-07-29,2026,Sagarin,UTSA,UTSA,64,71.18,7.0,6.0,64.41,84.0,72.08,60.0,69.9,64.0,71.27,66.0,72.48,61.0,"[7.0, 6.0, 64.41, 84.0, 0.0, 0.0, 0.0, 1.0, 72.08, 60.0, 69.9, 64.0, 71.27, 66.0, 72.48, 61.0]",https://sagarin.com/sports/cfsend.htm,2026-07-29T12:37:06Z,preformatted text parse; rating components parsed from Sagarin fields
2026-07-29,2026,Sagarin,Kansas,Kansas,65,70.84,5.0,7.0,71.73,54.0,70.91,65.0,69.49,67.0,71.83,64.0,70.58,68.0,"[5.0, 7.0, 71.73, 54.0, 0.0, 2.0, 0.0, 3.0, 70.91, 65.0, 69.49, 67.0, 71.83, 64.0, 70.58, 68.0, 12.0]",https://sagarin.com/sports/cfsend.htm,2026-07-29T12:37:06Z,preformatted text parse; rating components parsed from Sagarin fields
2026-07-29,2026,Sagarin,Cincinnati,Cincinnati,66,70.1,7.0,6.0,70.07,63.0,70.02,68.0,70.76,59.0,69.21,70.0,66.46,83.0,"[7.0, 6.0, 70.07, 63.0, 0.0, 1.0, 0.0, 2.0, 70.02, 68.0, 70.76, 59.0, 69.21, 70.0, 66.46, 83.0, 12.0]",https://sagarin.com/sports/cfsend.htm,2026-07-29T12:37:06Z,preformatted text parse; rating components parsed from Sagarin fields
2026-07-29,2026,Sagarin,Mississippi State,Mississippi State,67,69.95,5.0,8.0,75.85,19.0,71.78,62.0,69.27,68.0,68.63,73.0,66.85,81.0,"[5.0, 8.0, 75.85, 19.0, 0.0, 2.0, 0.0, 6.0, 71.78, 62.0, 69.27, 68.0, 68.63, 73.0, 66.85, 81.0]",https://sagarin.com/sports/cfsend.htm,2026-07-29T12:37:06Z,preformatted text parse; rating components parsed from Sagarin fields
2026-07-29,2026,Sagarin,Baylor,Baylor,68,69.76,5.0,7.0,73.01,39.0,70.66,66.0,69.98,63.0,68.36,75.0,65.01,90.0,"[5.0, 7.0, 73.01, 39.0, 0.0, 1.0, 1.0, 2.0, 70.66, 66.0, 69.98, 63.0, 68.36, 75.0, 65.01, 90.0, 12.0]",https://sagarin.com/sports/cfsend.htm,2026-07-29T12:37:06Z,preformatted text parse; rating components parsed from Sagarin fields
2026-07-29,2026,Sagarin,San Diego State,San Diego State,69,69.42,9.0,4.0,62.42,97.0,67.74,76.0,67.81,74.0,72.62,58.0,75.05,45.0,"[9.0, 4.0, 62.42, 97.0, 0.0, 0.0, 0.0, 0.0, 67.74, 76.0, 67.81, 74.0, 72.62, 58.0, 75.05, 45.0]",https://sagarin.com/sports/cfsend.htm,2026-07-29T12:37:06Z,preformatted text parse; rating components parsed from Sagarin fields
2026-07-29,2026,Sagarin,Memphis,Memphis,70,68.97,8.0,5.0,63.45,89.0,68.98,70.0,68.87,70.0,68.7,72.0,67.15,80.0,"[8.0, 5.0, 63.45, 89.0, 0.0, 0.0, 0.0, 0.0, 68.98, 70.0, 68.87, 70.0, 68.7, 72.0, 67.15, 80.0]",https://sagarin.com/sports/cfsend.htm,2026-07-29T12:37:06Z,preformatted text parse; rating components parsed from Sagarin fields
2026-07-29,2026,Sagarin,Western Michigan,Western Michigan,71,68.87,10.0,4.0,61.19,105.0,67.24,80.0,67.12,77.0,72.2,62.0,75.01,46.0,"[10.0, 4.0, 61.19, 105.0, 0.0, 0.0, 0.0, 1.0, 67.24, 80.0, 67.12, 77.0, 72.2, 62.0, 75.01, 46.0]",https://sagarin.com/sports/cfsend.htm,2026-07-29T12:37:06Z,preformatted text parse; rating components parsed from Sagarin fields
2026-07-29,2026,Sagarin,Army,Army West Point,72,68.76,7.0,6.0,66.19,76.0,67.65,79.0,68.06,72.0,70.27,68.0,71.42,66.0,"[7.0, 6.0, 66.19, 76.0, 0.0, 0.0, 0.0, 0.0, 67.65, 79.0, 68.06, 72.0, 70.27, 68.0, 71.42, 66.0]",https://sagarin.com/sports/cfsend.htm,2026-07-29T12:37:06Z,preformatted text parse; rating components parsed from Sagarin fields
2026-07-29,2026,Sagarin,Montana,Montana,73,68.36,13.0,2.0,53.3,155.0,67.66,78.0,69.62,66.0,67.51,80.0,68.73,72.0,"[13.0, 2.0, 53.3, 155.0, 0.0, 0.0, 0.0, 0.0, 67.66, 78.0, 69.62, 66.0, 67.51, 80.0, 68.73, 72.0]",https://sagarin.com/sports/cfsend.htm,2026-07-29T12:37:06Z,preformatted text parse; rating components parsed from Sagarin fields
2026-07-29,2026,Sagarin,UNLV,UNLV,74,68.3,10.0,4.0,62.03,100.0,67.76,75.0,69.13,69.0,67.68,79.0,67.15,79.0,"[10.0, 4.0, 62.03, 100.0, 0.0, 0.0, 0.0, 0.0, 67.76, 75.0, 69.13, 69.0, 67.68, 79.0, 67.15, 79.0]",https://sagarin.com/sports/cfsend.htm,2026-07-29T12:37:06Z,preformatted text parse; rating components parsed from Sagarin fields
2026-07-29,2026,Sagarin,Virginia Tech,Virginia Tech,75,68.05,3.0,9.0,76.21,17.0,69.85,69.0,66.94,78.0,67.16,84.0,64.1,94.0,"[3.0, 9.0, 76.21, 17.0, 0.0, 1.0, 0.0, 4.0, 69.85, 69.0, 66.94, 78.0, 67.16, 84.0, 64.1, 94.0]",https://sagarin.com/sports/cfsend.htm,2026-07-29T12:37:06Z,preformatted text parse; rating components parsed from Sagarin fields
2026-07-29,2026,Sagarin,California,California,76,67.89,7.0,6.0,69.97,64.0,67.7,77.0,67.82,73.0,67.78,78.0,67.8,75.0,"[7.0, 6.0, 69.97, 64.0, 0.0, 0.0, 2.0, 1.0, 67.7, 77.0, 67.82, 73.0, 67.78, 78.0, 67.8, 75.0]",https://sagarin.com/sports/cfsend.htm,2026-07-29T12:37:06Z,preformatted text parse; rating components parsed from Sagarin fields
2026-07-29,2026,Sagarin,Texas State,Texas State,77,67.79,7.0,6.0,60.16,111.0,68.59,71.0,67.43,76.0,67.05,85.0,67.72,76.0,"[7.0, 6.0, 60.16, 111.0, 0.0, 0.0, 0.0, 1.0, 68.59, 71.0, 67.43, 76.0, 67.05, 85.0, 67.72, 76.0]",https://sagarin.com/sports/cfsend.htm,2026-07-29T12:37:06Z,preformatted text parse; rating components parsed from Sagarin fields
2026-07-29,2026,Sagarin,Stanford,Stanford,78,67.74,4.0,8.0,75.43,25.0,67.78,74.0,66.67,81.0,68.43,74.0,66.78,82.0,"[4.0, 8.0, 75.43, 25.0, 0.0, 2.0, 0.0, 5.0, 67.78, 74.0, 66.67, 81.0, 68.43, 74.0, 66.78, 82.0]",https://sagarin.com/sports/cfsend.htm,2026-07-29T12:37:06Z,preformatted text parse; rating components parsed from Sagarin fields
2026-07-29,2026,Sagarin,UCLA,UCLA,79,67.71,3.0,9.0,78.97,6.0,67.98,72.0,67.59,75.0,67.22,82.0,62.88,103.0,"[3.0, 9.0, 78.97, 6.0, 1.0, 3.0, 1.0, 5.0, 67.98, 72.0, 67.59, 75.0, 67.22, 82.0, 62.88, 103.0]",https://sagarin.com/sports/cfsend.htm,2026-07-29T12:37:06Z,preformatted text parse; rating components parsed from Sagarin fields
2026-07-29,2026,Sagarin,Fresno State,Fresno State,80,66.85,9.0,4.0,60.52,109.0,66.41,84.0,65.52,86.0,68.32,76.0,70.59,67.0,"[9.0, 4.0, 60.52, 109.0, 0.0, 0.0, 0.0, 0.0, 66.41, 84.0, 65.52, 86.0, 68.32, 76.0, 70.59, 67.0]",https://sagarin.com/sports/cfsend.htm,2026-07-29T12:37:06Z,preformatted text parse; rating components parsed from Sagarin fields
2026-07-29,2026,Sagarin,New Mexico,New Mexico,81,66.81,9.0,4.0,63.63,88.0,64.65,90.0,65.99,83.0,69.62,69.0,72.76,58.0,"[9.0, 4.0, 63.63, 88.0, 0.0, 0.0, 0.0, 1.0, 64.65, 90.0, 65.99, 83.0, 69.62, 69.0, 72.76, 58.0]",https://sagarin.com/sports/cfsend.htm,2026-07-29T12:37:06Z,preformatted text parse; rating components parsed from Sagarin fields
2026-07-29,2026,Sagarin,Tarleton State,Tarleton State,82,66.62,12.0,2.0,49.44,173.0,66.5,83.0,66.31,82.0,66.68,87.0,67.62,77.0,"[12.0, 2.0, 49.44, 173.0, 0.0, 0.0, 0.0, 0.0, 66.5, 83.0, 66.31, 82.0, 66.68, 87.0, 67.62, 77.0]",https://sagarin.com/sports/cfsend.htm,2026-07-29T12:37:06Z,preformatted text parse; rating components parsed from Sagarin fields
2026-07-29,2026,Sagarin,Central Florida,Central Florida,83,66.51,5.0,7.0,68.34,70.0,66.26,85.0,65.71,85.0,67.2,83.0,64.63,91.0,"[5.0, 7.0, 68.34, 70.0, 0.0, 1.0, 0.0, 2.0, 66.26, 85.0, 65.71, 85.0, 67.2, 83.0, 64.63, 91.0, 12.0]",https://sagarin.com/sports/cfsend.htm,2026-07-29T12:37:06Z,preformatted text parse; rating components parsed from Sagarin fields
2026-07-29,2026,Sagarin,Hawaii,Hawai'i,84,66.48,9.0,4.0,60.85,107.0,64.9,87.0,66.7,80.0,67.5,81.0,68.42,74.0,"[9.0, 4.0, 60.85, 107.0, 0.0, 0.0, 0.0, 0.0, 64.9, 87.0, 66.7, 80.0, 67.5, 81.0, 68.42, 74.0]",https://sagarin.com/sports/cfsend.htm,2026-07-29T12:37:06Z,preformatted text parse; rating components parsed from Sagarin fields
2026-07-29,2026,Sagarin,Maryland,Maryland,85,66.22,4.0,8.0,72.08,51.0,66.79,82.0,65.71,84.0,65.81,90.0,63.15,100.0,"[4.0, 8.0, 72.08, 51.0, 0.0, 1.0, 0.0, 4.0, 66.79, 82.0, 65.71, 84.0, 65.81, 90.0, 63.15, 100.0]",https://sagarin.com/sports/cfsend.htm,2026-07-29T12:37:06Z,preformatted text parse; rating components parsed from Sagarin fields
2026-07-29,2026,Sagarin,Ohio,Ohio,86,66.0,9.0,4.0,59.24,123.0,65.15,86.0,66.79,79.0,65.72,91.0,66.34,84.0,"[9.0, 4.0, 59.24, 123.0, 0.0, 1.0, 0.0, 1.0, 65.15, 86.0, 66.79, 79.0, 65.72, 91.0, 66.34, 84.0]",https://sagarin.com/sports/cfsend.htm,2026-07-29T12:37:06Z,preformatted text parse; rating components parsed from Sagarin fields
2026-07-29,2026,Sagarin,Illinois State,Illinois State,87,65.99,12.0,5.0,58.13,130.0,64.01,94.0,64.99,90.0,68.75,71.0,74.27,52.0,"[12.0, 5.0, 58.13, 130.0, 0.0, 0.0, 0.0, 1.0, 64.01, 94.0, 64.99, 90.0, 68.75, 71.0, 74.27, 52.0]",https://sagarin.com/sports/cfsend.htm,2026-07-29T12:37:06Z,preformatted text parse; rating components parsed from Sagarin fields
2026-07-29,2026,Sagarin,Boston College,Boston College,88,65.92,2.0,10.0,72.65,44.0,67.91,73.0,63.28,95.0,66.39,88.0,65.69,87.0,"[2.0, 10.0, 72.65, 44.0, 0.0, 1.0, 0.0, 4.0, 67.91, 73.0, 63.28, 95.0, 66.39, 88.0, 65.69, 87.0]",https://sagarin.com/sports/cfsend.htm,2026-07-29T12:37:06Z,preformatted text parse; rating components parsed from Sagarin fields
2026-07-29,2026,Sagarin,West Virginia,West Virginia,89,65.82,4.0,8.0,74.14,34.0,64.84,88.0,65.48,87.0,66.8,86.0,66.0,85.0,"[4.0, 8.0, 74.14, 34.0, 0.0, 2.0, 0.0, 3.0, 64.84, 88.0, 65.48, 87.0, 66.8, 86.0, 66.0, 85.0, 12.0]",https://sagarin.com/sports/cfsend.htm,2026-07-29T12:37:06Z,preformatted text parse; rating components parsed from Sagarin fields
2026-07-29,2026,Sagarin,North Carolina,North Carolina,90,65.57,4.0,8.0,69.62,65.0,66.81,81.0,65.18,89.0,64.41,95.0,62.66,106.0,"[4.0, 8.0, 69.62, 65.0, 0.0, 0.0, 0.0, 2.0, 66.81, 81.0, 65.18, 89.0, 64.41, 95.0, 62.66, 106.0]",https://sagarin.com/sports/cfsend.htm,2026-07-29T12:37:06Z,preformatted text parse; rating components parsed from Sagarin fields
2026-07-29,2026,Sagarin,Utah State,Utah State,91,65.39,6.0,7.0,65.55,78.0,64.79,89.0,62.88,96.0,68.32,77.0,69.77,69.0,"[6.0, 7.0, 65.55, 78.0, 0.0, 0.0, 0.0, 2.0, 64.79, 89.0, 62.88, 96.0, 68.32, 77.0, 69.77, 69.0]",https://sagarin.com/sports/cfsend.htm,2026-07-29T12:37:06Z,preformatted text parse; rating components parsed from Sagarin fields
2026-07-29,2026,Sagarin,Connecticut,Connecticut,92,64.96,9.0,4.0,58.37,128.0,64.01,95.0,65.43,88.0,65.08,94.0,64.22,93.0,"[9.0, 4.0, 58.37, 128.0, 0.0, 0.0, 0.0, 0.0, 64.01, 95.0, 65.43, 88.0, 65.08, 94.0, 64.22, 93.0]",https://sagarin.com/sports/cfsend.htm,2026-07-29T12:37:06Z,preformatted text parse; rating components parsed from Sagarin fields
2026-07-29,2026,Sagarin,Colorado,Colorado,93,64.9,3.0,9.0,73.7,36.0,64.44,91.0,64.5,92.0,65.42,92.0,62.92,101.0,"[3.0, 9.0, 73.7, 36.0, 0.0, 1.0, 0.0, 2.0, 64.44, 91.0, 64.5, 92.0, 65.42, 92.0, 62.92, 101.0, 12.0]",https://sagarin.com/sports/cfsend.htm,2026-07-29T12:37:06Z,preformatted text parse; rating components parsed from Sagarin fields
2026-07-29,2026,Sagarin,Western Kentucky,Western Kentucky,94,63.73,9.0,4.0,57.04,140.0,62.42,99.0,62.48,99.0,65.99,89.0,67.59,78.0,"[9.0, 4.0, 57.04, 140.0, 0.0, 0.0, 0.0, 1.0, 62.42, 99.0, 62.48, 99.0, 65.99, 89.0, 67.59, 78.0]",https://sagarin.com/sports/cfsend.htm,2026-07-29T12:37:06Z,preformatted text parse; rating components parsed from Sagarin fields
2026-07-29,2026,Sagarin,North Dakota,North Dakota,95,63.67,8.0,6.0,57.13,138.0,64.39,92.0,63.96,93.0,62.34,101.0,63.53,98.0,"[8.0, 6.0, 57.13, 138.0, 0.0, 0.0, 0.0, 0.0, 64.39, 92.0, 63.96, 93.0, 62.34, 101.0, 63.53, 98.0]",https://sagarin.com/sports/cfsend.htm,2026-07-29T12:37:06Z,preformatted text parse; rating components parsed from Sagarin fields
2026-07-29,2026,Sagarin,Purdue,Purdue,96,63.58,2.0,10.0,79.46,4.0,64.24,93.0,60.93,107.0,65.3,93.0,63.33,99.0,"[2.0, 10.0, 79.46, 4.0, 0.0, 3.0, 0.0, 7.0, 64.24, 93.0, 60.93, 107.0, 65.3, 93.0, 63.33, 99.0]",https://sagarin.com/sports/cfsend.htm,2026-07-29T12:37:06Z,preformatted text parse; rating components parsed from Sagarin fields
2026-07-29,2026,Sagarin,Miami-OH,Miami-Ohio,97,62.83,7.0,7.0,62.54,95.0,62.63,97.0,62.23,100.0,63.29,99.0,62.75,104.0,"[7.0, 7.0, 62.54, 95.0, 0.0, 0.0, 0.0, 0.0, 62.63, 97.0, 62.23, 100.0, 63.29, 99.0, 62.75, 104.0]",https://sagarin.com/sports/cfsend.htm,2026-07-29T12:37:06Z,preformatted text parse; rating components parsed from Sagarin fields
2026-07-29,2026,Sagarin,Louisiana Tech,Louisiana Tech,98,62.17,8.0,5.0,57.8,133.0,60.8,103.0,61.55,105.0,63.84,96.0,65.35,88.0,"[8.0, 5.0, 57.8, 133.0, 0.0, 0.0, 0.0, 1.0, 60.8, 103.0, 61.55, 105.0, 63.84, 96.0, 65.35, 88.0]",https://sagarin.com/sports/cfsend.htm,2026-07-29T12:37:06Z,preformatted text parse; rating components parsed from Sagarin fields
2026-07-29,2026,Sagarin,South Dakota State,South Dakota State,99,62.08,9.0,5.0,56.12,145.0,63.33,96.0,64.75,91.0,58.02,128.0,56.23,136.0,"[9.0, 5.0, 56.12, 145.0, 0.0, 0.0, 0.0, 0.0, 63.33, 96.0, 64.75, 91.0, 58.02, 128.0, 56.23, 136.0]",https://sagarin.com/sports/cfsend.htm,2026-07-29T12:37:06Z,preformatted text parse; rating components parsed from Sagarin fields
2026-07-29,2026,Sagarin,Stephen F. Austin,Stephen F. Austin,100,61.99,11.0,3.0,49.12,178.0,60.69,104.0,61.6,103.0,63.35,98.0,65.97,86.0,"[11.0, 3.0, 49.12, 178.0, 0.0, 0.0, 0.0, 0.0, 60.69, 104.0, 61.6, 103.0, 63.35, 98.0, 65.97, 86.0]",https://sagarin.com/sports/cfsend.htm,2026-07-29T12:37:06Z,preformatted text parse; rating components parsed from Sagarin fields
2026-07-29,2026,Sagarin,Troy,Troy,101,61.83,8.0,6.0,61.38,103.0,60.85,102.0,62.11,101.0,62.19,103.0,62.15,108.0,"[8.0, 6.0, 61.38, 103.0, 0.0, 0.0, 0.0, 2.0, 60.85, 102.0, 62.11, 101.0, 62.19, 103.0, 62.15, 108.0]",https://sagarin.com/sports/cfsend.htm,2026-07-29T12:37:06Z,preformatted text parse; rating components parsed from Sagarin fields
2026-07-29,2026,Sagarin,Villanova,Villanova,102,61.47,12.0,3.0,50.73,166.0,60.29,107.0,62.73,97.0,61.05,111.0,62.32,107.0,"[12.0, 3.0, 50.73, 166.0, 0.0, 1.0, 0.0, 1.0, 60.29, 107.0, 62.73, 97.0, 61.05, 111.0, 62.32, 107.0]",https://sagarin.com/sports/cfsend.htm,2026-07-29T12:37:06Z,preformatted text parse; rating components parsed from Sagarin fields
2026-07-29,2026,Sagarin,Syracuse,Syracuse,103,61.15,3.0,9.0,75.69,22.0,62.42,98.0,63.4,94.0,57.4,134.0,51.92,162.0,"[3.0, 9.0, 75.69, 22.0, 0.0, 2.0, 1.0, 4.0, 62.42, 98.0, 63.4, 94.0, 57.4, 134.0, 51.92, 162.0]",https://sagarin.com/sports/cfsend.htm,2026-07-29T12:37:06Z,preformatted text parse; rating components parsed from Sagarin fields
2026-07-29,2026,Sagarin,Georgia Southern,Georgia Southern,104,60.94,7.0,6.0,61.14,106.0,59.74,108.0,61.56,104.0,61.17,108.0,61.11,113.0,"[7.0, 6.0, 61.14, 106.0, 0.0, 0.0, 0.0, 2.0, 59.74, 108.0, 61.56, 104.0, 61.17, 108.0, 61.11, 113.0]",https://sagarin.com/sports/cfsend.htm,2026-07-29T12:37:06Z,preformatted text parse; rating components parsed from Sagarin fields
2026-07-29,2026,Sagarin,Air Force,Air Force,105,60.9,4.0,8.0,63.23,92.0,60.58,105.0,58.18,119.0,63.65,97.0,64.34,92.0,"[4.0, 8.0, 63.23, 92.0, 0.0, 0.0, 0.0, 0.0, 60.58, 105.0, 58.18, 119.0, 63.65, 97.0, 64.34, 92.0]",https://sagarin.com/sports/cfsend.htm,2026-07-29T12:37:06Z,preformatted text parse; rating components parsed from Sagarin fields
2026-07-29,2026,Sagarin,Marshall,Marshall,106,60.5,5.0,7.0,61.22,104.0,61.16,101.0,60.96,106.0,59.05,121.0,57.97,127.0,"[5.0, 7.0, 61.22, 104.0, 0.0, 1.0, 0.0, 2.0, 61.16, 101.0, 60.96, 106.0, 59.05, 121.0, 57.97, 127.0]",https://sagarin.com/sports/cfsend.htm,2026-07-29T12:37:06Z,preformatted text parse; rating components parsed from Sagarin fields
2026-07-29,2026,Sagarin,Uc Davis,UC Davis,107,60.37,9.0,4.0,53.91,154.0,58.86,109.0,61.9,102.0,60.02,114.0,59.65,117.0,"[9.0, 4.0, 53.91, 154.0, 0.0, 0.0, 0.0, 1.0, 58.86, 109.0, 61.9, 102.0, 60.02, 114.0, 59.65, 117.0]",https://sagarin.com/sports/cfsend.htm,2026-07-29T12:37:06Z,preformatted text parse; rating components parsed from Sagarin fields
2026-07-29,2026,Sagarin,Southern Illinois,Southern Illinois,108,60.35,7.0,5.0,56.05,146.0,61.22,100.0,60.32,109.0,59.16,120.0,59.61,118.0,"[7.0, 5.0, 56.05, 146.0, 0.0, 0.0, 0.0, 0.0, 61.22, 100.0, 60.32, 109.0, 59.16, 120.0, 59.61, 118.0]",https://sagarin.com/sports/cfsend.htm,2026-07-29T12:37:06Z,preformatted text parse; rating components parsed from Sagarin fields
2026-07-29,2026,Sagarin,South Dakota,South Dakota,109,60.33,10.0,5.0,56.17,144.0,60.37,106.0,62.71,98.0,57.62,132.0,57.38,129.0,"[10.0, 5.0, 56.17, 144.0, 0.0, 0.0, 0.0, 0.0, 60.37, 106.0, 62.71, 98.0, 57.62, 132.0, 57.38, 129.0]",https://sagarin.com/sports/cfsend.htm,2026-07-29T12:37:06Z,preformatted text parse; rating components parsed from Sagarin fields
2026-07-29,2026,Sagarin,Jacksonville State,Jacksonville State,110,60.0,9.0,5.0,56.82,141.0,57.67,118.0,59.56,111.0,62.46,100.0,62.7,105.0,"[9.0, 5.0, 56.82, 141.0, 0.0, 0.0, 0.0, 0.0, 57.67, 118.0, 59.56, 111.0, 62.46, 100.0, 62.7, 105.0]",https://sagarin.com/sports/cfsend.htm,2026-07-29T12:37:06Z,preformatted text parse; rating components parsed from Sagarin fields
2026-07-29,2026,Sagarin,Arkansas State,Arkansas State,111,59.88,7.0,6.0,59.94,113.0,58.78,110.0,59.28,112.0,61.21,107.0,61.13,112.0,"[7.0, 6.0, 59.94, 113.0, 0.0, 0.0, 0.0, 0.0, 58.78, 110.0, 59.28, 112.0, 61.21, 107.0, 61.13, 112.0]",https://sagarin.com/sports/cfsend.htm,2026-07-29T12:37:06Z,preformatted text parse; rating components parsed from Sagarin fields
2026-07-29,2026,Sagarin,Kennesaw State,Kennesaw State,112,59.85,10.0,4.0,59.43,120.0,56.23,127.0,60.7,108.0,62.31,102.0,63.68,97.0,"[10.0, 4.0, 59.43, 120.0, 0.0, 1.0, 0.0, 1.0, 56.23, 127.0, 60.7, 108.0, 62.31, 102.0, 63.68, 97.0]",https://sagarin.com/sports/cfsend.htm,2026-07-29T12:37:06Z,preformatted text parse; rating components parsed from Sagarin fields
2026-07-29,2026,Sagarin,Temple,Temple,113,59.18,5.0,7.0,66.34,75.0,57.95,116.0,57.7,120.0,61.55,106.0,61.29,111.0,"[5.0, 7.0, 66.34, 75.0, 0.0, 0.0, 0.0, 1.0, 57.95, 116.0, 57.7, 120.0, 61.55, 106.0, 61.29, 111.0]",https://sagarin.com/sports/cfsend.htm,2026-07-29T12:37:06Z,preformatted text parse; rating components parsed from Sagarin fields
2026-07-29,2026,Sagarin,Yale,Yale,114,59.17,9.0,3.0,48.87,181.0,57.23,121.0,59.01,115.0,60.93,112.0,64.03,95.0,"[9.0, 3.0, 48.87, 181.0, 0.0, 0.0, 0.0, 0.0, 57.23, 121.0, 59.01, 115.0, 60.93, 112.0, 64.03, 95.0]",https://sagarin.com/sports/cfsend.htm,2026-07-29T12:37:06Z,preformatted text parse; rating components parsed from Sagarin fields
2026-07-29,2026,Sagarin,Central Michigan,Central Michigan,115,59.1,7.0,6.0,59.46,119.0,57.43,119.0,58.45,118.0,61.07,110.0,61.29,110.0,"[7.0, 6.0, 59.46, 119.0, 0.0, 0.0, 0.0, 1.0, 57.43, 119.0, 58.45, 118.0, 61.07, 110.0, 61.29, 110.0]",https://sagarin.com/sports/cfsend.htm,2026-07-29T12:37:06Z,preformatted text parse; rating components parsed from Sagarin fields
2026-07-29,2026,Sagarin,Lehigh,Lehigh,116,59.01,12.0,1.0,44.38,222.0,57.41,120.0,60.04,110.0,59.22,119.0,62.9,102.0,"[12.0, 1.0, 44.38, 222.0, 0.0, 0.0, 0.0, 0.0, 57.41, 120.0, 60.04, 110.0, 59.22, 119.0, 62.9, 102.0]",https://sagarin.com/sports/cfsend.htm,2026-07-29T12:37:06Z,preformatted text parse; rating components parsed from Sagarin fields
2026-07-29,2026,Sagarin,Southern Miss,Southern Miss,117,58.81,7.0,6.0,59.62,117.0,58.08,115.0,59.08,114.0,58.91,123.0,58.06,126.0,"[7.0, 6.0, 59.62, 117.0, 0.0, 0.0, 0.0, 0.0, 58.08, 115.0, 59.08, 114.0, 58.91, 123.0, 58.06, 126.0]",https://sagarin.com/sports/cfsend.htm,2026-07-29T12:37:06Z,preformatted text parse; rating components parsed from Sagarin fields
2026-07-29,2026,Sagarin,Youngstown State,Youngstown State,118,58.81,8.0,5.0,54.41,152.0,58.58,112.0,58.9,116.0,58.58,124.0,59.58,119.0,"[8.0, 5.0, 54.41, 152.0, 0.0, 0.0, 0.0, 0.0, 58.58, 112.0, 58.9, 116.0, 58.58, 124.0, 59.58, 119.0]",https://sagarin.com/sports/cfsend.htm,2026-07-29T12:37:06Z,preformatted text parse; rating components parsed from Sagarin fields
2026-07-29,2026,Sagarin,Louisiana,Louisiana-Lafayette,119,58.62,6.0,7.0,59.62,116.0,58.74,111.0,59.12,113.0,57.63,131.0,56.03,137.0,"[6.0, 7.0, 59.62, 116.0, 0.0, 0.0, 0.0, 2.0, 58.74, 111.0, 59.12, 113.0, 57.63, 131.0, 56.03, 137.0]",https://sagarin.com/sports/cfsend.htm,2026-07-29T12:37:06Z,preformatted text parse; rating components parsed from Sagarin fields
2026-07-29,2026,Sagarin,Florida International,Fla. International,120,58.4,7.0,6.0,58.44,127.0,56.51,123.0,57.19,122.0,61.17,109.0,62.06,109.0,"[7.0, 6.0, 58.44, 127.0, 0.0, 1.0, 0.0, 1.0, 56.51, 123.0, 57.19, 122.0, 61.17, 109.0, 62.06, 109.0]",https://sagarin.com/sports/cfsend.htm,2026-07-29T12:37:06Z,preformatted text parse; rating components parsed from Sagarin fields
2026-07-29,2026,Sagarin,Abilene Christian,Abilene Christian,121,58.34,9.0,5.0,54.57,150.0,56.31,126.0,56.53,127.0,61.87,104.0,65.06,89.0,"[9.0, 5.0, 54.57, 150.0, 0.0, 0.0, 0.0, 0.0, 56.31, 126.0, 56.53, 127.0, 61.87, 104.0, 65.06, 89.0]",https://sagarin.com/sports/cfsend.htm,2026-07-29T12:37:06Z,preformatted text parse; rating components parsed from Sagarin fields
2026-07-29,2026,Sagarin,Oklahoma State,Oklahoma State,122,58.25,1.0,11.0,71.97,53.0,58.1,114.0,54.55,137.0,61.77,105.0,61.09,114.0,"[1.0, 11.0, 71.97, 53.0, 0.0, 2.0, 0.0, 2.0, 58.1, 114.0, 54.55, 137.0, 61.77, 105.0, 61.09, 114.0, 12.0]",https://sagarin.com/sports/cfsend.htm,2026-07-29T12:37:06Z,preformatted text parse; rating components parsed from Sagarin fields
2026-07-29,2026,Sagarin,Liberty,Liberty,123,57.99,4.0,8.0,58.62,126.0,57.77,117.0,56.28,130.0,59.57,116.0,57.17,131.0,"[4.0, 8.0, 58.62, 126.0, 0.0, 0.0, 0.0, 1.0, 57.77, 117.0, 56.28, 130.0, 59.57, 116.0, 57.17, 131.0]",https://sagarin.com/sports/cfsend.htm,2026-07-29T12:37:06Z,preformatted text parse; rating components parsed from Sagarin fields
2026-07-29,2026,Sagarin,South Alabama,South Alabama,124,57.56,4.0,8.0,60.57,108.0,58.36,113.0,57.06,123.0,56.9,135.0,55.31,141.0,"[4.0, 8.0, 60.57, 108.0, 0.0, 0.0, 0.0, 1.0, 58.36, 113.0, 57.06, 123.0, 56.9, 135.0, 55.31, 141.0]",https://sagarin.com/sports/cfsend.htm,2026-07-29T12:37:06Z,preformatted text parse; rating components parsed from Sagarin fields
2026-07-29,2026,Sagarin,Missouri State,Missouri State,125,57.08,7.0,6.0,59.72,115.0,55.31,129.0,56.6,126.0,58.97,122.0,59.19,122.0,"[7.0, 6.0, 59.72, 115.0, 0.0, 0.0, 0.0, 2.0, 55.31, 129.0, 56.6, 126.0, 58.97, 122.0, 59.19, 122.0]",https://sagarin.com/sports/cfsend.htm,2026-07-29T12:37:06Z,preformatted text parse; rating components parsed from Sagarin fields
2026-07-29,2026,Sagarin,Oregon State,Oregon State,126,57.02,2.0,10.0,66.9,72.0,57.1,122.0,54.19,139.0,59.4,117.0,56.45,135.0,"[2.0, 10.0, 66.9, 72.0, 0.0, 2.0, 0.0, 2.0, 57.1, 122.0, 54.19, 139.0, 59.4, 117.0, 56.45, 135.0, -12.0]",https://sagarin.com/sports/cfsend.htm,2026-07-29T12:37:06Z,preformatted text parse; rating components parsed from Sagarin fields
2026-07-29,2026,Sagarin,Wyoming,Wyoming,127,56.93,4.0,8.0,62.26,98.0,56.39,124.0,55.85,132.0,58.2,126.0,55.86,138.0,"[4.0, 8.0, 62.26, 98.0, 0.0, 1.0, 0.0, 1.0, 56.39, 124.0, 55.85, 132.0, 58.2, 126.0, 55.86, 138.0]",https://sagarin.com/sports/cfsend.htm,2026-07-29T12:37:06Z,preformatted text parse; rating components parsed from Sagarin fields
2026-07-29,2026,Sagarin,Sacramento State,Sacramento State,128,56.88,7.0,5.0,50.02,170.0,56.39,125.0,55.74,133.0,58.15,127.0,59.25,121.0,"[7.0, 5.0, 50.02, 170.0, 0.0, 0.0, 0.0, 0.0, 56.39, 125.0, 55.74, 133.0, 58.15, 127.0, 59.25, 121.0]",https://sagarin.com/sports/cfsend.htm,2026-07-29T12:37:06Z,preformatted text parse; rating components parsed from Sagarin fields
2026-07-29,2026,Sagarin,Florida Atlantic,Florida Atlantic,129,56.53,4.0,8.0,63.43,90.0,54.78,132.0,54.68,136.0,59.76,115.0,60.12,116.0,"[4.0, 8.0, 63.43, 90.0, 0.0, 0.0, 0.0, 0.0, 54.78, 132.0, 54.68, 136.0, 59.76, 115.0, 60.12, 116.0]",https://sagarin.com/sports/cfsend.htm,2026-07-29T12:37:06Z,preformatted text parse; rating components parsed from Sagarin fields
2026-07-29,2026,Sagarin,Mercer,Mercer,130,56.52,9.0,3.0,47.11,197.0,54.85,131.0,56.77,125.0,57.58,133.0,58.25,124.0,"[9.0, 3.0, 47.11, 197.0, 0.0, 0.0, 0.0, 1.0, 54.85, 131.0, 56.77, 125.0, 57.58, 133.0, 58.25, 124.0]",https://sagarin.com/sports/cfsend.htm,2026-07-29T12:37:06Z,preformatted text parse; rating components parsed from Sagarin fields
2026-07-29,2026,Sagarin,Delaware,Delaware,131,56.45,7.0,6.0,57.98,131.0,54.77,133.0,56.39,129.0,57.82,129.0,58.14,125.0,"[7.0, 6.0, 57.98, 131.0, 0.0, 0.0, 0.0, 0.0, 54.77, 133.0, 56.39, 129.0, 57.82, 129.0, 58.14, 125.0]",https://sagarin.com/sports/cfsend.htm,2026-07-29T12:37:06Z,preformatted text parse; rating components parsed from Sagarin fields
2026-07-29,2026,Sagarin,Coastal Carolina,Coastal Carolina,132,56.06,6.0,7.0,63.65,87.0,53.82,140.0,58.85,117.0,55.11,144.0,53.48,153.0,"[6.0, 7.0, 63.65, 87.0, 0.0, 0.0, 0.0, 2.0, 53.82, 140.0, 58.85, 117.0, 55.11, 144.0, 53.48, 153.0]",https://sagarin.com/sports/cfsend.htm,2026-07-29T12:37:06Z,preformatted text parse; rating components parsed from Sagarin fields
2026-07-29,2026,Sagarin,Se Louisiana,SE Louisiana,133,55.85,9.0,4.0,46.67,198.0,56.21,128.0,56.78,124.0,54.19,146.0,54.28,147.0,"[9.0, 4.0, 46.67, 198.0, 0.0, 0.0, 0.0, 1.0, 56.21, 128.0, 56.78, 124.0, 54.19, 146.0, 54.28, 147.0]",https://sagarin.com/sports/cfsend.htm,2026-07-29T12:37:06Z,preformatted text parse; rating components parsed from Sagarin fields
2026-07-29,2026,Sagarin,Idaho State,Idaho State,134,55.76,6.0,6.0,58.33,129.0,54.37,137.0,52.47,152.0,60.04,113.0,63.75,96.0,"[6.0, 6.0, 58.33, 129.0, 0.0, 0.0, 0.0, 0.0, 54.37, 137.0, 52.47, 152.0, 60.04, 113.0, 63.75, 96.0]",https://sagarin.com/sports/cfsend.htm,2026-07-29T12:37:06Z,preformatted text parse; rating components parsed from Sagarin fields
2026-07-29,2026,Sagarin,Eastern Michigan,Eastern Michigan,135,55.45,4.0,8.0,59.27,122.0,54.57,134.0,52.83,148.0,58.53,125.0,59.27,120.0,"[4.0, 8.0, 59.27, 122.0, 0.0, 0.0, 0.0, 0.0, 54.57, 134.0, 52.83, 148.0, 58.53, 125.0, 59.27, 120.0]",https://sagarin.com/sports/cfsend.htm,2026-07-29T12:37:06Z,preformatted text parse; rating components parsed from Sagarin fields
2026-07-29,2026,Sagarin,Southern Utah,Southern Utah,136,55.25,7.0,5.0,51.31,165.0,53.3,144.0,55.18,134.0,56.88,136.0,57.41,128.0,"[7.0, 5.0, 51.31, 165.0, 0.0, 0.0, 0.0, 0.0, 53.3, 144.0, 55.18, 134.0, 56.88, 136.0, 57.41, 128.0]",https://sagarin.com/sports/cfsend.htm,2026-07-29T12:37:06Z,preformatted text parse; rating components parsed from Sagarin fields
2026-07-29,2026,Sagarin,Tulsa,Tulsa,137,55.23,4.0,8.0,62.5,96.0,53.5,143.0,52.43,154.0,59.33,118.0,60.14,115.0,"[4.0, 8.0, 62.5, 96.0, 0.0, 0.0, 0.0, 0.0, 53.5, 143.0, 52.43, 154.0, 59.33, 118.0, 60.14, 115.0]",https://sagarin.com/sports/cfsend.htm,2026-07-29T12:37:06Z,preformatted text parse; rating components parsed from Sagarin fields
2026-07-29,2026,Sagarin,Nevada,Nevada,138,55.19,3.0,9.0,64.71,81.0,54.38,136.0,53.01,147.0,57.78,130.0,57.08,133.0,"[3.0, 9.0, 64.71, 81.0, 0.0, 1.0, 0.0, 1.0, 54.38, 136.0, 53.01, 147.0, 57.78, 130.0, 57.08, 133.0]",https://sagarin.com/sports/cfsend.htm,2026-07-29T12:37:06Z,preformatted text parse; rating components parsed from Sagarin fields
2026-07-29,2026,Sagarin,Austin Peay,Austin Peay,139,55.0,7.0,5.0,49.73,172.0,54.25,138.0,53.48,144.0,56.88,137.0,57.19,130.0,"[7.0, 5.0, 49.73, 172.0, 0.0, 1.0, 0.0, 1.0, 54.25, 138.0, 53.48, 144.0, 56.88, 137.0, 57.19, 130.0]",https://sagarin.com/sports/cfsend.htm,2026-07-29T12:37:06Z,preformatted text parse; rating components parsed from Sagarin fields
2026-07-29,2026,Sagarin,Appalachian State,Appalachian State,140,54.61,5.0,8.0,59.52,118.0,54.48,135.0,54.83,135.0,54.15,147.0,52.07,161.0,"[5.0, 8.0, 59.52, 118.0, 0.0, 0.0, 0.0, 1.0, 54.48, 135.0, 54.83, 135.0, 54.15, 147.0, 52.07, 161.0]",https://sagarin.com/sports/cfsend.htm,2026-07-29T12:37:06Z,preformatted text parse; rating components parsed from Sagarin fields
2026-07-29,2026,Sagarin,Buffalo,Buffalo,141,54.6,5.0,7.0,55.84,147.0,54.91,130.0,54.37,138.0,54.15,148.0,51.7,164.0,"[5.0, 7.0, 55.84, 147.0, 0.0, 0.0, 0.0, 0.0, 54.91, 130.0, 54.37, 138.0, 54.15, 148.0, 51.7, 164.0]",https://sagarin.com/sports/cfsend.htm,2026-07-29T12:37:06Z,preformatted text parse; rating components parsed from Sagarin fields
2026-07-29,2026,Sagarin,Harvard,Harvard,142,54.4,9.0,2.0,45.12,216.0,53.08,145.0,57.31,121.0,52.39,159.0,52.25,160.0,"[9.0, 2.0, 45.12, 216.0, 0.0, 0.0, 0.0, 0.0, 53.08, 145.0, 57.31, 121.0, 52.39, 159.0, 52.25, 160.0]",https://sagarin.com/sports/cfsend.htm,2026-07-29T12:37:06Z,preformatted text parse; rating components parsed from Sagarin fields
2026-07-29,2026,Sagarin,Rhode Island,Rhode Island,143,54.35,11.0,3.0,45.65,210.0,53.76,141.0,56.48,128.0,52.41,158.0,52.73,158.0,"[11.0, 3.0, 45.65, 210.0, 0.0, 0.0, 0.0, 0.0, 53.76, 141.0, 56.48, 128.0, 52.41, 158.0, 52.73, 158.0]",https://sagarin.com/sports/cfsend.htm,2026-07-29T12:37:06Z,preformatted text parse; rating components parsed from Sagarin fields
2026-07-29,2026,Sagarin,San Jose State,San Jose State,144,54.34,3.0,9.0,63.75,86.0,53.03,148.0,53.9,140.0,55.71,143.0,53.04,156.0,"[3.0, 9.0, 63.75, 86.0, 0.0, 0.0, 0.0, 1.0, 53.03, 148.0, 53.9, 140.0, 55.71, 143.0, 53.04, 156.0]",https://sagarin.com/sports/cfsend.htm,2026-07-29T12:37:06Z,preformatted text parse; rating components parsed from Sagarin fields
2026-07-29,2026,Sagarin,Bowling Green,Bowling Green,145,54.34,4.0,8.0,57.95,132.0,53.74,142.0,52.68,150.0,56.21,139.0,55.5,140.0,"[4.0, 8.0, 57.95, 132.0, 0.0, 0.0, 0.0, 1.0, 53.74, 142.0, 52.68, 150.0, 56.21, 139.0, 55.5, 140.0]",https://sagarin.com/sports/cfsend.htm,2026-07-29T12:37:06Z,preformatted text parse; rating components parsed from Sagarin fields
2026-07-29,2026,Sagarin,UAB,UAB,146,54.17,4.0,8.0,64.64,82.0,52.23,150.0,53.64,142.0,56.26,138.0,54.99,143.0,"[4.0, 8.0, 64.64, 82.0, 0.0, 0.0, 0.0, 1.0, 52.23, 150.0, 53.64, 142.0, 56.26, 138.0, 54.99, 143.0]",https://sagarin.com/sports/cfsend.htm,2026-07-29T12:37:06Z,preformatted text parse; rating components parsed from Sagarin fields
2026-07-29,2026,Sagarin,Tennessee Tech,Tennessee Tech,147,53.6,11.0,2.0,43.75,228.0,53.06,147.0,56.17,131.0,51.12,166.0,50.07,175.0,"[11.0, 2.0, 43.75, 228.0, 0.0, 0.0, 0.0, 0.0, 53.06, 147.0, 56.17, 131.0, 51.12, 166.0, 50.07, 175.0]",https://sagarin.com/sports/cfsend.htm,2026-07-29T12:37:06Z,preformatted text parse; rating components parsed from Sagarin fields
2026-07-29,2026,Sagarin,Colorado State,Colorado State,148,53.59,2.0,10.0,66.44,74.0,53.97,139.0,53.84,141.0,52.58,156.0,48.33,183.0,"[2.0, 10.0, 66.44, 74.0, 0.0, 0.0, 0.0, 1.0, 53.97, 139.0, 53.84, 141.0, 52.58, 156.0, 48.33, 183.0]",https://sagarin.com/sports/cfsend.htm,2026-07-29T12:37:06Z,preformatted text parse; rating components parsed from Sagarin fields
2026-07-29,2026,Sagarin,Northern Illinois,Northern Illinois,149,52.76,3.0,9.0,60.1,112.0,52.77,149.0,51.06,158.0,54.05,149.0,51.55,166.0,"[3.0, 9.0, 60.1, 112.0, 0.0, 0.0, 0.0, 0.0, 52.77, 149.0, 51.06, 158.0, 54.05, 149.0, 51.55, 166.0]",https://sagarin.com/sports/cfsend.htm,2026-07-29T12:37:06Z,preformatted text parse; rating components parsed from Sagarin fields
2026-07-29,2026,Sagarin,Northern Arizona,Northern Arizona,150,52.67,7.0,5.0,52.06,161.0,51.67,151.0,53.62,143.0,52.36,160.0,51.67,165.0,"[7.0, 5.0, 52.06, 161.0, 0.0, 0.0, 0.0, 0.0, 51.67, 151.0, 53.62, 143.0, 52.36, 160.0, 51.67, 165.0]",https://sagarin.com/sports/cfsend.htm,2026-07-29T12:37:06Z,preformatted text parse; rating components parsed from Sagarin fields
2026-07-29,2026,Sagarin,Akron,Akron,151,52.4,5.0,7.0,55.55,148.0,50.47,156.0,50.47,163.0,55.78,142.0,57.14,132.0,"[5.0, 7.0, 55.55, 148.0, 0.0, 0.0, 0.0, 0.0, 50.47, 156.0, 50.47, 163.0, 55.78, 142.0, 57.14, 132.0]",https://sagarin.com/sports/cfsend.htm,2026-07-29T12:37:06Z,preformatted text parse; rating components parsed from Sagarin fields
2026-07-29,2026,Sagarin,Monmouth-Nj,Monmouth-NJ,152,52.26,9.0,3.0,42.28,238.0,51.19,152.0,53.13,145.0,52.09,162.0,53.19,155.0,"[9.0, 3.0, 42.28, 238.0, 0.0, 0.0, 0.0, 0.0, 51.19, 152.0, 53.13, 145.0, 52.09, 162.0, 53.19, 155.0]",https://sagarin.com/sports/cfsend.htm,2026-07-29T12:37:06Z,preformatted text parse; rating components parsed from Sagarin fields
2026-07-29,2026,Sagarin,Alabama State,Alabama State,153,52.25,10.0,2.0,37.89,261.0,53.08,146.0,53.1,146.0,50.13,174.0,54.57,145.0,"[10.0, 2.0, 37.89, 261.0, 0.0, 0.0, 0.0, 0.0, 53.08, 146.0, 53.1, 146.0, 50.13, 174.0, 54.57, 145.0]",https://sagarin.com/sports/cfsend.htm,2026-07-29T12:37:06Z,preformatted text parse; rating components parsed from Sagarin fields
2026-07-29,2026,Sagarin,Western Carolina,Western Carolina,154,51.53,7.0,5.0,45.74,209.0,50.75,154.0,50.1,164.0,53.33,152.0,54.58,144.0,"[7.0, 5.0, 45.74, 209.0, 0.0, 0.0, 0.0, 0.0, 50.75, 154.0, 50.1, 164.0, 53.33, 152.0, 54.58, 144.0]",https://sagarin.com/sports/cfsend.htm,2026-07-29T12:37:06Z,preformatted text parse; rating components parsed from Sagarin fields
2026-07-29,2026,Sagarin,West Georgia,West Georgia,155,51.23,8.0,3.0,49.21,176.0,48.52,172.0,51.8,156.0,52.92,154.0,53.64,150.0,"[8.0, 3.0, 49.21, 176.0, 0.0, 0.0, 0.0, 0.0, 48.52, 172.0, 51.8, 156.0, 52.92, 154.0, 53.64, 150.0]",https://sagarin.com/sports/cfsend.htm,2026-07-29T12:37:06Z,preformatted text parse; rating components parsed from Sagarin fields
2026-07-29,2026,Sagarin,Utrgv,UTRGV,156,51.17,9.0,3.0,48.19,186.0,49.38,162.0,50.99,159.0,52.73,155.0,55.76,139.0,"[9.0, 3.0, 48.19, 186.0, 0.0, 0.0, 0.0, 0.0, 49.38, 162.0, 50.99, 159.0, 52.73, 155.0, 55.76, 139.0]",https://sagarin.com/sports/cfsend.htm,2026-07-29T12:37:06Z,preformatted text parse; rating components parsed from Sagarin fields
2026-07-29,2026,Sagarin,New Hampshire,New Hampshire,157,50.94,8.0,5.0,49.14,177.0,49.56,161.0,52.8,149.0,50.04,176.0,50.46,171.0,"[8.0, 5.0, 49.14, 177.0, 0.0, 0.0, 0.0, 0.0, 49.56, 161.0, 52.8, 149.0, 50.04, 176.0, 50.46, 171.0]",https://sagarin.com/sports/cfsend.htm,2026-07-29T12:37:06Z,preformatted text parse; rating components parsed from Sagarin fields
2026-07-29,2026,Sagarin,Middle Tennessee,Middle Tennessee,158,50.9,3.0,9.0,57.71,134.0,49.07,165.0,47.06,185.0,55.8,141.0,57.08,134.0,"[3.0, 9.0, 57.71, 134.0, 0.0, 0.0, 0.0, 0.0, 49.07, 165.0, 47.06, 185.0, 55.8, 141.0, 57.08, 134.0]",https://sagarin.com/sports/cfsend.htm,2026-07-29T12:37:06Z,preformatted text parse; rating components parsed from Sagarin fields
2026-07-29,2026,Sagarin,New Mexico State,New Mexico State,159,50.89,4.0,8.0,56.76,142.0,48.93,166.0,48.11,178.0,55.0,145.0,55.27,142.0,"[4.0, 8.0, 56.76, 142.0, 0.0, 0.0, 0.0, 1.0, 48.93, 166.0, 48.11, 178.0, 55.0, 145.0, 55.27, 142.0]",https://sagarin.com/sports/cfsend.htm,2026-07-29T12:37:06Z,preformatted text parse; rating components parsed from Sagarin fields
2026-07-29,2026,Sagarin,East Tennessee State,East Tennessee State,160,50.83,7.0,5.0,46.66,199.0,49.88,160.0,50.69,160.0,51.56,165.0,52.92,157.0,"[7.0, 5.0, 46.66, 199.0, 0.0, 0.0, 0.0, 1.0, 49.88, 160.0, 50.69, 160.0, 51.56, 165.0, 52.92, 157.0]",https://sagarin.com/sports/cfsend.htm,2026-07-29T12:37:06Z,preformatted text parse; rating components parsed from Sagarin fields
2026-07-29,2026,Sagarin,Sc State,SC State,161,50.8,10.0,3.0,44.66,219.0,48.83,169.0,52.51,151.0,50.63,168.0,53.23,154.0,"[10.0, 3.0, 44.66, 219.0, 0.0, 0.0, 0.0, 0.0, 48.83, 169.0, 52.51, 151.0, 50.63, 168.0, 53.23, 154.0]",https://sagarin.com/sports/cfsend.htm,2026-07-29T12:37:06Z,preformatted text parse; rating components parsed from Sagarin fields
2026-07-29,2026,Sagarin,Incarnate Word,Incarnate Word,162,50.57,5.0,7.0,49.34,174.0,50.52,155.0,50.5,162.0,50.32,172.0,50.13,174.0,"[5.0, 7.0, 49.34, 174.0, 0.0, 0.0, 0.0, 0.0, 50.52, 155.0, 50.5, 162.0, 50.32, 172.0, 50.13, 174.0]",https://sagarin.com/sports/cfsend.htm,2026-07-29T12:37:06Z,preformatted text parse; rating components parsed from Sagarin fields
2026-07-29,2026,Sagarin,Idaho,Idaho,163,50.54,4.0,8.0,52.76,159.0,50.94,153.0,48.46,173.0,51.78,163.0,50.29,172.0,"[4.0, 8.0, 52.76, 159.0, 0.0, 0.0, 0.0, 0.0, 50.94, 153.0, 48.46, 173.0, 51.78, 163.0, 50.29, 172.0]",https://sagarin.com/sports/cfsend.htm,2026-07-29T12:37:06Z,preformatted text parse; rating components parsed from Sagarin fields
2026-07-29,2026,Sagarin,Rice,Rice,164,50.52,5.0,8.0,64.44,83.0,48.34,174.0,52.32,155.0,50.46,171.0,47.4,188.0,"[5.0, 8.0, 64.44, 83.0, 0.0, 0.0, 0.0, 0.0, 48.34, 174.0, 52.32, 155.0, 50.46, 171.0, 47.4, 188.0]",https://sagarin.com/sports/cfsend.htm,2026-07-29T12:37:06Z,preformatted text parse; rating components parsed from Sagarin fields
2026-07-29,2026,Sagarin,Kent State,Kent State,165,50.31,5.0,7.0,58.81,125.0,46.71,185.0,47.09,184.0,56.2,140.0,59.15,123.0,"[5.0, 7.0, 58.81, 125.0, 0.0, 1.0, 0.0, 2.0, 46.71, 185.0, 47.09, 184.0, 56.2, 140.0, 59.15, 123.0]",https://sagarin.com/sports/cfsend.htm,2026-07-29T12:37:06Z,preformatted text parse; rating components parsed from Sagarin fields
2026-07-29,2026,Sagarin,Georgia State,Georgia State,166,50.22,1.0,11.0,65.28,79.0,50.17,158.0,46.57,188.0,53.29,153.0,52.44,159.0,"[1.0, 11.0, 65.28, 79.0, 0.0, 1.0, 0.0, 3.0, 50.17, 158.0, 46.57, 188.0, 53.29, 153.0, 52.44, 159.0]",https://sagarin.com/sports/cfsend.htm,2026-07-29T12:37:06Z,preformatted text parse; rating components parsed from Sagarin fields
2026-07-29,2026,Sagarin,Eastern Kentucky,Eastern Kentucky,167,50.21,5.0,7.0,51.81,162.0,48.32,175.0,48.09,179.0,53.65,150.0,54.12,148.0,"[5.0, 7.0, 51.81, 162.0, 0.0, 0.0, 0.0, 1.0, 48.32, 175.0, 48.09, 179.0, 53.65, 150.0, 54.12, 148.0]",https://sagarin.com/sports/cfsend.htm,2026-07-29T12:37:06Z,preformatted text parse; rating components parsed from Sagarin fields
2026-07-29,2026,Sagarin,Jackson State,Jackson State,168,50.16,9.0,3.0,37.75,262.0,50.44,157.0,52.44,153.0,47.01,188.0,47.06,192.0,"[9.0, 3.0, 37.75, 262.0, 0.0, 0.0, 0.0, 0.0, 50.44, 157.0, 52.44, 153.0, 47.01, 188.0, 47.06, 192.0]",https://sagarin.com/sports/cfsend.htm,2026-07-29T12:37:06Z,preformatted text parse; rating components parsed from Sagarin fields
2026-07-29,2026,Sagarin,Prairie View A&M,Prairie View A&M,169,50.05,10.0,4.0,39.85,256.0,50.14,159.0,49.02,168.0,50.6,169.0,54.35,146.0,"[10.0, 4.0, 39.85, 256.0, 0.0, 0.0, 0.0, 0.0, 50.14, 159.0, 49.02, 168.0, 50.6, 169.0, 54.35, 146.0]",https://sagarin.com/sports/cfsend.htm,2026-07-29T12:37:06Z,preformatted text parse; rating components parsed from Sagarin fields
2026-07-29,2026,Sagarin,UL-Monroe,LouisianaMonroe,170,50.01,3.0,9.0,61.91,101.0,49.09,164.0,50.05,165.0,50.54,170.0,49.56,178.0,"[3.0, 9.0, 61.91, 101.0, 0.0, 0.0, 0.0, 1.0, 49.09, 164.0, 50.05, 165.0, 50.54, 170.0, 49.56, 178.0]",https://sagarin.com/sports/cfsend.htm,2026-07-29T12:37:06Z,preformatted text parse; rating components parsed from Sagarin fields
2026-07-29,2026,Sagarin,Ball State,Ball State,171,49.87,4.0,8.0,62.14,99.0,47.39,178.0,49.19,167.0,52.54,157.0,51.53,167.0,"[4.0, 8.0, 62.14, 99.0, 0.0, 0.0, 0.0, 1.0, 47.39, 178.0, 49.19, 167.0, 52.54, 157.0, 51.53, 167.0]",https://sagarin.com/sports/cfsend.htm,2026-07-29T12:37:06Z,preformatted text parse; rating components parsed from Sagarin fields
2026-07-29,2026,Sagarin,Dartmouth,Dartmouth,172,49.7,7.0,3.0,46.23,205.0,48.83,168.0,51.21,157.0,48.63,181.0,47.07,190.0,"[7.0, 3.0, 46.23, 205.0, 0.0, 0.0, 0.0, 0.0, 48.83, 168.0, 51.21, 157.0, 48.63, 181.0, 47.07, 190.0]",https://sagarin.com/sports/cfsend.htm,2026-07-29T12:37:06Z,preformatted text parse; rating components parsed from Sagarin fields
2026-07-29,2026,Sagarin,Wofford,Wofford,173,49.55,6.0,6.0,45.25,212.0,49.25,163.0,48.13,177.0,50.87,167.0,53.58,152.0,"[6.0, 6.0, 45.25, 212.0, 0.0, 0.0, 0.0, 0.0, 49.25, 163.0, 48.13, 177.0, 50.87, 167.0, 53.58, 152.0]",https://sagarin.com/sports/cfsend.htm,2026-07-29T12:37:06Z,preformatted text parse; rating components parsed from Sagarin fields
2026-07-29,2026,Sagarin,Lamar,Lamar,174,49.47,8.0,5.0,49.73,171.0,47.05,183.0,50.66,161.0,50.25,173.0,50.92,168.0,"[8.0, 5.0, 49.73, 171.0, 0.0, 0.0, 0.0, 0.0, 47.05, 183.0, 50.66, 161.0, 50.25, 173.0, 50.92, 168.0]",https://sagarin.com/sports/cfsend.htm,2026-07-29T12:37:06Z,preformatted text parse; rating components parsed from Sagarin fields
2026-07-29,2026,Sagarin,Cal Poly-Slo,Cal Poly-SLO,175,49.17,4.0,8.0,59.42,121.0,47.5,177.0,47.24,183.0,52.23,161.0,53.6,151.0,"[4.0, 8.0, 59.42, 121.0, 0.0, 1.0, 0.0, 1.0, 47.5, 177.0, 47.24, 183.0, 52.23, 161.0, 53.6, 151.0]",https://sagarin.com/sports/cfsend.htm,2026-07-29T12:37:06Z,preformatted text parse; rating components parsed from Sagarin fields
2026-07-29,2026,Sagarin,UTEP,UTEP,176,49.16,2.0,10.0,57.09,139.0,48.47,173.0,46.87,186.0,51.63,164.0,48.81,181.0,"[2.0, 10.0, 57.09, 139.0, 0.0, 0.0, 0.0, 1.0, 48.47, 173.0, 46.87, 186.0, 51.63, 164.0, 48.81, 181.0]",https://sagarin.com/sports/cfsend.htm,2026-07-29T12:37:06Z,preformatted text parse; rating components parsed from Sagarin fields
2026-07-29,2026,Sagarin,William & Mary,William & Mary,177,48.96,7.0,5.0,44.26,223.0,48.92,167.0,49.78,166.0,47.76,184.0,47.93,185.0,"[7.0, 5.0, 44.26, 223.0, 0.0, 0.0, 0.0, 1.0, 48.92, 167.0, 49.78, 166.0, 47.76, 184.0, 47.93, 185.0]",https://sagarin.com/sports/cfsend.htm,2026-07-29T12:37:06Z,preformatted text parse; rating components parsed from Sagarin fields
2026-07-29,2026,Sagarin,Eastern Washington,Eastern Washington,178,48.87,5.0,7.0,52.47,160.0,48.0,176.0,48.62,171.0,49.62,178.0,49.68,177.0,"[5.0, 7.0, 52.47, 160.0, 0.0, 0.0, 0.0, 0.0, 48.0, 176.0, 48.62, 171.0, 49.62, 178.0, 49.68, 177.0]",https://sagarin.com/sports/cfsend.htm,2026-07-29T12:37:06Z,preformatted text parse; rating components parsed from Sagarin fields
2026-07-29,2026,Sagarin,Lafayette,Lafayette,179,48.63,8.0,4.0,43.79,227.0,47.2,182.0,48.27,175.0,50.04,177.0,51.76,163.0,"[8.0, 4.0, 43.79, 227.0, 0.0, 0.0, 0.0, 0.0, 47.2, 182.0, 48.27, 175.0, 50.04, 177.0, 51.76, 163.0]",https://sagarin.com/sports/cfsend.htm,2026-07-29T12:37:06Z,preformatted text parse; rating components parsed from Sagarin fields
2026-07-29,2026,Sagarin,Northern Iowa,Northern Iowa,180,48.51,3.0,9.0,56.27,143.0,48.6,171.0,46.4,190.0,50.07,175.0,50.2,173.0,"[3.0, 9.0, 56.27, 143.0, 0.0, 0.0, 0.0, 0.0, 48.6, 171.0, 46.4, 190.0, 50.07, 175.0, 50.2, 173.0]",https://sagarin.com/sports/cfsend.htm,2026-07-29T12:37:06Z,preformatted text parse; rating components parsed from Sagarin fields
2026-07-29,2026,Sagarin,Charlotte,Charlotte,181,48.44,1.0,11.0,67.29,71.0,46.94,184.0,43.84,206.0,53.49,151.0,54.04,149.0,"[1.0, 11.0, 67.29, 71.0, 0.0, 1.0, 0.0, 1.0, 46.94, 184.0, 43.84, 206.0, 53.49, 151.0, 54.04, 149.0]",https://sagarin.com/sports/cfsend.htm,2026-07-29T12:37:06Z,preformatted text parse; rating components parsed from Sagarin fields
2026-07-29,2026,Sagarin,Elon,Elon,182,48.44,6.0,6.0,47.65,191.0,48.68,170.0,48.63,170.0,47.61,185.0,48.31,184.0,"[6.0, 6.0, 47.65, 191.0, 0.0, 0.0, 0.0, 0.0, 48.68, 170.0, 48.63, 170.0, 47.61, 185.0, 48.31, 184.0]",https://sagarin.com/sports/cfsend.htm,2026-07-29T12:37:06Z,preformatted text parse; rating components parsed from Sagarin fields
2026-07-29,2026,Sagarin,Pennsylvania,Pennsylvania,183,47.71,6.0,4.0,45.85,208.0,45.58,188.0,47.78,180.0,49.32,179.0,50.62,170.0,"[6.0, 4.0, 45.85, 208.0, 0.0, 0.0, 0.0, 0.0, 45.58, 188.0, 47.78, 180.0, 49.32, 179.0, 50.62, 170.0]",https://sagarin.com/sports/cfsend.htm,2026-07-29T12:37:06Z,preformatted text parse; rating components parsed from Sagarin fields
2026-07-29,2026,Sagarin,Tennessee-Martin,Tennessee-Martin,184,47.57,6.0,6.0,48.06,189.0,47.26,180.0,48.48,172.0,46.54,190.0,46.02,197.0,"[6.0, 6.0, 48.06, 189.0, 0.0, 0.0, 0.0, 0.0, 47.26, 180.0, 48.48, 172.0, 46.54, 190.0, 46.02, 197.0]",https://sagarin.com/sports/cfsend.htm,2026-07-29T12:37:06Z,preformatted text parse; rating components parsed from Sagarin fields
2026-07-29,2026,Sagarin,Nc Central,NC Central,185,47.53,8.0,4.0,40.18,251.0,47.21,181.0,48.67,169.0,46.28,194.0,46.57,193.0,"[8.0, 4.0, 40.18, 251.0, 0.0, 0.0, 0.0, 0.0, 47.21, 181.0, 48.67, 169.0, 46.28, 194.0, 46.57, 193.0]",https://sagarin.com/sports/cfsend.htm,2026-07-29T12:37:06Z,preformatted text parse; rating components parsed from Sagarin fields
2026-07-29,2026,Sagarin,Gardner-Webb,Gardner-Webb,186,46.84,7.0,5.0,47.35,192.0,45.39,190.0,48.38,174.0,46.29,193.0,46.34,194.0,"[7.0, 5.0, 47.35, 192.0, 0.0, 0.0, 0.0, 0.0, 45.39, 190.0, 48.38, 174.0, 46.29, 193.0, 46.34, 194.0]",https://sagarin.com/sports/cfsend.htm,2026-07-29T12:37:06Z,preformatted text parse; rating components parsed from Sagarin fields
2026-07-29,2026,Sagarin,Stony Brook,Stony Brook,187,46.8,6.0,6.0,45.2,215.0,46.24,187.0,46.22,192.0,47.57,186.0,48.83,180.0,"[6.0, 6.0, 45.2, 215.0, 0.0, 0.0, 0.0, 0.0, 46.24, 187.0, 46.22, 192.0, 47.57, 186.0, 48.83, 180.0]",https://sagarin.com/sports/cfsend.htm,2026-07-29T12:37:06Z,preformatted text parse; rating components parsed from Sagarin fields
2026-07-29,2026,Sagarin,St. Thomas-Mn.,St. Thomas-Mn.,188,46.56,7.0,5.0,40.13,252.0,46.3,186.0,45.74,194.0,47.27,187.0,48.37,182.0,"[7.0, 5.0, 40.13, 252.0, 0.0, 0.0, 0.0, 0.0, 46.3, 186.0, 45.74, 194.0, 47.27, 187.0, 48.37, 182.0]",https://sagarin.com/sports/cfsend.htm,2026-07-29T12:37:06Z,preformatted text parse; rating components parsed from Sagarin fields
2026-07-29,2026,Sagarin,Weber State,Weber State,189,46.41,4.0,8.0,57.64,135.0,45.47,189.0,48.14,176.0,45.15,199.0,43.01,208.0,"[4.0, 8.0, 57.64, 135.0, 0.0, 0.0, 0.0, 1.0, 45.47, 189.0, 48.14, 176.0, 45.15, 199.0, 43.01, 208.0]",https://sagarin.com/sports/cfsend.htm,2026-07-29T12:37:06Z,preformatted text parse; rating components parsed from Sagarin fields
2026-07-29,2026,Sagarin,Towson,Towson,190,46.35,6.0,6.0,45.01,218.0,47.28,179.0,46.39,191.0,44.93,201.0,43.85,203.0,"[6.0, 6.0, 45.01, 218.0, 0.0, 0.0, 0.0, 0.0, 47.28, 179.0, 46.39, 191.0, 44.93, 201.0, 43.85, 203.0]",https://sagarin.com/sports/cfsend.htm,2026-07-29T12:37:06Z,preformatted text parse; rating components parsed from Sagarin fields
2026-07-29,2026,Sagarin,Maine,Maine,191,46.21,6.0,6.0,45.06,217.0,44.11,198.0,45.83,193.0,48.22,182.0,49.77,176.0,"[6.0, 6.0, 45.06, 217.0, 0.0, 0.0, 0.0, 0.0, 44.11, 198.0, 45.83, 193.0, 48.22, 182.0, 49.77, 176.0]",https://sagarin.com/sports/cfsend.htm,2026-07-29T12:37:06Z,preformatted text parse; rating components parsed from Sagarin fields
2026-07-29,2026,Sagarin,Lindenwood,Lindenwood,192,46.15,6.0,6.0,46.44,202.0,44.91,193.0,45.25,195.0,47.87,183.0,50.65,169.0,"[6.0, 6.0, 46.44, 202.0, 0.0, 0.0, 0.0, 0.0, 44.91, 193.0, 45.25, 195.0, 47.87, 183.0, 50.65, 169.0]",https://sagarin.com/sports/cfsend.htm,2026-07-29T12:37:06Z,preformatted text parse; rating components parsed from Sagarin fields
2026-07-29,2026,Sagarin,Central Arkansas,Central Arkansas,193,46.0,3.0,9.0,53.29,157.0,44.25,196.0,44.39,203.0,48.78,180.0,47.79,186.0,"[3.0, 9.0, 53.29, 157.0, 0.0, 0.0, 0.0, 1.0, 44.25, 196.0, 44.39, 203.0, 48.78, 180.0, 47.79, 186.0]",https://sagarin.com/sports/cfsend.htm,2026-07-29T12:37:06Z,preformatted text parse; rating components parsed from Sagarin fields
2026-07-29,2026,Sagarin,Drake,Drake,194,45.71,8.0,4.0,43.44,229.0,44.98,192.0,47.45,182.0,44.21,205.0,45.11,200.0,"[8.0, 4.0, 43.44, 229.0, 0.0, 0.0, 0.0, 0.0, 44.98, 192.0, 47.45, 182.0, 44.21, 205.0, 45.11, 200.0]",https://sagarin.com/sports/cfsend.htm,2026-07-29T12:37:06Z,preformatted text parse; rating components parsed from Sagarin fields
2026-07-29,2026,Sagarin,Richmond,Richmond,195,45.68,7.0,5.0,44.05,225.0,44.44,194.0,47.58,181.0,44.52,203.0,43.49,206.0,"[7.0, 5.0, 44.05, 225.0, 0.0, 0.0, 0.0, 0.0, 44.44, 194.0, 47.58, 181.0, 44.52, 203.0, 43.49, 206.0]",https://sagarin.com/sports/cfsend.htm,2026-07-29T12:37:06Z,preformatted text parse; rating components parsed from Sagarin fields
2026-07-29,2026,Sagarin,Holy Cross,Holy Cross,196,45.38,3.0,9.0,48.3,184.0,45.32,191.0,44.47,202.0,45.97,196.0,45.71,198.0,"[3.0, 9.0, 48.3, 184.0, 0.0, 0.0, 0.0, 0.0, 45.32, 191.0, 44.47, 202.0, 45.97, 196.0, 45.71, 198.0]",https://sagarin.com/sports/cfsend.htm,2026-07-29T12:37:06Z,preformatted text parse; rating components parsed from Sagarin fields
2026-07-29,2026,Sagarin,San Diego,San Diego,197,45.36,8.0,4.0,40.75,249.0,44.21,197.0,46.4,189.0,45.06,200.0,49.39,179.0,"[8.0, 4.0, 40.75, 249.0, 0.0, 0.0, 0.0, 0.0, 44.21, 197.0, 46.4, 189.0, 45.06, 200.0, 49.39, 179.0]",https://sagarin.com/sports/cfsend.htm,2026-07-29T12:37:06Z,preformatted text parse; rating components parsed from Sagarin fields
2026-07-29,2026,Sagarin,Nicholls State,Nicholls State,198,45.34,4.0,8.0,51.69,163.0,44.03,199.0,45.22,196.0,46.37,192.0,46.03,196.0,"[4.0, 8.0, 51.69, 163.0, 0.0, 0.0, 0.0, 0.0, 44.03, 199.0, 45.22, 196.0, 46.37, 192.0, 46.03, 196.0]",https://sagarin.com/sports/cfsend.htm,2026-07-29T12:37:06Z,preformatted text parse; rating components parsed from Sagarin fields
2026-07-29,2026,Sagarin,Princeton,Princeton,199,45.23,3.0,7.0,48.99,180.0,44.35,195.0,44.7,199.0,46.25,195.0,45.56,199.0,"[3.0, 7.0, 48.99, 180.0, 0.0, 0.0, 0.0, 0.0, 44.35, 195.0, 44.7, 199.0, 46.25, 195.0, 45.56, 199.0]",https://sagarin.com/sports/cfsend.htm,2026-07-29T12:37:06Z,preformatted text parse; rating components parsed from Sagarin fields
2026-07-29,2026,Sagarin,Brown,Brown,200,44.69,5.0,5.0,46.49,201.0,43.27,201.0,43.94,205.0,46.41,191.0,47.4,189.0,"[5.0, 5.0, 46.49, 201.0, 0.0, 0.0, 0.0, 0.0, 43.27, 201.0, 43.94, 205.0, 46.41, 191.0, 47.4, 189.0]",https://sagarin.com/sports/cfsend.htm,2026-07-29T12:37:06Z,preformatted text parse; rating components parsed from Sagarin fields
2026-07-29,2026,Sagarin,Central Connecticut,Central Connecticut,201,44.57,8.0,5.0,41.38,246.0,43.21,203.0,44.83,198.0,45.29,198.0,47.07,191.0,"[8.0, 5.0, 41.38, 246.0, 0.0, 0.0, 0.0, 0.0, 43.21, 203.0, 44.83, 198.0, 45.29, 198.0, 47.07, 191.0]",https://sagarin.com/sports/cfsend.htm,2026-07-29T12:37:06Z,preformatted text parse; rating components parsed from Sagarin fields
2026-07-29,2026,Sagarin,Mcneese State,McNeese State,202,44.55,5.0,7.0,49.09,179.0,43.27,202.0,43.07,209.0,46.8,189.0,47.72,187.0,"[5.0, 7.0, 49.09, 179.0, 0.0, 0.0, 0.0, 0.0, 43.27, 202.0, 43.07, 209.0, 46.8, 189.0, 47.72, 187.0]",https://sagarin.com/sports/cfsend.htm,2026-07-29T12:37:06Z,preformatted text parse; rating components parsed from Sagarin fields
2026-07-29,2026,Sagarin,Chattanooga,Chattanooga,203,43.95,5.0,7.0,48.08,187.0,43.44,200.0,45.09,197.0,42.89,210.0,40.25,222.0,"[5.0, 7.0, 48.08, 187.0, 0.0, 0.0, 0.0, 0.0, 43.44, 200.0, 45.09, 197.0, 42.89, 210.0, 40.25, 222.0]",https://sagarin.com/sports/cfsend.htm,2026-07-29T12:37:06Z,preformatted text parse; rating components parsed from Sagarin fields
2026-07-29,2026,Sagarin,Presbyterian College,Presbyterian College,204,43.87,10.0,2.0,36.9,264.0,42.44,207.0,46.74,187.0,41.68,219.0,43.94,202.0,"[10.0, 2.0, 36.9, 264.0, 0.0, 0.0, 0.0, 0.0, 42.44, 207.0, 46.74, 187.0, 41.68, 219.0, 43.94, 202.0]",https://sagarin.com/sports/cfsend.htm,2026-07-29T12:37:06Z,preformatted text parse; rating components parsed from Sagarin fields
2026-07-29,2026,Sagarin,Duquesne,Duquesne,205,43.52,7.0,5.0,42.28,237.0,42.97,204.0,44.26,204.0,42.91,209.0,42.46,212.0,"[7.0, 5.0, 42.28, 237.0, 0.0, 0.0, 0.0, 0.0, 42.97, 204.0, 44.26, 204.0, 42.91, 209.0, 42.46, 212.0]",https://sagarin.com/sports/cfsend.htm,2026-07-29T12:37:06Z,preformatted text parse; rating components parsed from Sagarin fields
2026-07-29,2026,Sagarin,The Citadel,The Citadel,206,43.5,4.0,8.0,50.3,169.0,42.4,208.0,41.86,215.0,45.72,197.0,46.19,195.0,"[4.0, 8.0, 50.3, 169.0, 0.0, 1.0, 0.0, 1.0, 42.4, 208.0, 41.86, 215.0, 45.72, 197.0, 46.19, 195.0]",https://sagarin.com/sports/cfsend.htm,2026-07-29T12:37:06Z,preformatted text parse; rating components parsed from Sagarin fields
2026-07-29,2026,Sagarin,Sam Houston,Sam Houston State,207,43.48,2.0,10.0,60.48,110.0,42.46,206.0,42.82,211.0,44.77,202.0,42.07,215.0,"[2.0, 10.0, 60.48, 110.0, 0.0, 0.0, 0.0, 1.0, 42.46, 206.0, 42.82, 211.0, 44.77, 202.0, 42.07, 215.0]",https://sagarin.com/sports/cfsend.htm,2026-07-29T12:37:06Z,preformatted text parse; rating components parsed from Sagarin fields
2026-07-29,2026,Sagarin,Indiana State,Indiana State,208,43.38,3.0,9.0,63.27,91.0,42.28,209.0,43.11,208.0,44.36,204.0,41.58,218.0,"[3.0, 9.0, 63.27, 91.0, 0.0, 1.0, 0.0, 1.0, 42.28, 209.0, 43.11, 208.0, 44.36, 204.0, 41.58, 218.0]",https://sagarin.com/sports/cfsend.htm,2026-07-29T12:37:06Z,preformatted text parse; rating components parsed from Sagarin fields
2026-07-29,2026,Sagarin,Furman,Furman,209,43.14,6.0,6.0,46.58,200.0,41.44,210.0,44.56,201.0,42.95,208.0,42.5,211.0,"[6.0, 6.0, 46.58, 200.0, 0.0, 0.0, 0.0, 1.0, 41.44, 210.0, 44.56, 201.0, 42.95, 208.0, 42.5, 211.0]",https://sagarin.com/sports/cfsend.htm,2026-07-29T12:37:06Z,preformatted text parse; rating components parsed from Sagarin fields
2026-07-29,2026,Sagarin,Se Missouri State,SE Missouri State,210,42.86,4.0,8.0,47.78,190.0,42.86,205.0,43.03,210.0,42.31,216.0,39.99,223.0,"[4.0, 8.0, 47.78, 190.0, 0.0, 0.0, 0.0, 0.0, 42.86, 205.0, 43.03, 210.0, 42.31, 216.0, 39.99, 223.0]",https://sagarin.com/sports/cfsend.htm,2026-07-29T12:37:06Z,preformatted text parse; rating components parsed from Sagarin fields
2026-07-29,2026,Sagarin,Sacred Heart,Sacred Heart,211,42.81,8.0,4.0,43.18,231.0,41.23,214.0,44.62,200.0,42.07,217.0,43.58,204.0,"[8.0, 4.0, 43.18, 231.0, 0.0, 0.0, 0.0, 0.0, 41.23, 214.0, 44.62, 200.0, 42.07, 217.0, 43.58, 204.0]",https://sagarin.com/sports/cfsend.htm,2026-07-29T12:37:06Z,preformatted text parse; rating components parsed from Sagarin fields
2026-07-29,2026,Sagarin,Colgate,Colgate,212,42.52,5.0,7.0,46.25,204.0,41.4,211.0,42.23,214.0,43.54,206.0,43.58,205.0,"[5.0, 7.0, 46.25, 204.0, 0.0, 0.0, 0.0, 0.0, 41.4, 211.0, 42.23, 214.0, 43.54, 206.0, 43.58, 205.0]",https://sagarin.com/sports/cfsend.htm,2026-07-29T12:37:06Z,preformatted text parse; rating components parsed from Sagarin fields
2026-07-29,2026,Sagarin,Delaware State,Delaware State,213,42.21,8.0,4.0,42.46,235.0,41.24,213.0,43.14,207.0,41.83,218.0,43.14,207.0,"[8.0, 4.0, 42.46, 235.0, 0.0, 0.0, 0.0, 0.0, 41.24, 213.0, 43.14, 207.0, 41.83, 218.0, 43.14, 207.0]",https://sagarin.com/sports/cfsend.htm,2026-07-29T12:37:06Z,preformatted text parse; rating components parsed from Sagarin fields
2026-07-29,2026,Sagarin,Charleston Southern,Charleston Southern,214,42.2,5.0,7.0,48.25,185.0,41.26,212.0,42.53,212.0,42.43,215.0,42.83,209.0,"[5.0, 7.0, 48.25, 185.0, 0.0, 0.0, 0.0, 1.0, 41.26, 212.0, 42.53, 212.0, 42.43, 215.0, 42.83, 209.0]",https://sagarin.com/sports/cfsend.htm,2026-07-29T12:37:06Z,preformatted text parse; rating components parsed from Sagarin fields
2026-07-29,2026,Sagarin,Liu Post,LIU Post,215,41.61,6.0,6.0,42.26,239.0,40.64,215.0,42.32,213.0,41.49,220.0,42.82,210.0,"[6.0, 6.0, 42.26, 239.0, 0.0, 0.0, 0.0, 0.0, 40.64, 215.0, 42.32, 213.0, 41.49, 220.0, 42.82, 210.0]",https://sagarin.com/sports/cfsend.htm,2026-07-29T12:37:06Z,preformatted text parse; rating components parsed from Sagarin fields
2026-07-29,2026,Sagarin,Northern Colorado,Northern Colorado,216,41.61,4.0,8.0,54.4,153.0,40.42,217.0,41.49,216.0,42.54,214.0,41.75,217.0,"[4.0, 8.0, 54.4, 153.0, 0.0, 0.0, 0.0, 0.0, 40.42, 217.0, 41.49, 216.0, 42.54, 214.0, 41.75, 217.0]",https://sagarin.com/sports/cfsend.htm,2026-07-29T12:37:06Z,preformatted text parse; rating components parsed from Sagarin fields
2026-07-29,2026,Sagarin,Cornell,Cornell,217,41.47,4.0,6.0,45.22,214.0,40.37,218.0,40.85,218.0,42.76,212.0,42.2,213.0,"[4.0, 6.0, 45.22, 214.0, 0.0, 0.0, 0.0, 0.0, 40.37, 218.0, 40.85, 218.0, 42.76, 212.0, 42.2, 213.0]",https://sagarin.com/sports/cfsend.htm,2026-07-29T12:37:06Z,preformatted text parse; rating components parsed from Sagarin fields
2026-07-29,2026,Sagarin,Dayton,Dayton,218,40.8,7.0,4.0,35.91,265.0,40.51,216.0,41.36,217.0,40.13,224.0,42.17,214.0,"[7.0, 4.0, 35.91, 265.0, 0.0, 0.0, 0.0, 0.0, 40.51, 216.0, 41.36, 217.0, 40.13, 224.0, 42.17, 214.0]",https://sagarin.com/sports/cfsend.htm,2026-07-29T12:37:06Z,preformatted text parse; rating components parsed from Sagarin fields
2026-07-29,2026,Sagarin,Columbia,Columbia,219,40.63,2.0,8.0,48.71,182.0,39.17,222.0,39.27,223.0,42.87,211.0,41.91,216.0,"[2.0, 8.0, 48.71, 182.0, 0.0, 0.0, 0.0, 0.0, 39.17, 222.0, 39.27, 223.0, 42.87, 211.0, 41.91, 216.0]",https://sagarin.com/sports/cfsend.htm,2026-07-29T12:37:06Z,preformatted text parse; rating components parsed from Sagarin fields
2026-07-29,2026,Sagarin,Murray State,Murray State,220,40.33,1.0,11.0,57.27,137.0,39.4,221.0,37.43,231.0,43.32,207.0,43.99,201.0,"[1.0, 11.0, 57.27, 137.0, 0.0, 0.0, 0.0, 0.0, 39.4, 221.0, 37.43, 231.0, 43.32, 207.0, 43.99, 201.0]",https://sagarin.com/sports/cfsend.htm,2026-07-29T12:37:06Z,preformatted text parse; rating components parsed from Sagarin fields
2026-07-29,2026,Sagarin,North Alabama,North Alabama,221,40.07,2.0,10.0,54.55,151.0,38.56,226.0,38.32,227.0,42.67,213.0,41.04,221.0,"[2.0, 10.0, 54.55, 151.0, 0.0, 0.0, 0.0, 0.0, 38.56, 226.0, 38.32, 227.0, 42.67, 213.0, 41.04, 221.0]",https://sagarin.com/sports/cfsend.htm,2026-07-29T12:37:06Z,preformatted text parse; rating components parsed from Sagarin fields
2026-07-29,2026,Sagarin,Western Illinois,Western Illinois,222,39.68,4.0,8.0,47.16,195.0,38.88,223.0,38.79,224.0,40.94,221.0,41.48,219.0,"[4.0, 8.0, 47.16, 195.0, 0.0, 0.0, 0.0, 1.0, 38.88, 223.0, 38.79, 224.0, 40.94, 221.0, 41.48, 219.0]",https://sagarin.com/sports/cfsend.htm,2026-07-29T12:37:06Z,preformatted text parse; rating components parsed from Sagarin fields
2026-07-29,2026,Sagarin,Campbell,Campbell,223,39.1,2.0,10.0,47.28,193.0,39.49,220.0,37.05,234.0,40.24,223.0,39.75,224.0,"[2.0, 10.0, 47.28, 193.0, 0.0, 0.0, 0.0, 0.0, 39.49, 220.0, 37.05, 234.0, 40.24, 223.0, 39.75, 224.0]",https://sagarin.com/sports/cfsend.htm,2026-07-29T12:37:06Z,preformatted text parse; rating components parsed from Sagarin fields
2026-07-29,2026,Sagarin,Alcorn State,Alcorn State,224,38.98,5.0,7.0,37.41,263.0,39.83,219.0,38.28,228.0,38.38,228.0,41.07,220.0,"[5.0, 7.0, 37.41, 263.0, 0.0, 0.0, 0.0, 0.0, 39.83, 219.0, 38.28, 228.0, 38.38, 228.0, 41.07, 220.0]",https://sagarin.com/sports/cfsend.htm,2026-07-29T12:37:06Z,preformatted text parse; rating components parsed from Sagarin fields
2026-07-29,2026,Sagarin,Utah Tech,Utah Tech,225,38.81,2.0,10.0,53.11,158.0,37.87,228.0,37.29,232.0,40.75,222.0,37.88,228.0,"[2.0, 10.0, 53.11, 158.0, 0.0, 0.0, 0.0, 0.0, 37.87, 228.0, 37.29, 232.0, 40.75, 222.0, 37.88, 228.0]",https://sagarin.com/sports/cfsend.htm,2026-07-29T12:37:06Z,preformatted text parse; rating components parsed from Sagarin fields
2026-07-29,2026,Sagarin,Bethune-Cookman,Bethune-Cookman,226,38.79,6.0,6.0,42.81,232.0,38.76,224.0,39.99,220.0,37.09,234.0,37.05,229.0,"[6.0, 6.0, 42.81, 232.0, 0.0, 1.0, 0.0, 1.0, 38.76, 224.0, 39.99, 220.0, 37.09, 234.0, 37.05, 229.0]",https://sagarin.com/sports/cfsend.htm,2026-07-29T12:37:06Z,preformatted text parse; rating components parsed from Sagarin fields
2026-07-29,2026,Sagarin,Mercyhurst,Mercyhurst,227,38.62,5.0,7.0,44.54,220.0,37.66,231.0,38.71,225.0,39.1,226.0,39.69,226.0,"[5.0, 7.0, 44.54, 220.0, 0.0, 0.0, 0.0, 0.0, 37.66, 231.0, 38.71, 225.0, 39.1, 226.0, 39.69, 226.0]",https://sagarin.com/sports/cfsend.htm,2026-07-29T12:37:06Z,preformatted text parse; rating components parsed from Sagarin fields
2026-07-29,2026,Sagarin,East Texas A&M,East Texas A&M,228,38.58,3.0,9.0,50.47,168.0,37.85,229.0,38.68,226.0,38.85,227.0,36.69,232.0,"[3.0, 9.0, 50.47, 168.0, 0.0, 0.0, 0.0, 1.0, 37.85, 229.0, 38.68, 226.0, 38.85, 227.0, 36.69, 232.0]",https://sagarin.com/sports/cfsend.htm,2026-07-29T12:37:06Z,preformatted text parse; rating components parsed from Sagarin fields
2026-07-29,2026,Sagarin,Eastern Illinois,Eastern Illinois,229,38.38,3.0,9.0,47.13,196.0,37.59,233.0,37.96,229.0,39.2,225.0,36.9,231.0,"[3.0, 9.0, 47.13, 196.0, 0.0, 0.0, 0.0, 1.0, 37.59, 233.0, 37.96, 229.0, 39.2, 225.0, 36.9, 231.0]",https://sagarin.com/sports/cfsend.htm,2026-07-29T12:37:06Z,preformatted text parse; rating components parsed from Sagarin fields
2026-07-29,2026,Sagarin,Texas Southern,Texas Southern,230,38.25,6.0,5.0,40.07,253.0,38.74,225.0,39.36,222.0,36.01,237.0,36.63,233.0,"[6.0, 5.0, 40.07, 253.0, 0.0, 0.0, 0.0, 0.0, 38.74, 225.0, 39.36, 222.0, 36.01, 237.0, 36.63, 233.0]",https://sagarin.com/sports/cfsend.htm,2026-07-29T12:37:06Z,preformatted text parse; rating components parsed from Sagarin fields
2026-07-29,2026,Sagarin,Grambling State,Grambling State,231,37.83,7.0,5.0,39.96,254.0,38.08,227.0,40.58,219.0,33.47,248.0,31.53,245.0,"[7.0, 5.0, 39.96, 254.0, 0.0, 1.0, 0.0, 1.0, 38.08, 227.0, 40.58, 219.0, 33.47, 248.0, 31.53, 245.0]",https://sagarin.com/sports/cfsend.htm,2026-07-29T12:37:06Z,preformatted text parse; rating components parsed from Sagarin fields
2026-07-29,2026,Sagarin,Merrimack,Merrimack,232,37.64,4.0,8.0,45.23,213.0,37.5,234.0,36.73,236.0,38.31,229.0,36.91,230.0,"[4.0, 8.0, 45.23, 213.0, 0.0, 0.0, 0.0, 0.0, 37.5, 234.0, 36.73, 236.0, 38.31, 229.0, 36.91, 230.0]",https://sagarin.com/sports/cfsend.htm,2026-07-29T12:37:06Z,preformatted text parse; rating components parsed from Sagarin fields
2026-07-29,2026,Sagarin,Butler,Butler,233,37.61,6.0,6.0,42.22,241.0,37.45,235.0,39.81,221.0,34.68,243.0,32.24,244.0,"[6.0, 6.0, 42.22, 241.0, 0.0, 0.0, 0.0, 0.0, 37.45, 235.0, 39.81, 221.0, 34.68, 243.0, 32.24, 244.0]",https://sagarin.com/sports/cfsend.htm,2026-07-29T12:37:06Z,preformatted text parse; rating components parsed from Sagarin fields
2026-07-29,2026,Sagarin,Morgan State,Morgan State,234,36.91,4.0,8.0,46.17,206.0,37.62,232.0,35.22,241.0,37.38,232.0,35.46,236.0,"[4.0, 8.0, 46.17, 206.0, 0.0, 0.0, 0.0, 0.0, 37.62, 232.0, 35.22, 241.0, 37.38, 232.0, 35.46, 236.0]",https://sagarin.com/sports/cfsend.htm,2026-07-29T12:37:06Z,preformatted text parse; rating components parsed from Sagarin fields
2026-07-29,2026,Sagarin,Albany-Ny,Albany-NY,235,36.72,2.0,10.0,48.55,183.0,37.76,230.0,36.68,237.0,35.18,241.0,32.75,241.0,"[2.0, 10.0, 48.55, 183.0, 0.0, 0.0, 0.0, 1.0, 37.76, 230.0, 36.68, 237.0, 35.18, 241.0, 32.75, 241.0]",https://sagarin.com/sports/cfsend.htm,2026-07-29T12:37:06Z,preformatted text parse; rating components parsed from Sagarin fields
2026-07-29,2026,Sagarin,Portland State,Portland State,236,36.38,1.0,11.0,57.49,136.0,36.28,237.0,37.12,233.0,35.28,240.0,30.77,248.0,"[1.0, 11.0, 57.49, 136.0, 0.0, 0.0, 0.0, 1.0, 36.28, 237.0, 37.12, 233.0, 35.28, 240.0, 30.77, 248.0]",https://sagarin.com/sports/cfsend.htm,2026-07-29T12:37:06Z,preformatted text parse; rating components parsed from Sagarin fields
2026-07-29,2026,Sagarin,Howard,Howard,237,36.27,5.0,7.0,41.72,245.0,36.31,236.0,36.6,239.0,35.48,238.0,34.01,238.0,"[5.0, 7.0, 41.72, 245.0, 0.0, 0.0, 0.0, 0.0, 36.31, 236.0, 36.6, 239.0, 35.48, 238.0, 34.01, 238.0]",https://sagarin.com/sports/cfsend.htm,2026-07-29T12:37:06Z,preformatted text parse; rating components parsed from Sagarin fields
2026-07-29,2026,Sagarin,Samford,Samford,238,36.14,1.0,11.0,51.38,164.0,35.99,238.0,33.68,247.0,38.07,230.0,36.29,234.0,"[1.0, 11.0, 51.38, 164.0, 0.0, 0.0, 0.0, 1.0, 35.99, 238.0, 33.68, 247.0, 38.07, 230.0, 36.29, 234.0]",https://sagarin.com/sports/cfsend.htm,2026-07-29T12:37:06Z,preformatted text parse; rating components parsed from Sagarin fields
2026-07-29,2026,Sagarin,Georgetown,Georgetown,239,35.94,6.0,6.0,40.74,250.0,34.38,244.0,37.57,230.0,35.32,239.0,34.46,237.0,"[6.0, 6.0, 40.74, 250.0, 0.0, 0.0, 0.0, 0.0, 34.38, 244.0, 37.57, 230.0, 35.32, 239.0, 34.46, 237.0]",https://sagarin.com/sports/cfsend.htm,2026-07-29T12:37:06Z,preformatted text parse; rating components parsed from Sagarin fields
2026-07-29,2026,Sagarin,Bryant,Bryant,240,35.91,3.0,9.0,45.95,207.0,35.81,239.0,34.23,245.0,37.21,233.0,35.5,235.0,"[3.0, 9.0, 45.95, 207.0, 0.0, 0.0, 0.0, 0.0, 35.81, 239.0, 34.23, 245.0, 37.21, 233.0, 35.5, 235.0]",https://sagarin.com/sports/cfsend.htm,2026-07-29T12:37:06Z,preformatted text parse; rating components parsed from Sagarin fields
2026-07-29,2026,Sagarin,Wagner,Wagner,241,35.81,5.0,7.0,39.7,257.0,34.73,241.0,35.2,242.0,37.08,235.0,37.92,227.0,"[5.0, 7.0, 39.7, 257.0, 0.0, 0.0, 0.0, 0.0, 34.73, 241.0, 35.2, 242.0, 37.08, 235.0, 37.92, 227.0]",https://sagarin.com/sports/cfsend.htm,2026-07-29T12:37:06Z,preformatted text parse; rating components parsed from Sagarin fields
2026-07-29,2026,Sagarin,Massachusetts,Massachusetts,242,35.6,0.0,12.0,58.99,124.0,35.19,240.0,33.61,248.0,37.39,231.0,33.32,240.0,"[0.0, 12.0, 58.99, 124.0, 0.0, 0.0, 0.0, 2.0, 35.19, 240.0, 33.61, 248.0, 37.39, 231.0, 33.32, 240.0]",https://sagarin.com/sports/cfsend.htm,2026-07-29T12:37:06Z,preformatted text parse; rating components parsed from Sagarin fields
2026-07-29,2026,Sagarin,Marist,Marist,243,35.52,5.0,7.0,37.99,260.0,34.26,246.0,35.19,243.0,36.68,236.0,39.73,225.0,"[5.0, 7.0, 37.99, 260.0, 0.0, 0.0, 0.0, 0.0, 34.26, 246.0, 35.19, 243.0, 36.68, 236.0, 39.73, 225.0]",https://sagarin.com/sports/cfsend.htm,2026-07-29T12:37:06Z,preformatted text parse; rating components parsed from Sagarin fields
2026-07-29,2026,Sagarin,Bucknell,Bucknell,244,35.13,5.0,7.0,41.94,242.0,34.32,245.0,36.77,235.0,33.7,247.0,31.47,247.0,"[5.0, 7.0, 41.94, 242.0, 0.0, 0.0, 0.0, 0.0, 34.32, 245.0, 36.77, 235.0, 33.7, 247.0, 31.47, 247.0]",https://sagarin.com/sports/cfsend.htm,2026-07-29T12:37:06Z,preformatted text parse; rating components parsed from Sagarin fields
2026-07-29,2026,Sagarin,Stonehill College,Stonehill College,245,34.56,4.0,8.0,43.24,230.0,33.71,250.0,35.25,240.0,34.32,246.0,33.45,239.0,"[4.0, 8.0, 43.24, 230.0, 0.0, 0.0, 0.0, 0.0, 33.71, 250.0, 35.25, 240.0, 34.32, 246.0, 33.45, 239.0]",https://sagarin.com/sports/cfsend.htm,2026-07-29T12:37:06Z,preformatted text parse; rating components parsed from Sagarin fields
2026-07-29,2026,Sagarin,Tennessee State,Tennessee State,246,34.25,2.0,10.0,42.51,234.0,34.48,243.0,33.53,249.0,34.33,245.0,31.48,246.0,"[2.0, 10.0, 42.51, 234.0, 0.0, 0.0, 0.0, 0.0, 34.48, 243.0, 33.53, 249.0, 34.33, 245.0, 31.48, 246.0]",https://sagarin.com/sports/cfsend.htm,2026-07-29T12:37:06Z,preformatted text parse; rating components parsed from Sagarin fields
2026-07-29,2026,Sagarin,Robert Morris,Robert Morris,247,34.2,3.0,9.0,42.34,236.0,34.66,242.0,33.15,251.0,34.37,244.0,32.31,243.0,"[3.0, 9.0, 42.34, 236.0, 0.0, 0.0, 0.0, 0.0, 34.66, 242.0, 33.15, 251.0, 34.37, 244.0, 32.31, 243.0]",https://sagarin.com/sports/cfsend.htm,2026-07-29T12:37:06Z,preformatted text parse; rating components parsed from Sagarin fields
2026-07-29,2026,Sagarin,Florida A&M,Florida A&M,248,33.96,5.0,7.0,39.51,258.0,34.22,247.0,36.64,238.0,29.42,253.0,27.0,253.0,"[5.0, 7.0, 39.51, 258.0, 0.0, 0.0, 0.0, 0.0, 34.22, 247.0, 36.64, 238.0, 29.42, 253.0, 27.0, 253.0]",https://sagarin.com/sports/cfsend.htm,2026-07-29T12:37:06Z,preformatted text parse; rating components parsed from Sagarin fields
2026-07-29,2026,Sagarin,Fordham,Fordham,249,33.9,1.0,11.0,47.25,194.0,33.99,249.0,32.24,252.0,34.98,242.0,32.66,242.0,"[1.0, 11.0, 47.25, 194.0, 0.0, 0.0, 0.0, 0.0, 33.99, 249.0, 32.24, 252.0, 34.98, 242.0, 32.66, 242.0]",https://sagarin.com/sports/cfsend.htm,2026-07-29T12:37:06Z,preformatted text parse; rating components parsed from Sagarin fields
2026-07-29,2026,Sagarin,New Haven,New Haven,250,33.69,5.0,5.0,41.73,244.0,34.12,248.0,33.89,246.0,32.59,249.0,29.47,250.0,"[5.0, 5.0, 41.73, 244.0, 0.0, 0.0, 0.0, 0.0, 34.12, 248.0, 33.89, 246.0, 32.59, 249.0, 29.47, 250.0]",https://sagarin.com/sports/cfsend.htm,2026-07-29T12:37:06Z,preformatted text parse; rating components parsed from Sagarin fields
2026-07-29,2026,Sagarin,Morehead State,Morehead State,251,32.23,6.0,6.0,39.23,259.0,31.94,254.0,33.24,250.0,31.0,252.0,30.47,249.0,"[6.0, 6.0, 39.23, 259.0, 0.0, 0.0, 0.0, 0.0, 31.94, 254.0, 33.24, 250.0, 31.0, 252.0, 30.47, 249.0]",https://sagarin.com/sports/cfsend.htm,2026-07-29T12:37:06Z,preformatted text parse; rating components parsed from Sagarin fields
2026-07-29,2026,Sagarin,Houston Christian,Houston Christian,252,32.06,2.0,10.0,49.31,175.0,32.21,251.0,31.35,253.0,32.23,250.0,27.37,252.0,"[2.0, 10.0, 49.31, 175.0, 0.0, 0.0, 0.0, 0.0, 32.21, 251.0, 31.35, 253.0, 32.23, 250.0, 27.37, 252.0]",https://sagarin.com/sports/cfsend.htm,2026-07-29T12:37:06Z,preformatted text parse; rating components parsed from Sagarin fields
2026-07-29,2026,Sagarin,Alabama A&M,Alabama A&M,253,31.78,4.0,8.0,42.26,240.0,32.16,252.0,34.35,244.0,27.12,256.0,23.29,256.0,"[4.0, 8.0, 42.26, 240.0, 0.0, 0.0, 0.0, 0.0, 32.16, 252.0, 34.35, 244.0, 27.12, 256.0, 23.29, 256.0]",https://sagarin.com/sports/cfsend.htm,2026-07-29T12:37:06Z,preformatted text parse; rating components parsed from Sagarin fields
2026-07-29,2026,Sagarin,Norfolk State,Norfolk State,254,30.74,1.0,11.0,44.25,224.0,32.0,253.0,28.06,258.0,31.34,251.0,28.49,251.0,"[1.0, 11.0, 44.25, 224.0, 0.0, 0.0, 0.0, 0.0, 32.0, 253.0, 28.06, 258.0, 31.34, 251.0, 28.49, 251.0]",https://sagarin.com/sports/cfsend.htm,2026-07-29T12:37:06Z,preformatted text parse; rating components parsed from Sagarin fields
2026-07-29,2026,Sagarin,Southern U.,Southern U.,255,30.15,2.0,10.0,41.77,243.0,31.76,255.0,30.98,254.0,26.41,258.0,21.85,258.0,"[2.0, 10.0, 41.77, 243.0, 0.0, 0.0, 0.0, 0.0, 31.76, 255.0, 30.98, 254.0, 26.41, 258.0, 21.85, 258.0]",https://sagarin.com/sports/cfsend.htm,2026-07-29T12:37:06Z,preformatted text parse; rating components parsed from Sagarin fields
2026-07-29,2026,Sagarin,Ark.-Pine Bluff,Ark.-Pine Bluff,256,29.53,3.0,8.0,43.82,226.0,30.04,258.0,30.62,255.0,27.12,257.0,23.85,255.0,"[3.0, 8.0, 43.82, 226.0, 0.0, 1.0, 0.0, 1.0, 30.04, 258.0, 30.62, 255.0, 27.12, 257.0, 23.85, 255.0]",https://sagarin.com/sports/cfsend.htm,2026-07-29T12:37:06Z,preformatted text parse; rating components parsed from Sagarin fields
2026-07-29,2026,Sagarin,Hampton,Hampton,257,29.48,2.0,10.0,45.28,211.0,30.13,257.0,29.04,257.0,28.8,255.0,22.71,257.0,"[2.0, 10.0, 45.28, 211.0, 0.0, 0.0, 0.0, 0.0, 30.13, 257.0, 29.04, 257.0, 28.8, 255.0, 22.71, 257.0]",https://sagarin.com/sports/cfsend.htm,2026-07-29T12:37:06Z,preformatted text parse; rating components parsed from Sagarin fields
2026-07-29,2026,Sagarin,Saint Francis-Pa.,Saint Francis-Pa.,258,29.28,0.0,11.0,41.25,247.0,30.52,256.0,27.27,260.0,29.36,254.0,24.79,254.0,"[0.0, 11.0, 41.25, 247.0, 0.0, 0.0, 0.0, 0.0, 30.52, 256.0, 27.27, 260.0, 29.36, 254.0, 24.79, 254.0]",https://sagarin.com/sports/cfsend.htm,2026-07-29T12:37:06Z,preformatted text parse; rating components parsed from Sagarin fields
2026-07-29,2026,Sagarin,Nc A&T,NC A&T,259,28.35,2.0,10.0,46.35,203.0,28.2,259.0,29.8,256.0,26.29,259.0,21.56,259.0,"[2.0, 10.0, 46.35, 203.0, 0.0, 0.0, 0.0, 0.0, 28.2, 259.0, 29.8, 256.0, 26.29, 259.0, 21.56, 259.0]",https://sagarin.com/sports/cfsend.htm,2026-07-29T12:37:06Z,preformatted text parse; rating components parsed from Sagarin fields
2026-07-29,2026,Sagarin,Vmi,VMI,260,26.74,1.0,11.0,48.07,188.0,27.53,261.0,26.68,261.0,25.46,260.0,19.65,260.0,"[1.0, 11.0, 48.07, 188.0, 0.0, 0.0, 0.0, 0.0, 27.53, 261.0, 26.68, 261.0, 25.46, 260.0, 19.65, 260.0]",https://sagarin.com/sports/cfsend.htm,2026-07-29T12:37:06Z,preformatted text parse; rating components parsed from Sagarin fields
2026-07-29,2026,Sagarin,Northwestern State,Northwestern State,261,26.34,1.0,11.0,50.59,167.0,26.27,262.0,27.72,259.0,24.26,261.0,18.39,261.0,"[1.0, 11.0, 50.59, 167.0, 0.0, 0.0, 0.0, 0.0, 26.27, 262.0, 27.72, 259.0, 24.26, 261.0, 18.39, 261.0]",https://sagarin.com/sports/cfsend.htm,2026-07-29T12:37:06Z,preformatted text parse; rating components parsed from Sagarin fields
2026-07-29,2026,Sagarin,Valparaiso,Valparaiso,262,26.25,2.0,10.0,42.53,233.0,27.58,260.0,26.52,262.0,23.69,262.0,18.36,262.0,"[2.0, 10.0, 42.53, 233.0, 0.0, 0.0, 0.0, 0.0, 27.58, 260.0, 26.52, 262.0, 23.69, 262.0, 18.36, 262.0]",https://sagarin.com/sports/cfsend.htm,2026-07-29T12:37:06Z,preformatted text parse; rating components parsed from Sagarin fields
2026-07-29,2026,Sagarin,Miss. Valley State,Miss. Valley State,263,25.01,2.0,10.0,44.44,221.0,26.02,263.0,25.91,264.0,22.03,263.0,17.26,263.0,"[2.0, 10.0, 44.44, 221.0, 0.0, 0.0, 0.0, 0.0, 26.02, 263.0, 25.91, 264.0, 22.03, 263.0, 17.26, 263.0]",https://sagarin.com/sports/cfsend.htm,2026-07-29T12:37:06Z,preformatted text parse; rating components parsed from Sagarin fields
2026-07-29,2026,Sagarin,Davidson,Davidson,264,24.06,2.0,10.0,41.2,248.0,25.6,264.0,25.52,265.0,18.8,264.0,12.61,264.0,"[2.0, 10.0, 41.2, 248.0, 0.0, 0.0, 0.0, 0.0, 25.6, 264.0, 25.52, 265.0, 18.8, 264.0, 12.61, 264.0]",https://sagarin.com/sports/cfsend.htm,2026-07-29T12:37:06Z,preformatted text parse; rating components parsed from Sagarin fields
2026-07-29,2026,Sagarin,Stetson,Stetson,265,23.22,3.0,9.0,39.86,255.0,23.65,265.0,25.95,263.0,17.15,265.0,9.89,265.0,"[3.0, 9.0, 39.86, 255.0, 0.0, 0.0, 0.0, 0.0, 23.65, 265.0, 25.95, 263.0, 17.15, 265.0, 9.89, 265.0]",https://sagarin.com/sports/cfsend.htm,2026-07-29T12:37:06Z,preformatted text parse; rating components parsed from Sagarin fields
2026-07-29,2026,Sagarin,I-A Ind.,I-A IND.,2,79.78,79.78,2.0,2.0,79.78,21.1186,80.1689,20.8436,79.8729,20.9205,,,,"[79.78, 2.0, 2.0, 79.78, 2.0, 79.7762, 20.9583, 78.9387, 21.1186, 80.1689, 20.8436, 79.8729, 20.9205]",https://sagarin.com/sports/cfsend.htm,2026-07-29T12:37:06Z,preformatted text parse; rating components parsed from Sagarin fields
2026-07-29,2026,Sagarin,Sun Belt East,SUN BELT EAST,9,61.32,62.38,9.0,7.0,61.67,10.9554,62.2912,11.1834,62.6342,10.8369,,,,"[62.38, 9.0, 7.0, 61.67, 9.0, 62.3846, 10.8674, 61.8359, 10.9554, 62.2912, 11.1834, 62.6342, 10.8369]",https://sagarin.com/sports/cfsend.htm,2026-07-29T12:37:06Z,preformatted text parse; rating components parsed from Sagarin fields
2026-07-29,2026,Sagarin,Sun Belt West,SUN BELT WEST,10,59.21,59.22,10.0,7.0,59.24,5.7014,59.162,5.2361,59.2043,5.1237,,,,"[59.22, 10.0, 7.0, 59.24, 10.0, 59.2154, 5.305, 58.9268, 5.7014, 59.162, 5.2361, 59.2043, 5.1237]",https://sagarin.com/sports/cfsend.htm,2026-07-29T12:37:06Z,preformatted text parse; rating components parsed from Sagarin fields
2026-07-29,2026,Sagarin,C Indiana,C   Indiana,1,5.47,3.96,4.94,8.19,13.12,49.56,,,,,,,,"[3.96, 4.94, 8.19, 13.12, 182.0, 65.0, 19.38, 30.18, 49.56]",https://sagarin.com/sports/cfsend.htm,2026-07-29T12:37:06Z,preformatted text parse; rating components parsed from Sagarin fields
