snapshot_date,season,team,conference,book,win_total,over_odds,under_odds,source_url,notes
2026-07-17,2026,Miami-FL,,DraftKings,10.5,-110,-110,https://www.actionnetwork.com/ncaaf/futures,Action rendered table; book=DK OH; cell_index=7; pulled_at=2026-07-17T17:08:48.658198+00:00; team_raw=Miami (FL) Hurricanes
2026-07-17,2026,Hawai'i Warriors,,DraftKings,7.5,120,-150,https://www.actionnetwork.com/ncaaf/futures,Action rendered table; book=DK OH; cell_index=7; pulled_at=2026-07-17T17:08:48.658198+00:00; team_raw=Hawai'i Warriors
2026-07-17,2026,Indiana,,DraftKings,10.5,105,-125,https://www.actionnetwork.com/ncaaf/futures,Action rendered table; book=DK OH; cell_index=7; pulled_at=2026-07-17T17:08:48.658198+00:00; team_raw=Indiana Hoosiers
2026-07-17,2026,Wisconsin,,DraftKings,6.5,-105,-115,https://www.actionnetwork.com/ncaaf/futures,Action rendered table; book=DK OH; cell_index=7; pulled_at=2026-07-17T17:08:48.658198+00:00; team_raw=Wisconsin Badgers
2026-07-17,2026,Syracuse,,DraftKings,4.5,105,-125,https://www.actionnetwork.com/ncaaf/futures,Action rendered table; book=DK OH; cell_index=7; pulled_at=2026-07-17T17:08:48.658198+00:00; team_raw=Syracuse Orange
2026-07-17,2026,Washington State,,DraftKings,5.5,134,-175,https://www.actionnetwork.com/ncaaf/futures,Action rendered table; book=DK OH; cell_index=7; pulled_at=2026-07-17T17:08:48.658198+00:00; team_raw=Washington State Cougars
2026-07-17,2026,Rutgers,,DraftKings,5.5,125,-160,https://www.actionnetwork.com/ncaaf/futures,Action rendered table; book=DK OH; cell_index=7; pulled_at=2026-07-17T17:08:48.658198+00:00; team_raw=Rutgers Scarlet Knights
2026-07-17,2026,South Carolina,,DraftKings,6.5,110,-130,https://www.actionnetwork.com/ncaaf/futures,Action rendered table; book=DK OH; cell_index=7; pulled_at=2026-07-17T17:08:48.658198+00:00; team_raw=South Carolina Gamecocks
2026-07-17,2026,Michigan,,DraftKings,8.5,140,-180,https://www.actionnetwork.com/ncaaf/futures,Action rendered table; book=DK OH; cell_index=7; pulled_at=2026-07-17T17:08:48.658198+00:00; team_raw=Michigan Wolverines
2026-07-17,2026,Texas Tech,,DraftKings,10.5,-200,160,https://www.actionnetwork.com/ncaaf/futures,Action rendered table; book=DK OH; cell_index=7; pulled_at=2026-07-17T17:08:48.658198+00:00; team_raw=Texas Tech Red Raiders
2026-07-17,2026,Oklahoma State,,DraftKings,6.5,134,-160,https://www.actionnetwork.com/ncaaf/futures,Action rendered table; book=DK OH; cell_index=7; pulled_at=2026-07-17T17:08:48.658198+00:00; team_raw=Oklahoma State Cowboys
2026-07-17,2026,Florida State,,DraftKings,6.5,140,-170,https://www.actionnetwork.com/ncaaf/futures,Action rendered table; book=DK OH; cell_index=7; pulled_at=2026-07-17T17:08:48.658198+00:00; team_raw=Florida State Seminoles
2026-07-17,2026,Maryland,,DraftKings,5.5,105,-125,https://www.actionnetwork.com/ncaaf/futures,Action rendered table; book=DK OH; cell_index=7; pulled_at=2026-07-17T17:08:48.658198+00:00; team_raw=Maryland Terrapins
2026-07-17,2026,Nebraska,,DraftKings,6.5,115,-136,https://www.actionnetwork.com/ncaaf/futures,Action rendered table; book=DK OH; cell_index=7; pulled_at=2026-07-17T17:08:48.658198+00:00; team_raw=Nebraska Cornhuskers
2026-07-17,2026,LSU,,DraftKings,8.5,-115,-105,https://www.actionnetwork.com/ncaaf/futures,Action rendered table; book=DK OH; cell_index=7; pulled_at=2026-07-17T17:08:48.658198+00:00; team_raw=LSU Tigers
2026-07-17,2026,Appalachian State,,DraftKings,5.5,-166,130,https://www.actionnetwork.com/ncaaf/futures,Action rendered table; book=DK OH; cell_index=7; pulled_at=2026-07-17T17:08:48.658198+00:00; team_raw=Appalachian State Mountaineers
2026-07-17,2026,Auburn,,DraftKings,6.5,-115,-105,https://www.actionnetwork.com/ncaaf/futures,Action rendered table; book=DK OH; cell_index=7; pulled_at=2026-07-17T17:08:48.658198+00:00; team_raw=Auburn Tigers
2026-07-17,2026,North Carolina State,,DraftKings,7.5,120,-140,https://www.actionnetwork.com/ncaaf/futures,Action rendered table; book=DK OH; cell_index=7; pulled_at=2026-07-17T17:08:48.658198+00:00; team_raw=North Carolina State Wolfpack
2026-07-17,2026,Louisville Cardinals,,DraftKings,8.5,134,-162,https://www.actionnetwork.com/ncaaf/futures,Action rendered table; book=DK OH; cell_index=7; pulled_at=2026-07-17T17:08:48.658198+00:00; team_raw=Louisville Cardinals
2026-07-17,2026,Georgia Tech,,DraftKings,6.5,105,-125,https://www.actionnetwork.com/ncaaf/futures,Action rendered table; book=DK OH; cell_index=7; pulled_at=2026-07-17T17:08:48.658198+00:00; team_raw=Georgia Tech Yellow Jackets
2026-07-17,2026,Iowa State Cyclones,,DraftKings,4.5,-170,134,https://www.actionnetwork.com/ncaaf/futures,Action rendered table; book=DK OH; cell_index=7; pulled_at=2026-07-17T17:08:48.658198+00:00; team_raw=Iowa State Cyclones
2026-07-17,2026,Florida,,DraftKings,7.5,130,-156,https://www.actionnetwork.com/ncaaf/futures,Action rendered table; book=DK OH; cell_index=7; pulled_at=2026-07-17T17:08:48.658198+00:00; team_raw=Florida Gators
2026-07-17,2026,Colorado Buffaloes,,DraftKings,4.5,134,-160,https://www.actionnetwork.com/ncaaf/futures,Action rendered table; book=DK OH; cell_index=7; pulled_at=2026-07-17T17:08:48.658198+00:00; team_raw=Colorado Buffaloes
2026-07-17,2026,Arizona Wildcats,,DraftKings,7.5,105,-125,https://www.actionnetwork.com/ncaaf/futures,Action rendered table; book=DK OH; cell_index=7; pulled_at=2026-07-17T17:08:48.658198+00:00; team_raw=Arizona Wildcats
2026-07-17,2026,Texas,,DraftKings,9.5,120,-142,https://www.actionnetwork.com/ncaaf/futures,Action rendered table; book=DK OH; cell_index=7; pulled_at=2026-07-17T17:08:48.658198+00:00; team_raw=Texas Longhorns
2026-07-17,2026,Minnesota,,DraftKings,6.5,130,-150,https://www.actionnetwork.com/ncaaf/futures,Action rendered table; book=DK OH; cell_index=7; pulled_at=2026-07-17T17:08:48.658198+00:00; team_raw=Minnesota Golden Gophers
2026-07-17,2026,Cincinnati,,DraftKings,5.5,125,-150,https://www.actionnetwork.com/ncaaf/futures,Action rendered table; book=DK OH; cell_index=7; pulled_at=2026-07-17T17:08:48.658198+00:00; team_raw=Cincinnati Bearcats
2026-07-17,2026,Alabama,,DraftKings,8.5,100,-120,https://www.actionnetwork.com/ncaaf/futures,Action rendered table; book=DK OH; cell_index=7; pulled_at=2026-07-17T17:08:48.658198+00:00; team_raw=Alabama Crimson Tide
2026-07-17,2026,Delaware Fightin Blue Hens,,DraftKings,6.5,130,-166,https://www.actionnetwork.com/ncaaf/futures,Action rendered table; book=DK OH; cell_index=7; pulled_at=2026-07-17T17:08:48.658198+00:00; team_raw=Delaware Fightin Blue Hens
2026-07-17,2026,Baylor,,DraftKings,5.5,-166,134,https://www.actionnetwork.com/ncaaf/futures,Action rendered table; book=DK OH; cell_index=7; pulled_at=2026-07-17T17:08:48.658198+00:00; team_raw=Baylor Bears
2026-07-17,2026,Western Kentucky Hilltoppers,,DraftKings,7.5,125,-160,https://www.actionnetwork.com/ncaaf/futures,Action rendered table; book=DK OH; cell_index=7; pulled_at=2026-07-17T17:08:48.658198+00:00; team_raw=Western Kentucky Hilltoppers
2026-07-17,2026,USC,,DraftKings,8.5,115,-136,https://www.actionnetwork.com/ncaaf/futures,Action rendered table; book=DK OH; cell_index=7; pulled_at=2026-07-17T17:08:48.658198+00:00; team_raw=USC Trojans
2026-07-17,2026,Buffalo Bulls,,DraftKings,5.5,-166,130,https://www.actionnetwork.com/ncaaf/futures,Action rendered table; book=DK OH; cell_index=7; pulled_at=2026-07-17T17:08:48.658198+00:00; team_raw=Buffalo Bulls
2026-07-17,2026,Illinois Fighting Illini,,DraftKings,7.5,134,-160,https://www.actionnetwork.com/ncaaf/futures,Action rendered table; book=DK OH; cell_index=7; pulled_at=2026-07-17T17:08:48.658198+00:00; team_raw=Illinois Fighting Illini
2026-07-17,2026,Kansas Jayhawks,,DraftKings,5.5,-156,128,https://www.actionnetwork.com/ncaaf/futures,Action rendered table; book=DK OH; cell_index=7; pulled_at=2026-07-17T17:08:48.658198+00:00; team_raw=Kansas Jayhawks
2026-07-17,2026,BYU,,DraftKings,8.5,-136,115,https://www.actionnetwork.com/ncaaf/futures,Action rendered table; book=DK OH; cell_index=7; pulled_at=2026-07-17T17:08:48.658198+00:00; team_raw=BYU Cougars
2026-07-17,2026,Stanford Cardinal,,DraftKings,3.5,-110,-110,https://www.actionnetwork.com/ncaaf/futures,Action rendered table; book=DK OH; cell_index=7; pulled_at=2026-07-17T17:08:48.658198+00:00; team_raw=Stanford Cardinal
2026-07-17,2026,Troy,,DraftKings,6.5,-140,110,https://www.actionnetwork.com/ncaaf/futures,Action rendered table; book=DK OH; cell_index=7; pulled_at=2026-07-17T17:08:48.658198+00:00; team_raw=Troy Trojans
2026-07-17,2026,Coastal Carolina Chanticleers,,DraftKings,4.5,-140,110,https://www.actionnetwork.com/ncaaf/futures,Action rendered table; book=DK OH; cell_index=7; pulled_at=2026-07-17T17:08:48.658198+00:00; team_raw=Coastal Carolina Chanticleers
2026-07-17,2026,Arizona State,,DraftKings,6.5,-120,100,https://www.actionnetwork.com/ncaaf/futures,Action rendered table; book=DK OH; cell_index=7; pulled_at=2026-07-17T17:08:48.658198+00:00; team_raw=Arizona State Sun Devils
2026-07-17,2026,California Golden,,DraftKings,6.5,100,-120,https://www.actionnetwork.com/ncaaf/futures,Action rendered table; book=DK OH; cell_index=7; pulled_at=2026-07-17T17:08:48.658198+00:00; team_raw=California Golden Bears
2026-07-17,2026,Arkansas Razorbacks,,DraftKings,4.5,130,-166,https://www.actionnetwork.com/ncaaf/futures,Action rendered table; book=DK OH; cell_index=7; pulled_at=2026-07-17T17:08:48.658198+00:00; team_raw=Arkansas Razorbacks
2026-07-17,2026,Arkansas State Red Wolves,,DraftKings,6.5,110,-140,https://www.actionnetwork.com/ncaaf/futures,Action rendered table; book=DK OH; cell_index=7; pulled_at=2026-07-17T17:08:48.658198+00:00; team_raw=Arkansas State Red Wolves
2026-07-17,2026,Marshall Thundering Herd,,DraftKings,7.5,105,-136,https://www.actionnetwork.com/ncaaf/futures,Action rendered table; book=DK OH; cell_index=7; pulled_at=2026-07-17T17:08:48.658198+00:00; team_raw=Marshall Thundering Herd
2026-07-17,2026,Missouri State,,DraftKings,4.5,130,-170,https://www.actionnetwork.com/ncaaf/futures,Action rendered table; book=DK OH; cell_index=7; pulled_at=2026-07-17T17:08:48.658198+00:00; team_raw=Missouri State Bears
2026-07-17,2026,North Texas,,DraftKings,5.5,-130,100,https://www.actionnetwork.com/ncaaf/futures,Action rendered table; book=DK OH; cell_index=7; pulled_at=2026-07-17T17:08:48.658198+00:00; team_raw=North Texas Mean Green
2026-07-17,2026,Nevada Wolf Pack,,DraftKings,4.5,120,-150,https://www.actionnetwork.com/ncaaf/futures,Action rendered table; book=DK OH; cell_index=7; pulled_at=2026-07-17T17:08:48.658198+00:00; team_raw=Nevada Wolf Pack
2026-07-17,2026,Georgia State,,DraftKings,3.5,-166,130,https://www.actionnetwork.com/ncaaf/futures,Action rendered table; book=DK OH; cell_index=7; pulled_at=2026-07-17T17:08:48.658198+00:00; team_raw=Georgia State Panthers
2026-07-17,2026,Oregon,,DraftKings,10.5,100,-120,https://www.actionnetwork.com/ncaaf/futures,Action rendered table; book=DK OH; cell_index=7; pulled_at=2026-07-17T17:08:48.658198+00:00; team_raw=Oregon Ducks
2026-07-17,2026,Western Michigan,,DraftKings,6.5,-160,125,https://www.actionnetwork.com/ncaaf/futures,Action rendered table; book=DK OH; cell_index=7; pulled_at=2026-07-17T17:08:48.658198+00:00; team_raw=Western Michigan Broncos
2026-07-17,2026,SMU,,DraftKings,8.5,-125,105,https://www.actionnetwork.com/ncaaf/futures,Action rendered table; book=DK OH; cell_index=7; pulled_at=2026-07-17T17:08:48.658198+00:00; team_raw=SMU Mustangs
2026-07-17,2026,Louisiana Ragin' Cajuns,,DraftKings,7.5,115,-146,https://www.actionnetwork.com/ncaaf/futures,Action rendered table; book=DK OH; cell_index=7; pulled_at=2026-07-17T17:08:48.658198+00:00; team_raw=Louisiana Ragin' Cajuns
2026-07-17,2026,Eastern Michigan,,DraftKings,5.5,-150,120,https://www.actionnetwork.com/ncaaf/futures,Action rendered table; book=DK OH; cell_index=7; pulled_at=2026-07-17T17:08:48.658198+00:00; team_raw=Eastern Michigan Eagles
2026-07-17,2026,Middle Tennessee Blue Raiders,,DraftKings,3.5,-160,125,https://www.actionnetwork.com/ncaaf/futures,Action rendered table; book=DK OH; cell_index=7; pulled_at=2026-07-17T17:08:48.658198+00:00; team_raw=Middle Tennessee Blue Raiders
2026-07-17,2026,Northwestern Wildcats,,DraftKings,5.5,110,-130,https://www.actionnetwork.com/ncaaf/futures,Action rendered table; book=DK OH; cell_index=7; pulled_at=2026-07-17T17:08:48.658198+00:00; team_raw=Northwestern Wildcats
2026-07-17,2026,Oklahoma Sooners,,DraftKings,7.5,-136,115,https://www.actionnetwork.com/ncaaf/futures,Action rendered table; book=DK OH; cell_index=7; pulled_at=2026-07-17T17:08:48.658198+00:00; team_raw=Oklahoma Sooners
2026-07-17,2026,South Florida Bulls,,DraftKings,8.5,115,-146,https://www.actionnetwork.com/ncaaf/futures,Action rendered table; book=DK OH; cell_index=7; pulled_at=2026-07-17T17:08:48.658198+00:00; team_raw=South Florida Bulls
2026-07-17,2026,Tulane,,DraftKings,7.5,120,-150,https://www.actionnetwork.com/ncaaf/futures,Action rendered table; book=DK OH; cell_index=7; pulled_at=2026-07-17T17:08:48.658198+00:00; team_raw=Tulane Green Wave
2026-07-17,2026,New Mexico State,,DraftKings,4.5,-120,-110,https://www.actionnetwork.com/ncaaf/futures,Action rendered table; book=DK OH; cell_index=7; pulled_at=2026-07-17T17:08:48.658198+00:00; team_raw=New Mexico State Aggies
2026-07-17,2026,Northern Illinois Huskies,,DraftKings,3.5,-120,-110,https://www.actionnetwork.com/ncaaf/futures,Action rendered table; book=DK OH; cell_index=7; pulled_at=2026-07-17T17:08:48.658198+00:00; team_raw=Northern Illinois Huskies
2026-07-17,2026,North Carolina,,DraftKings,4.5,-130,110,https://www.actionnetwork.com/ncaaf/futures,Action rendered table; book=DK OH; cell_index=7; pulled_at=2026-07-17T17:08:48.658198+00:00; team_raw=North Carolina Tar Heels
2026-07-17,2026,Iowa Hawkeyes,,DraftKings,7.5,-125,105,https://www.actionnetwork.com/ncaaf/futures,Action rendered table; book=DK OH; cell_index=7; pulled_at=2026-07-17T17:08:48.658198+00:00; team_raw=Iowa Hawkeyes
2026-07-17,2026,Penn State,,DraftKings,8.5,-166,130,https://www.actionnetwork.com/ncaaf/futures,Action rendered table; book=DK OH; cell_index=7; pulled_at=2026-07-17T17:08:48.658198+00:00; team_raw=Penn State Nittany Lions
2026-07-17,2026,Virginia,,DraftKings,7.5,-150,125,https://www.actionnetwork.com/ncaaf/futures,Action rendered table; book=DK OH; cell_index=7; pulled_at=2026-07-17T17:08:48.658198+00:00; team_raw=Virginia Cavaliers
2026-07-17,2026,Notre Dame,,DraftKings,11.5,160,-190,https://www.actionnetwork.com/ncaaf/futures,Action rendered table; book=DK OH; cell_index=7; pulled_at=2026-07-17T17:08:48.658198+00:00; team_raw=Notre Dame Fighting Irish
2026-07-17,2026,Ole Miss,,DraftKings,7.5,-166,130,https://www.actionnetwork.com/ncaaf/futures,Action rendered table; book=DK OH; cell_index=7; pulled_at=2026-07-17T17:08:48.658198+00:00; team_raw=Ole Miss Rebels
2026-07-17,2026,Temple,,DraftKings,5.5,-110,-120,https://www.actionnetwork.com/ncaaf/futures,Action rendered table; book=DK OH; cell_index=7; pulled_at=2026-07-17T17:08:48.658198+00:00; team_raw=Temple Owls
2026-07-17,2026,Texas A&M,,DraftKings,8.5,100,-120,https://www.actionnetwork.com/ncaaf/futures,Action rendered table; book=DK OH; cell_index=7; pulled_at=2026-07-17T17:08:48.658198+00:00; team_raw=Texas A&M Aggies
2026-07-17,2026,UTSA,,DraftKings,7.5,-125,-105,https://www.actionnetwork.com/ncaaf/futures,Action rendered table; book=DK OH; cell_index=7; pulled_at=2026-07-17T17:08:48.658198+00:00; team_raw=UTSA Roadrunners
2026-07-17,2026,Rice,,DraftKings,3.5,-115,-115,https://www.actionnetwork.com/ncaaf/futures,Action rendered table; book=DK OH; cell_index=7; pulled_at=2026-07-17T17:08:48.658198+00:00; team_raw=Rice Owls
2026-07-17,2026,UAB Blazers,,DraftKings,3.5,-115,-115,https://www.actionnetwork.com/ncaaf/futures,Action rendered table; book=DK OH; cell_index=7; pulled_at=2026-07-17T17:08:48.658198+00:00; team_raw=UAB Blazers
2026-07-17,2026,Florida Atlantic,,DraftKings,5.5,-160,125,https://www.actionnetwork.com/ncaaf/futures,Action rendered table; book=DK OH; cell_index=7; pulled_at=2026-07-17T17:08:48.658198+00:00; team_raw=Florida Atlantic Owls
2026-07-17,2026,Michigan State,,DraftKings,4.5,130,-156,https://www.actionnetwork.com/ncaaf/futures,Action rendered table; book=DK OH; cell_index=7; pulled_at=2026-07-17T17:08:48.658198+00:00; team_raw=Michigan State Spartans
2026-07-17,2026,Washington Huskies,,DraftKings,7.5,-170,140,https://www.actionnetwork.com/ncaaf/futures,Action rendered table; book=DK OH; cell_index=7; pulled_at=2026-07-17T17:08:48.658198+00:00; team_raw=Washington Huskies
2026-07-17,2026,Jacksonville State,,DraftKings,7.5,105,-136,https://www.actionnetwork.com/ncaaf/futures,Action rendered table; book=DK OH; cell_index=7; pulled_at=2026-07-17T17:08:48.658198+00:00; team_raw=Jacksonville State Gamecocks
2026-07-17,2026,West Virginia,,DraftKings,5.5,-160,134,https://www.actionnetwork.com/ncaaf/futures,Action rendered table; book=DK OH; cell_index=7; pulled_at=2026-07-17T17:08:48.658198+00:00; team_raw=West Virginia Mountaineers
2026-07-17,2026,Akron,,DraftKings,4.5,-125,-105,https://www.actionnetwork.com/ncaaf/futures,Action rendered table; book=DK OH; cell_index=7; pulled_at=2026-07-17T17:08:48.658198+00:00; team_raw=Akron Zips
2026-07-17,2026,Ohio State,,DraftKings,9.5,-166,140,https://www.actionnetwork.com/ncaaf/futures,Action rendered table; book=DK OH; cell_index=7; pulled_at=2026-07-17T17:08:48.658198+00:00; team_raw=Ohio State Buckeyes
2026-07-17,2026,Virginia Tech,,DraftKings,6.5,-150,125,https://www.actionnetwork.com/ncaaf/futures,Action rendered table; book=DK OH; cell_index=7; pulled_at=2026-07-17T17:08:48.658198+00:00; team_raw=Virginia Tech Hokies
2026-07-17,2026,North Dakota State Bison,,DraftKings,8.5,-180,140,https://www.actionnetwork.com/ncaaf/futures,Action rendered table; book=DK OH; cell_index=7; pulled_at=2026-07-17T17:08:48.658198+00:00; team_raw=North Dakota State Bison
2026-07-17,2026,Vanderbilt Commodores,,DraftKings,5.5,-130,110,https://www.actionnetwork.com/ncaaf/futures,Action rendered table; book=DK OH; cell_index=7; pulled_at=2026-07-17T17:08:48.658198+00:00; team_raw=Vanderbilt Commodores
2026-07-17,2026,Sacramento State Hornets,,DraftKings,4.5,-125,-105,https://www.actionnetwork.com/ncaaf/futures,Action rendered table; book=DK OH; cell_index=7; pulled_at=2026-07-17T17:08:48.658198+00:00; team_raw=Sacramento State Hornets
2026-07-17,2026,UCLA Bruins,,DraftKings,6.5,110,-132,https://www.actionnetwork.com/ncaaf/futures,Action rendered table; book=DK OH; cell_index=7; pulled_at=2026-07-17T17:08:48.658198+00:00; team_raw=UCLA Bruins
2026-07-17,2026,Louisiana Tech,,DraftKings,5.5,-160,125,https://www.actionnetwork.com/ncaaf/futures,Action rendered table; book=DK OH; cell_index=7; pulled_at=2026-07-17T17:08:48.658198+00:00; team_raw=Louisiana Tech Bulldogs
2026-07-17,2026,UTEP,,DraftKings,3.5,110,-140,https://www.actionnetwork.com/ncaaf/futures,Action rendered table; book=DK OH; cell_index=7; pulled_at=2026-07-17T17:08:48.658198+00:00; team_raw=UTEP Miners
2026-07-17,2026,Army Black,,DraftKings,7.5,-146,115,https://www.actionnetwork.com/ncaaf/futures,Action rendered table; book=DK OH; cell_index=7; pulled_at=2026-07-17T17:08:48.658198+00:00; team_raw=Army Black Knights
2026-07-17,2026,Old Dominion Monarchs,,DraftKings,7.5,-120,-110,https://www.actionnetwork.com/ncaaf/futures,Action rendered table; book=DK OH; cell_index=7; pulled_at=2026-07-17T17:08:48.658198+00:00; team_raw=Old Dominion Monarchs
2026-07-17,2026,San Jose State,,DraftKings,3.5,-180,140,https://www.actionnetwork.com/ncaaf/futures,Action rendered table; book=DK OH; cell_index=7; pulled_at=2026-07-17T17:08:48.658198+00:00; team_raw=San Jose State Spartans
2026-07-17,2026,Missouri,,DraftKings,6.5,-136,115,https://www.actionnetwork.com/ncaaf/futures,Action rendered table; book=DK OH; cell_index=7; pulled_at=2026-07-17T17:08:48.658198+00:00; team_raw=Missouri Tigers
2026-07-17,2026,Purdue Boilermakers,,DraftKings,3.5,100,-120,https://www.actionnetwork.com/ncaaf/futures,Action rendered table; book=DK OH; cell_index=7; pulled_at=2026-07-17T17:08:48.658198+00:00; team_raw=Purdue Boilermakers
2026-07-17,2026,Charlotte 49ers,,DraftKings,2.5,120,-150,https://www.actionnetwork.com/ncaaf/futures,Action rendered table; book=DK OH; cell_index=7; pulled_at=2026-07-17T17:08:48.658198+00:00; team_raw=Charlotte 49ers
2026-07-17,2026,Boise State,,DraftKings,8.5,200,-270,https://www.actionnetwork.com/ncaaf/futures,Action rendered table; book=DK OH; cell_index=7; pulled_at=2026-07-17T17:08:48.658198+00:00; team_raw=Boise State Broncos
2026-07-17,2026,UNLV,,DraftKings,7.5,-174,134,https://www.actionnetwork.com/ncaaf/futures,Action rendered table; book=DK OH; cell_index=7; pulled_at=2026-07-17T17:08:48.658198+00:00; team_raw=UNLV Rebels
2026-07-17,2026,Boston College,,DraftKings,3.5,100,-120,https://www.actionnetwork.com/ncaaf/futures,Action rendered table; book=DK OH; cell_index=7; pulled_at=2026-07-17T17:08:48.658198+00:00; team_raw=Boston College Eagles
2026-07-17,2026,Wyoming,,DraftKings,5.5,-110,-120,https://www.actionnetwork.com/ncaaf/futures,Action rendered table; book=DK OH; cell_index=7; pulled_at=2026-07-17T17:08:48.658198+00:00; team_raw=Wyoming Cowboys
2026-07-17,2026,Fresno State,,DraftKings,7.5,190,-260,https://www.actionnetwork.com/ncaaf/futures,Action rendered table; book=DK OH; cell_index=7; pulled_at=2026-07-17T17:08:48.658198+00:00; team_raw=Fresno State Bulldogs
2026-07-17,2026,Kent State Golden Flashes,,DraftKings,3.5,-105,-125,https://www.actionnetwork.com/ncaaf/futures,Action rendered table; book=DK OH; cell_index=7; pulled_at=2026-07-17T17:08:48.658198+00:00; team_raw=Kent State Golden Flashes
2026-07-17,2026,Tulsa Golden Hurricane,,DraftKings,5.5,-105,-125,https://www.actionnetwork.com/ncaaf/futures,Action rendered table; book=DK OH; cell_index=7; pulled_at=2026-07-17T17:08:48.658198+00:00; team_raw=Tulsa Golden Hurricane
2026-07-17,2026,Colorado State,,DraftKings,4.5,160,-200,https://www.actionnetwork.com/ncaaf/futures,Action rendered table; book=DK OH; cell_index=7; pulled_at=2026-07-17T17:08:48.658198+00:00; team_raw=Colorado State Rams
2026-07-17,2026,Oregon State Beavers,,DraftKings,4.5,154,-200,https://www.actionnetwork.com/ncaaf/futures,Action rendered table; book=DK OH; cell_index=7; pulled_at=2026-07-17T17:08:48.658198+00:00; team_raw=Oregon State Beavers
2026-07-17,2026,TCU Horned Frogs,,DraftKings,6.5,-146,125,https://www.actionnetwork.com/ncaaf/futures,Action rendered table; book=DK OH; cell_index=7; pulled_at=2026-07-17T17:08:48.658198+00:00; team_raw=TCU Horned Frogs
2026-07-17,2026,Ohio Bobcats,,DraftKings,6.5,-130,100,https://www.actionnetwork.com/ncaaf/futures,Action rendered table; book=DK OH; cell_index=7; pulled_at=2026-07-17T17:08:48.658198+00:00; team_raw=Ohio Bobcats
2026-07-17,2026,James Madison Dukes,,DraftKings,8.5,-130,100,https://www.actionnetwork.com/ncaaf/futures,Action rendered table; book=DK OH; cell_index=7; pulled_at=2026-07-17T17:08:48.658198+00:00; team_raw=James Madison Dukes
2026-07-17,2026,Kansas State Wildcats,,DraftKings,8.5,115,-136,https://www.actionnetwork.com/ncaaf/futures,Action rendered table; book=DK OH; cell_index=7; pulled_at=2026-07-17T17:08:48.658198+00:00; team_raw=Kansas State Wildcats
2026-07-17,2026,Kentucky Wildcats,,DraftKings,4.5,-136,115,https://www.actionnetwork.com/ncaaf/futures,Action rendered table; book=DK OH; cell_index=7; pulled_at=2026-07-17T17:08:48.658198+00:00; team_raw=Kentucky Wildcats
2026-07-17,2026,Wake Forest,,DraftKings,5.5,-136,115,https://www.actionnetwork.com/ncaaf/futures,Action rendered table; book=DK OH; cell_index=7; pulled_at=2026-07-17T17:08:48.658198+00:00; team_raw=Wake Forest Demon Deacons
2026-07-17,2026,UL-Monroe Warhawks,,DraftKings,3.5,-115,-115,https://www.actionnetwork.com/ncaaf/futures,Action rendered table; book=DK OH; cell_index=7; pulled_at=2026-07-17T17:08:48.658198+00:00; team_raw=UL-Monroe Warhawks
2026-07-17,2026,Kennesaw State,,DraftKings,6.5,120,-150,https://www.actionnetwork.com/ncaaf/futures,Action rendered table; book=DK OH; cell_index=7; pulled_at=2026-07-17T17:08:48.658198+00:00; team_raw=Kennesaw State Owls
2026-07-17,2026,Southern Miss,,DraftKings,3.5,-130,100,https://www.actionnetwork.com/ncaaf/futures,Action rendered table; book=DK OH; cell_index=7; pulled_at=2026-07-17T17:08:48.658198+00:00; team_raw=Southern Miss Golden Eagles
2026-07-17,2026,Bowling Green,,DraftKings,4.5,-160,125,https://www.actionnetwork.com/ncaaf/futures,Action rendered table; book=DK OH; cell_index=7; pulled_at=2026-07-17T17:08:48.658198+00:00; team_raw=Bowling Green Falcons
2026-07-17,2026,Utah State,,DraftKings,5.5,175,-230,https://www.actionnetwork.com/ncaaf/futures,Action rendered table; book=DK OH; cell_index=7; pulled_at=2026-07-17T17:08:48.658198+00:00; team_raw=Utah State Aggies
2026-07-17,2026,UConn Huskies,,DraftKings,5.5,-105,-125,https://www.actionnetwork.com/ncaaf/futures,Action rendered table; book=DK OH; cell_index=7; pulled_at=2026-07-17T17:08:48.658198+00:00; team_raw=UConn Huskies
2026-07-17,2026,Duke Blue Devils,,DraftKings,5.5,-130,110,https://www.actionnetwork.com/ncaaf/futures,Action rendered table; book=DK OH; cell_index=7; pulled_at=2026-07-17T17:08:48.658198+00:00; team_raw=Duke Blue Devils
2026-07-17,2026,Miami (OH) RedHawks,,DraftKings,7.5,120,-150,https://www.actionnetwork.com/ncaaf/futures,Action rendered table; book=DK OH; cell_index=7; pulled_at=2026-07-17T17:08:48.658198+00:00; team_raw=Miami (OH) RedHawks
2026-07-17,2026,Navy Midshipmen,,DraftKings,7.5,-160,125,https://www.actionnetwork.com/ncaaf/futures,Action rendered table; book=DK OH; cell_index=7; pulled_at=2026-07-17T17:08:48.658198+00:00; team_raw=Navy Midshipmen
2026-07-17,2026,UCF,,DraftKings,5.5,-130,110,https://www.actionnetwork.com/ncaaf/futures,Action rendered table; book=DK OH; cell_index=7; pulled_at=2026-07-17T17:08:48.658198+00:00; team_raw=UCF Knights
2026-07-17,2026,New Mexico,,DraftKings,8.5,140,-180,https://www.actionnetwork.com/ncaaf/futures,Action rendered table; book=DK OH; cell_index=7; pulled_at=2026-07-17T17:08:48.658198+00:00; team_raw=New Mexico Lobos
2026-07-17,2026,Texas State Bobcats,,DraftKings,6.5,130,-166,https://www.actionnetwork.com/ncaaf/futures,Action rendered table; book=DK OH; cell_index=7; pulled_at=2026-07-17T17:08:48.658198+00:00; team_raw=Texas State Bobcats
2026-07-17,2026,Ball State Cardinals,,DraftKings,3.5,-120,-110,https://www.actionnetwork.com/ncaaf/futures,Action rendered table; book=DK OH; cell_index=7; pulled_at=2026-07-17T17:08:48.658198+00:00; team_raw=Ball State Cardinals
2026-07-17,2026,Air Force,,DraftKings,7.5,120,-150,https://www.actionnetwork.com/ncaaf/futures,Action rendered table; book=DK OH; cell_index=7; pulled_at=2026-07-17T17:08:48.658198+00:00; team_raw=Air Force Falcons
2026-07-17,2026,Tennessee,,DraftKings,7.5,105,-125,https://www.actionnetwork.com/ncaaf/futures,Action rendered table; book=DK OH; cell_index=7; pulled_at=2026-07-17T17:08:48.658198+00:00; team_raw=Tennessee Volunteers
2026-07-17,2026,Georgia Southern,,DraftKings,4.5,-150,120,https://www.actionnetwork.com/ncaaf/futures,Action rendered table; book=DK OH; cell_index=7; pulled_at=2026-07-17T17:08:48.658198+00:00; team_raw=Georgia Southern Eagles
2026-07-17,2026,San Diego State,,DraftKings,7.5,144,-190,https://www.actionnetwork.com/ncaaf/futures,Action rendered table; book=DK OH; cell_index=7; pulled_at=2026-07-17T17:08:48.658198+00:00; team_raw=San Diego State Aztecs
2026-07-17,2026,Sam Houston State Bearkats,,DraftKings,3.5,125,-160,https://www.actionnetwork.com/ncaaf/futures,Action rendered table; book=DK OH; cell_index=7; pulled_at=2026-07-17T17:08:48.658198+00:00; team_raw=Sam Houston State Bearkats
2026-07-17,2026,Memphis,,DraftKings,7.5,-125,-105,https://www.actionnetwork.com/ncaaf/futures,Action rendered table; book=DK OH; cell_index=7; pulled_at=2026-07-17T17:08:48.658198+00:00; team_raw=Memphis Tigers
2026-07-17,2026,Houston,,DraftKings,8.5,130,-156,https://www.actionnetwork.com/ncaaf/futures,Action rendered table; book=DK OH; cell_index=7; pulled_at=2026-07-17T17:08:48.658198+00:00; team_raw=Houston Cougars
2026-07-17,2026,East Carolina,,DraftKings,7.5,-105,-125,https://www.actionnetwork.com/ncaaf/futures,Action rendered table; book=DK OH; cell_index=7; pulled_at=2026-07-17T17:08:48.658198+00:00; team_raw=East Carolina Pirates
2026-07-17,2026,Georgia,,DraftKings,9.5,-180,150,https://www.actionnetwork.com/ncaaf/futures,Action rendered table; book=DK OH; cell_index=7; pulled_at=2026-07-17T17:08:48.658198+00:00; team_raw=Georgia Bulldogs
2026-07-17,2026,Clemson,,DraftKings,7.5,-130,110,https://www.actionnetwork.com/ncaaf/futures,Action rendered table; book=DK OH; cell_index=7; pulled_at=2026-07-17T17:08:48.658198+00:00; team_raw=Clemson Tigers
2026-07-17,2026,Liberty,,DraftKings,8.5,115,-146,https://www.actionnetwork.com/ncaaf/futures,Action rendered table; book=DK OH; cell_index=7; pulled_at=2026-07-17T17:08:48.658198+00:00; team_raw=Liberty Flames
2026-07-17,2026,South Alabama Jaguars,,DraftKings,5.5,-130,100,https://www.actionnetwork.com/ncaaf/futures,Action rendered table; book=DK OH; cell_index=7; pulled_at=2026-07-17T17:08:48.658198+00:00; team_raw=South Alabama Jaguars
2026-07-17,2026,Florida International,,DraftKings,6.5,120,-150,https://www.actionnetwork.com/ncaaf/futures,Action rendered table; book=DK OH; cell_index=7; pulled_at=2026-07-17T17:08:48.658198+00:00; team_raw=Florida International Panthers
2026-07-17,2026,Mississippi State,,DraftKings,4.5,-136,115,https://www.actionnetwork.com/ncaaf/futures,Action rendered table; book=DK OH; cell_index=7; pulled_at=2026-07-17T17:08:48.658198+00:00; team_raw=Mississippi State Bulldogs
2026-07-17,2026,Utah Utes,,DraftKings,8.5,-150,125,https://www.actionnetwork.com/ncaaf/futures,Action rendered table; book=DK OH; cell_index=7; pulled_at=2026-07-17T17:08:48.658198+00:00; team_raw=Utah Utes
2026-07-17,2026,UMass Minutemen,,DraftKings,2.5,-146,115,https://www.actionnetwork.com/ncaaf/futures,Action rendered table; book=DK OH; cell_index=7; pulled_at=2026-07-17T17:08:48.658198+00:00; team_raw=UMass Minutemen
2026-07-17,2026,Pittsburgh,,DraftKings,7.5,-146,125,https://www.actionnetwork.com/ncaaf/futures,Action rendered table; book=DK OH; cell_index=7; pulled_at=2026-07-17T17:08:48.658198+00:00; team_raw=Pittsburgh Panthers
2026-07-17,2026,Toledo Rockets,,DraftKings,7.5,-130,100,https://www.actionnetwork.com/ncaaf/futures,Action rendered table; book=DK OH; cell_index=7; pulled_at=2026-07-17T17:08:48.658198+00:00; team_raw=Toledo Rockets
2026-07-17,2026,Central Michigan Chippewas,,DraftKings,6.5,110,-140,https://www.actionnetwork.com/ncaaf/futures,Action rendered table; book=DK OH; cell_index=7; pulled_at=2026-07-17T17:08:48.658198+00:00; team_raw=Central Michigan Chippewas
