provider,canonical_game_id,season,canonical_site_week,kickoff,away_team,home_team,neutral_site,game_classification,market_type,selected_sportsbook,away_line,home_line,away_price,home_price,total_line,over_price,under_price,source_updated_at,available,stale_flag,selection_reason,fallback_reason,paired_market_id,source_run_id,coverage_status,acceptance_eligibility,ingestion_timestamp,payload_hash
sports_game_odds,g1,2026,0,2026-08-29,Sacramento State,Eastern Michigan,False,FBS_vs_FBS,moneyline,draftkings,,,260,-325,,,,2026-07-30T03:49:56.917Z,True,False,DraftKings priority,,c2877dc11428b5a39856919b28d3ef8cec66508a5327d3700c869aefa4795964,replay-20260730T035405Z-85165416-corrected,PARTIAL,False,2026-07-30T13:23:09.432257+00:00,132b902a730c8fff6561083136a4992a257446758de16e9711fa2475a371e483
sports_game_odds,g1,2026,0,2026-08-29,Sacramento State,Eastern Michigan,False,FBS_vs_FBS,spread,draftkings,8.5,-8.5,-110,-110,,,,2026-07-30T03:49:56.917Z,True,False,DraftKings priority,,06b7458881b2e9087b9990ddde9794cc01eec7c66a5115ecbfb243633479c7b9,replay-20260730T035405Z-85165416-corrected,PARTIAL,False,2026-07-30T13:23:09.432257+00:00,132b902a730c8fff6561083136a4992a257446758de16e9711fa2475a371e483
sports_game_odds,g1,2026,0,2026-08-29,Sacramento State,Eastern Michigan,False,FBS_vs_FBS,total,draftkings,,,,,53.5,-108,-112,2026-07-30T03:49:56.917Z,True,False,DraftKings priority,,be013363d0bdf461b3a17ecab7c81c3bf39ff17c9cd141a90171d0f0f1a39845,replay-20260730T035405Z-85165416-corrected,PARTIAL,False,2026-07-30T13:23:09.432257+00:00,132b902a730c8fff6561083136a4992a257446758de16e9711fa2475a371e483
sports_game_odds,g2,2026,0,2026-08-29,New Mexico State,Florida State,False,FBS_vs_FBS,moneyline,draftkings,,,3000,-10000,,,,2026-07-30T03:49:56.917Z,True,False,DraftKings priority,,f5b46578a842cf7823f3a93ca0f1a6b39937e42efec648f2ff2c8f768f36068f,replay-20260730T035405Z-85165416-corrected,PARTIAL,False,2026-07-30T13:23:09.432257+00:00,132b902a730c8fff6561083136a4992a257446758de16e9711fa2475a371e483
sports_game_odds,g2,2026,0,2026-08-29,New Mexico State,Florida State,False,FBS_vs_FBS,spread,draftkings,30.5,-30.5,-108,-112,,,,2026-07-30T03:49:56.917Z,True,False,DraftKings priority,,2f7d0fa9ba8caf235ebb0a84bce7cbd94ca404b3fa16d67452d12e1d6093d241,replay-20260730T035405Z-85165416-corrected,PARTIAL,False,2026-07-30T13:23:09.432257+00:00,132b902a730c8fff6561083136a4992a257446758de16e9711fa2475a371e483
sports_game_odds,g2,2026,0,2026-08-29,New Mexico State,Florida State,False,FBS_vs_FBS,total,draftkings,,,,,53.5,-110,-110,2026-07-30T03:49:56.917Z,True,False,DraftKings priority,,08f503ce6ffaf62d168e5066da1edc1b8bc3120ad40ac4e05318cd9803200c0d,replay-20260730T035405Z-85165416-corrected,PARTIAL,False,2026-07-30T13:23:09.432257+00:00,132b902a730c8fff6561083136a4992a257446758de16e9711fa2475a371e483
sports_game_odds,g3,2026,0,2026-08-29,Jacksonville State,North Dakota State,False,FBS_vs_FBS,moneyline,draftkings,,,230,-285,,,,2026-07-30T03:49:56.917Z,True,False,DraftKings priority,,3c70a7f4c5528bea539cb7c4d259a424657f582a483070daf8dab9eb2634d784,replay-20260730T035405Z-85165416-corrected,PARTIAL,False,2026-07-30T13:23:09.432257+00:00,132b902a730c8fff6561083136a4992a257446758de16e9711fa2475a371e483
sports_game_odds,g3,2026,0,2026-08-29,Jacksonville State,North Dakota State,False,FBS_vs_FBS,spread,draftkings,7.5,-7.5,-110,-110,,,,2026-07-30T03:49:56.917Z,True,False,DraftKings priority,,884eb6e8e79c0662c8494ffe4d9517c564dd0fa2f1f6c3b85369ef14e5950318,replay-20260730T035405Z-85165416-corrected,PARTIAL,False,2026-07-30T13:23:09.432257+00:00,132b902a730c8fff6561083136a4992a257446758de16e9711fa2475a371e483
sports_game_odds,g3,2026,0,2026-08-29,Jacksonville State,North Dakota State,False,FBS_vs_FBS,total,draftkings,,,,,48.5,-105,-115,2026-07-30T03:49:56.917Z,True,False,DraftKings priority,,2059e4860d5d6fcbfb566e761e6f50c344c07fce693b669cd8b085b4ed003634,replay-20260730T035405Z-85165416-corrected,PARTIAL,False,2026-07-30T13:23:09.432257+00:00,132b902a730c8fff6561083136a4992a257446758de16e9711fa2475a371e483
sports_game_odds,g4,2026,0,2026-08-29,Hawaii,Stanford,False,FBS_vs_FBS,moneyline,draftkings,,,160,-192,,,,2026-07-30T03:49:56.917Z,True,False,DraftKings priority,,1482fcbc2489e97506fba02c32901fd0be646951a8c7db544fbecd8bee8101ab,replay-20260730T035405Z-85165416-corrected,PARTIAL,False,2026-07-30T13:23:09.432257+00:00,132b902a730c8fff6561083136a4992a257446758de16e9711fa2475a371e483
sports_game_odds,g4,2026,0,2026-08-29,Hawaii,Stanford,False,FBS_vs_FBS,spread,draftkings,4.0,-4.0,-112,-108,,,,2026-07-30T03:49:56.917Z,True,False,DraftKings priority,,e431ac0ee1aab17b4bd2668ad4b78b425553cf483a361a1ef91fa6f6919c4a44,replay-20260730T035405Z-85165416-corrected,PARTIAL,False,2026-07-30T13:23:09.432257+00:00,132b902a730c8fff6561083136a4992a257446758de16e9711fa2475a371e483
sports_game_odds,g4,2026,0,2026-08-29,Hawaii,Stanford,False,FBS_vs_FBS,total,draftkings,,,,,50.5,-108,-112,2026-07-30T03:49:56.917Z,True,False,DraftKings priority,,5f5fce1be11f41eff6634da4423d578858740929a334b8d87670d62967d847e6,replay-20260730T035405Z-85165416-corrected,PARTIAL,False,2026-07-30T13:23:09.432257+00:00,132b902a730c8fff6561083136a4992a257446758de16e9711fa2475a371e483
sports_game_odds,g5,2026,0,2026-08-29,North Carolina,TCU,True,FBS_vs_FBS,moneyline,draftkings,,,205,-250,,,,2026-07-30T03:49:56.917Z,True,False,DraftKings priority,,b38387d51f098cf58d105f49a8a42071236ec40bb7ad826deac1c7d8ce50db82,replay-20260730T035405Z-85165416-corrected,PARTIAL,False,2026-07-30T13:23:09.432257+00:00,132b902a730c8fff6561083136a4992a257446758de16e9711fa2475a371e483
sports_game_odds,g5,2026,0,2026-08-29,North Carolina,TCU,True,FBS_vs_FBS,spread,draftkings,6.5,-6.5,-108,-112,,,,2026-07-30T03:49:56.917Z,True,False,DraftKings priority,,f85d4ce585efebd3af4180c0701a872a3d935ebf8f23228068da7c186f147981,replay-20260730T035405Z-85165416-corrected,PARTIAL,False,2026-07-30T13:23:09.432257+00:00,132b902a730c8fff6561083136a4992a257446758de16e9711fa2475a371e483
sports_game_odds,g5,2026,0,2026-08-29,North Carolina,TCU,True,FBS_vs_FBS,total,draftkings,,,,,49.5,-110,-110,2026-07-30T03:49:56.917Z,True,False,DraftKings priority,,65ee93e1c2be1c9d83982c1c443756ff588f34aac4c68d380177ec95e06860ef,replay-20260730T035405Z-85165416-corrected,PARTIAL,False,2026-07-30T13:23:09.432257+00:00,132b902a730c8fff6561083136a4992a257446758de16e9711fa2475a371e483
sports_game_odds,g6,2026,0,2026-08-29,Memphis,UNLV,False,FBS_vs_FBS,moneyline,draftkings,,,164,-198,,,,2026-07-30T03:49:56.917Z,True,False,DraftKings priority,,a01893277cf141663b29ec5969c2b559ff8e1f576310a48e6d7f5c07b2438d52,replay-20260730T035405Z-85165416-corrected,PARTIAL,False,2026-07-30T13:23:09.432257+00:00,132b902a730c8fff6561083136a4992a257446758de16e9711fa2475a371e483
sports_game_odds,g6,2026,0,2026-08-29,Memphis,UNLV,False,FBS_vs_FBS,spread,draftkings,5.5,-5.5,-112,-108,,,,2026-07-30T03:49:56.917Z,True,False,DraftKings priority,,eba5163a06fb05096a22621a828747a8ba3c76b5d6041526d502e0055c08cc16,replay-20260730T035405Z-85165416-corrected,PARTIAL,False,2026-07-30T13:23:09.432257+00:00,132b902a730c8fff6561083136a4992a257446758de16e9711fa2475a371e483
sports_game_odds,g6,2026,0,2026-08-29,Memphis,UNLV,False,FBS_vs_FBS,total,draftkings,,,,,59.5,-108,-112,2026-07-30T03:49:56.917Z,True,False,DraftKings priority,,4ac616fd54fa42c8c5285147e311639f48c157e3abe8fa8249439a0cf4c301fd,replay-20260730T035405Z-85165416-corrected,PARTIAL,False,2026-07-30T13:23:09.432257+00:00,132b902a730c8fff6561083136a4992a257446758de16e9711fa2475a371e483
sports_game_odds,g7,2026,0,2026-08-29,San Jose State,USC,False,FBS_vs_FBS,moneyline,draftkings,,,4000,-50000,,,,2026-07-30T03:49:56.917Z,True,False,DraftKings priority,,fb09a8de0c1aeba46c8e6c5e6aa014f0467fd7df882e3db9ab9c66d84407dc1b,replay-20260730T035405Z-85165416-corrected,PARTIAL,False,2026-07-30T13:23:09.432257+00:00,132b902a730c8fff6561083136a4992a257446758de16e9711fa2475a371e483
sports_game_odds,g7,2026,0,2026-08-29,San Jose State,USC,False,FBS_vs_FBS,spread,draftkings,35.5,-35.5,-105,-115,,,,2026-07-30T03:49:56.917Z,True,False,DraftKings priority,,157fb63e9ba0a9cfcfb0d2d9c3ba8c9ec81baa0318e4f596ee4b53b055ae3ff4,replay-20260730T035405Z-85165416-corrected,PARTIAL,False,2026-07-30T13:23:09.432257+00:00,132b902a730c8fff6561083136a4992a257446758de16e9711fa2475a371e483
sports_game_odds,g7,2026,0,2026-08-29,San Jose State,USC,False,FBS_vs_FBS,total,draftkings,,,,,58.5,-112,-108,2026-07-30T03:49:56.917Z,True,False,DraftKings priority,,79baf0ea1d642c3ef4306e16f3c43e8ff1d7e7bd4496dadf7cc509dcea9f35bd,replay-20260730T035405Z-85165416-corrected,PARTIAL,False,2026-07-30T13:23:09.432257+00:00,132b902a730c8fff6561083136a4992a257446758de16e9711fa2475a371e483
sports_game_odds,g8,2026,0,2026-08-29,NC State,Virginia,True,FBS_vs_FBS,moneyline,draftkings,,,170,-205,,,,2026-07-30T03:49:45.000Z,True,False,DraftKings priority,,edd237e31ac3a84673a62ae190cbc87ed637ea6d84818e2a3586166ff6ee92c3,replay-20260730T035405Z-85165416-corrected,PARTIAL,False,2026-07-30T13:23:09.432257+00:00,132b902a730c8fff6561083136a4992a257446758de16e9711fa2475a371e483
sports_game_odds,g8,2026,0,2026-08-29,NC State,Virginia,True,FBS_vs_FBS,spread,draftkings,5.5,-5.5,-110,-110,,,,2026-07-30T03:49:45.000Z,True,False,DraftKings priority,,be6014d9d30e2da2cd59fa91643ebe406fdac27e7cb8d3004a11d5ec3686472f,replay-20260730T035405Z-85165416-corrected,PARTIAL,False,2026-07-30T13:23:09.432257+00:00,132b902a730c8fff6561083136a4992a257446758de16e9711fa2475a371e483
sports_game_odds,g8,2026,0,2026-08-29,NC State,Virginia,True,FBS_vs_FBS,total,draftkings,,,,,54.5,-108,-112,2026-07-30T03:49:45.000Z,True,False,DraftKings priority,,db2c9f59bc9ab4121e0f2b65a59bbf58e5b62867dd7bb874ecee10f6b2261df8,replay-20260730T035405Z-85165416-corrected,PARTIAL,False,2026-07-30T13:23:09.432257+00:00,132b902a730c8fff6561083136a4992a257446758de16e9711fa2475a371e483
