provider,provider_event_id,canonical_game_id,season,canonical_site_week,kickoff,away_team,home_team,neutral_site,game_classification,sportsbook,market_type,side,line,price,paired_market_id,available,suspended,source_updated_at,ingestion_timestamp,quote_age_seconds,stale_flag,source_run_id,source_page,coverage_status,mapping_status,market_eligibility,acceptance_eligibility,exclusion_reason,payload_hash
sports_game_odds,xbCOjReBdyGPLVxh74Gh,g1,2026,0,2026-08-29,Sacramento State,Eastern Michigan,False,FBS_vs_FBS,betmgm,spread,away,8.5,-110,abbfca31dcc926a09db9e0250fc8d1da55da9aed6602c62bc29852af6cf8e902,True,False,2026-07-30T03:49:17.000Z,2026-07-30T13:23:09.432257+00:00,289.08,False,replay-20260730T035405Z-85165416-corrected,1,PARTIAL,canonical_mapped,True,False,coverage_partial,132b902a730c8fff6561083136a4992a257446758de16e9711fa2475a371e483
sports_game_odds,xbCOjReBdyGPLVxh74Gh,g1,2026,0,2026-08-29,Sacramento State,Eastern Michigan,False,FBS_vs_FBS,betmgm,spread,home,-8.5,-110,abbfca31dcc926a09db9e0250fc8d1da55da9aed6602c62bc29852af6cf8e902,True,False,2026-07-30T03:49:17.000Z,2026-07-30T13:23:09.432257+00:00,289.08,False,replay-20260730T035405Z-85165416-corrected,1,PARTIAL,canonical_mapped,True,False,coverage_partial,132b902a730c8fff6561083136a4992a257446758de16e9711fa2475a371e483
sports_game_odds,xbCOjReBdyGPLVxh74Gh,g1,2026,0,2026-08-29,Sacramento State,Eastern Michigan,False,FBS_vs_FBS,betmgm,total,over,52.5,-110,5cb395191c9af47a1cd546c19e915521c21f1c37596043d9f22ddba455e1383e,True,False,2026-07-30T03:49:17.000Z,2026-07-30T13:23:09.432257+00:00,289.08,False,replay-20260730T035405Z-85165416-corrected,1,PARTIAL,canonical_mapped,True,False,coverage_partial,132b902a730c8fff6561083136a4992a257446758de16e9711fa2475a371e483
sports_game_odds,xbCOjReBdyGPLVxh74Gh,g1,2026,0,2026-08-29,Sacramento State,Eastern Michigan,False,FBS_vs_FBS,betmgm,total,under,52.5,-110,5cb395191c9af47a1cd546c19e915521c21f1c37596043d9f22ddba455e1383e,True,False,2026-07-30T03:49:17.000Z,2026-07-30T13:23:09.432257+00:00,289.08,False,replay-20260730T035405Z-85165416-corrected,1,PARTIAL,canonical_mapped,True,False,coverage_partial,132b902a730c8fff6561083136a4992a257446758de16e9711fa2475a371e483
sports_game_odds,xbCOjReBdyGPLVxh74Gh,g1,2026,0,2026-08-29,Sacramento State,Eastern Michigan,False,FBS_vs_FBS,bovada,moneyline,away,,265,41e6010a333f07c621d0b5dbf858190339404b9f11adae1a9e573cbeb147fd84,True,False,2026-07-30T03:48:31.000Z,2026-07-30T13:23:09.432257+00:00,335.16,False,replay-20260730T035405Z-85165416-corrected,1,PARTIAL,canonical_mapped,True,False,coverage_partial,132b902a730c8fff6561083136a4992a257446758de16e9711fa2475a371e483
sports_game_odds,xbCOjReBdyGPLVxh74Gh,g1,2026,0,2026-08-29,Sacramento State,Eastern Michigan,False,FBS_vs_FBS,bovada,moneyline,home,,-330,41e6010a333f07c621d0b5dbf858190339404b9f11adae1a9e573cbeb147fd84,True,False,2026-07-30T03:48:31.000Z,2026-07-30T13:23:09.432257+00:00,335.16,False,replay-20260730T035405Z-85165416-corrected,1,PARTIAL,canonical_mapped,True,False,coverage_partial,132b902a730c8fff6561083136a4992a257446758de16e9711fa2475a371e483
sports_game_odds,xbCOjReBdyGPLVxh74Gh,g1,2026,0,2026-08-29,Sacramento State,Eastern Michigan,False,FBS_vs_FBS,bovada,spread,away,8.5,-110,f86a18bc457a0bae56c11604c8daf2d8840cc7b8ebad8fb188c48d0477b07730,True,False,2026-07-30T03:48:31.000Z,2026-07-30T13:23:09.432257+00:00,335.16,False,replay-20260730T035405Z-85165416-corrected,1,PARTIAL,canonical_mapped,True,False,coverage_partial,132b902a730c8fff6561083136a4992a257446758de16e9711fa2475a371e483
sports_game_odds,xbCOjReBdyGPLVxh74Gh,g1,2026,0,2026-08-29,Sacramento State,Eastern Michigan,False,FBS_vs_FBS,bovada,spread,home,-8.5,-110,f86a18bc457a0bae56c11604c8daf2d8840cc7b8ebad8fb188c48d0477b07730,True,False,2026-07-30T03:48:31.000Z,2026-07-30T13:23:09.432257+00:00,335.16,False,replay-20260730T035405Z-85165416-corrected,1,PARTIAL,canonical_mapped,True,False,coverage_partial,132b902a730c8fff6561083136a4992a257446758de16e9711fa2475a371e483
sports_game_odds,xbCOjReBdyGPLVxh74Gh,g1,2026,0,2026-08-29,Sacramento State,Eastern Michigan,False,FBS_vs_FBS,bovada,total,over,53.5,-110,0d204b55c3a657d44206e0159599875f8b924c29fdf94926d76013a29219573b,True,False,2026-07-30T03:48:31.000Z,2026-07-30T13:23:09.432257+00:00,335.16,False,replay-20260730T035405Z-85165416-corrected,1,PARTIAL,canonical_mapped,True,False,coverage_partial,132b902a730c8fff6561083136a4992a257446758de16e9711fa2475a371e483
sports_game_odds,xbCOjReBdyGPLVxh74Gh,g1,2026,0,2026-08-29,Sacramento State,Eastern Michigan,False,FBS_vs_FBS,bovada,total,under,53.5,-110,0d204b55c3a657d44206e0159599875f8b924c29fdf94926d76013a29219573b,True,False,2026-07-30T03:48:31.000Z,2026-07-30T13:23:09.432257+00:00,335.16,False,replay-20260730T035405Z-85165416-corrected,1,PARTIAL,canonical_mapped,True,False,coverage_partial,132b902a730c8fff6561083136a4992a257446758de16e9711fa2475a371e483
sports_game_odds,xbCOjReBdyGPLVxh74Gh,g1,2026,0,2026-08-29,Sacramento State,Eastern Michigan,False,FBS_vs_FBS,caesars,moneyline,away,,260,6fc053ad85d60c8ffbd576f58b20a1187ae90b4e1d5a7642e3bdbc5462554e82,True,False,2026-07-30T03:47:23.000Z,2026-07-30T13:23:09.432257+00:00,402.84,False,replay-20260730T035405Z-85165416-corrected,1,PARTIAL,canonical_mapped,True,False,coverage_partial,132b902a730c8fff6561083136a4992a257446758de16e9711fa2475a371e483
sports_game_odds,xbCOjReBdyGPLVxh74Gh,g1,2026,0,2026-08-29,Sacramento State,Eastern Michigan,False,FBS_vs_FBS,caesars,moneyline,home,,-325,6fc053ad85d60c8ffbd576f58b20a1187ae90b4e1d5a7642e3bdbc5462554e82,True,False,2026-07-30T03:47:23.000Z,2026-07-30T13:23:09.432257+00:00,402.84,False,replay-20260730T035405Z-85165416-corrected,1,PARTIAL,canonical_mapped,True,False,coverage_partial,132b902a730c8fff6561083136a4992a257446758de16e9711fa2475a371e483
sports_game_odds,xbCOjReBdyGPLVxh74Gh,g1,2026,0,2026-08-29,Sacramento State,Eastern Michigan,False,FBS_vs_FBS,caesars,spread,away,7.5,-105,dc31224730f6bf5f3b21fe741da367332a10f85019f6586ebd4bdc6d6e5f4f53,True,False,2026-07-30T03:47:23.000Z,2026-07-30T13:23:09.432257+00:00,402.84,False,replay-20260730T035405Z-85165416-corrected,1,PARTIAL,canonical_mapped,True,False,coverage_partial,132b902a730c8fff6561083136a4992a257446758de16e9711fa2475a371e483
sports_game_odds,xbCOjReBdyGPLVxh74Gh,g1,2026,0,2026-08-29,Sacramento State,Eastern Michigan,False,FBS_vs_FBS,caesars,spread,home,-7.5,-115,dc31224730f6bf5f3b21fe741da367332a10f85019f6586ebd4bdc6d6e5f4f53,True,False,2026-07-30T03:47:23.000Z,2026-07-30T13:23:09.432257+00:00,402.84,False,replay-20260730T035405Z-85165416-corrected,1,PARTIAL,canonical_mapped,True,False,coverage_partial,132b902a730c8fff6561083136a4992a257446758de16e9711fa2475a371e483
sports_game_odds,xbCOjReBdyGPLVxh74Gh,g1,2026,0,2026-08-29,Sacramento State,Eastern Michigan,False,FBS_vs_FBS,caesars,total,over,53.5,-105,df2316739426d1b4559886fef2e00587f586c9173cd2499036bb99da7cf3be05,True,False,2026-07-30T03:47:23.000Z,2026-07-30T13:23:09.432257+00:00,402.84,False,replay-20260730T035405Z-85165416-corrected,1,PARTIAL,canonical_mapped,True,False,coverage_partial,132b902a730c8fff6561083136a4992a257446758de16e9711fa2475a371e483
sports_game_odds,xbCOjReBdyGPLVxh74Gh,g1,2026,0,2026-08-29,Sacramento State,Eastern Michigan,False,FBS_vs_FBS,caesars,total,under,53.5,-115,df2316739426d1b4559886fef2e00587f586c9173cd2499036bb99da7cf3be05,True,False,2026-07-30T03:47:23.000Z,2026-07-30T13:23:09.432257+00:00,402.84,False,replay-20260730T035405Z-85165416-corrected,1,PARTIAL,canonical_mapped,True,False,coverage_partial,132b902a730c8fff6561083136a4992a257446758de16e9711fa2475a371e483
sports_game_odds,xbCOjReBdyGPLVxh74Gh,g1,2026,0,2026-08-29,Sacramento State,Eastern Michigan,False,FBS_vs_FBS,draftkings,moneyline,away,,260,c2877dc11428b5a39856919b28d3ef8cec66508a5327d3700c869aefa4795964,True,False,2026-07-30T03:49:56.917Z,2026-07-30T13:23:09.432257+00:00,249.12,False,replay-20260730T035405Z-85165416-corrected,1,PARTIAL,canonical_mapped,True,False,coverage_partial,132b902a730c8fff6561083136a4992a257446758de16e9711fa2475a371e483
sports_game_odds,xbCOjReBdyGPLVxh74Gh,g1,2026,0,2026-08-29,Sacramento State,Eastern Michigan,False,FBS_vs_FBS,draftkings,moneyline,home,,-325,c2877dc11428b5a39856919b28d3ef8cec66508a5327d3700c869aefa4795964,True,False,2026-07-30T03:49:56.917Z,2026-07-30T13:23:09.432257+00:00,249.12,False,replay-20260730T035405Z-85165416-corrected,1,PARTIAL,canonical_mapped,True,False,coverage_partial,132b902a730c8fff6561083136a4992a257446758de16e9711fa2475a371e483
sports_game_odds,xbCOjReBdyGPLVxh74Gh,g1,2026,0,2026-08-29,Sacramento State,Eastern Michigan,False,FBS_vs_FBS,draftkings,spread,away,8.5,-110,06b7458881b2e9087b9990ddde9794cc01eec7c66a5115ecbfb243633479c7b9,True,False,2026-07-30T03:49:56.917Z,2026-07-30T13:23:09.432257+00:00,249.12,False,replay-20260730T035405Z-85165416-corrected,1,PARTIAL,canonical_mapped,True,False,coverage_partial,132b902a730c8fff6561083136a4992a257446758de16e9711fa2475a371e483
sports_game_odds,xbCOjReBdyGPLVxh74Gh,g1,2026,0,2026-08-29,Sacramento State,Eastern Michigan,False,FBS_vs_FBS,draftkings,spread,home,-8.5,-110,06b7458881b2e9087b9990ddde9794cc01eec7c66a5115ecbfb243633479c7b9,True,False,2026-07-30T03:49:56.917Z,2026-07-30T13:23:09.432257+00:00,249.12,False,replay-20260730T035405Z-85165416-corrected,1,PARTIAL,canonical_mapped,True,False,coverage_partial,132b902a730c8fff6561083136a4992a257446758de16e9711fa2475a371e483
sports_game_odds,xbCOjReBdyGPLVxh74Gh,g1,2026,0,2026-08-29,Sacramento State,Eastern Michigan,False,FBS_vs_FBS,draftkings,total,over,53.5,-108,be013363d0bdf461b3a17ecab7c81c3bf39ff17c9cd141a90171d0f0f1a39845,True,False,2026-07-30T03:49:56.917Z,2026-07-30T13:23:09.432257+00:00,249.12,False,replay-20260730T035405Z-85165416-corrected,1,PARTIAL,canonical_mapped,True,False,coverage_partial,132b902a730c8fff6561083136a4992a257446758de16e9711fa2475a371e483
sports_game_odds,xbCOjReBdyGPLVxh74Gh,g1,2026,0,2026-08-29,Sacramento State,Eastern Michigan,False,FBS_vs_FBS,draftkings,total,under,53.5,-112,be013363d0bdf461b3a17ecab7c81c3bf39ff17c9cd141a90171d0f0f1a39845,True,False,2026-07-30T03:49:56.917Z,2026-07-30T13:23:09.432257+00:00,249.12,False,replay-20260730T035405Z-85165416-corrected,1,PARTIAL,canonical_mapped,True,False,coverage_partial,132b902a730c8fff6561083136a4992a257446758de16e9711fa2475a371e483
sports_game_odds,xbCOjReBdyGPLVxh74Gh,g1,2026,0,2026-08-29,Sacramento State,Eastern Michigan,False,FBS_vs_FBS,fanduel,moneyline,away,,265,598ae185d56e465d221c08dd3024a1982cb719d53c2b11bfb9866e0aa4445df4,True,False,2026-07-30T03:50:11.799Z,2026-07-30T13:23:09.432257+00:00,234.36,False,replay-20260730T035405Z-85165416-corrected,1,PARTIAL,canonical_mapped,True,False,coverage_partial,132b902a730c8fff6561083136a4992a257446758de16e9711fa2475a371e483
sports_game_odds,xbCOjReBdyGPLVxh74Gh,g1,2026,0,2026-08-29,Sacramento State,Eastern Michigan,False,FBS_vs_FBS,fanduel,moneyline,home,,-335,598ae185d56e465d221c08dd3024a1982cb719d53c2b11bfb9866e0aa4445df4,True,False,2026-07-30T03:50:11.799Z,2026-07-30T13:23:09.432257+00:00,234.36,False,replay-20260730T035405Z-85165416-corrected,1,PARTIAL,canonical_mapped,True,False,coverage_partial,132b902a730c8fff6561083136a4992a257446758de16e9711fa2475a371e483
sports_game_odds,xbCOjReBdyGPLVxh74Gh,g1,2026,0,2026-08-29,Sacramento State,Eastern Michigan,False,FBS_vs_FBS,fanduel,spread,away,8.5,-112,96967143668133cca688b01075fbbeb5fa26f86f6ac33a6cae3dfcff03bce002,True,False,2026-07-30T03:50:11.799Z,2026-07-30T13:23:09.432257+00:00,234.36,False,replay-20260730T035405Z-85165416-corrected,1,PARTIAL,canonical_mapped,True,False,coverage_partial,132b902a730c8fff6561083136a4992a257446758de16e9711fa2475a371e483
sports_game_odds,xbCOjReBdyGPLVxh74Gh,g1,2026,0,2026-08-29,Sacramento State,Eastern Michigan,False,FBS_vs_FBS,fanduel,spread,home,-8.5,-108,96967143668133cca688b01075fbbeb5fa26f86f6ac33a6cae3dfcff03bce002,True,False,2026-07-30T03:50:11.799Z,2026-07-30T13:23:09.432257+00:00,234.36,False,replay-20260730T035405Z-85165416-corrected,1,PARTIAL,canonical_mapped,True,False,coverage_partial,132b902a730c8fff6561083136a4992a257446758de16e9711fa2475a371e483
sports_game_odds,xbCOjReBdyGPLVxh74Gh,g1,2026,0,2026-08-29,Sacramento State,Eastern Michigan,False,FBS_vs_FBS,fanduel,total,over,53.5,-110,fa9a31edf50138a6f5d40931071a51e8e8cf9df2f52d1fb141baee9eb9a9b7ad,True,False,2026-07-30T03:50:11.799Z,2026-07-30T13:23:09.432257+00:00,234.36,False,replay-20260730T035405Z-85165416-corrected,1,PARTIAL,canonical_mapped,True,False,coverage_partial,132b902a730c8fff6561083136a4992a257446758de16e9711fa2475a371e483
sports_game_odds,xbCOjReBdyGPLVxh74Gh,g1,2026,0,2026-08-29,Sacramento State,Eastern Michigan,False,FBS_vs_FBS,fanduel,total,under,53.5,-110,fa9a31edf50138a6f5d40931071a51e8e8cf9df2f52d1fb141baee9eb9a9b7ad,True,False,2026-07-30T03:50:11.799Z,2026-07-30T13:23:09.432257+00:00,234.36,False,replay-20260730T035405Z-85165416-corrected,1,PARTIAL,canonical_mapped,True,False,coverage_partial,132b902a730c8fff6561083136a4992a257446758de16e9711fa2475a371e483
sports_game_odds,krkdz1iBG7AWaaq1Jyqz,g2,2026,0,2026-08-29,New Mexico State,Florida State,False,FBS_vs_FBS,betmgm,spread,away,30.5,-110,9cf365f5385856164026d5df22e28ec1257d77690248a2fc171d69aeb908396b,True,False,2026-07-30T03:49:17.000Z,2026-07-30T13:23:09.432257+00:00,289.08,False,replay-20260730T035405Z-85165416-corrected,1,PARTIAL,canonical_mapped,True,False,coverage_partial,132b902a730c8fff6561083136a4992a257446758de16e9711fa2475a371e483
sports_game_odds,krkdz1iBG7AWaaq1Jyqz,g2,2026,0,2026-08-29,New Mexico State,Florida State,False,FBS_vs_FBS,betmgm,spread,home,-30.5,-110,9cf365f5385856164026d5df22e28ec1257d77690248a2fc171d69aeb908396b,True,False,2026-07-30T03:49:17.000Z,2026-07-30T13:23:09.432257+00:00,289.08,False,replay-20260730T035405Z-85165416-corrected,1,PARTIAL,canonical_mapped,True,False,coverage_partial,132b902a730c8fff6561083136a4992a257446758de16e9711fa2475a371e483
sports_game_odds,krkdz1iBG7AWaaq1Jyqz,g2,2026,0,2026-08-29,New Mexico State,Florida State,False,FBS_vs_FBS,betmgm,total,over,53.5,-105,abedc038651aa17a4da0f0b1d48f04bee1110ad788647485de481b3a938e3c5b,True,False,2026-07-30T03:49:17.000Z,2026-07-30T13:23:09.432257+00:00,289.08,False,replay-20260730T035405Z-85165416-corrected,1,PARTIAL,canonical_mapped,True,False,coverage_partial,132b902a730c8fff6561083136a4992a257446758de16e9711fa2475a371e483
sports_game_odds,krkdz1iBG7AWaaq1Jyqz,g2,2026,0,2026-08-29,New Mexico State,Florida State,False,FBS_vs_FBS,betmgm,total,under,53.5,-115,abedc038651aa17a4da0f0b1d48f04bee1110ad788647485de481b3a938e3c5b,True,False,2026-07-30T03:49:17.000Z,2026-07-30T13:23:09.432257+00:00,289.08,False,replay-20260730T035405Z-85165416-corrected,1,PARTIAL,canonical_mapped,True,False,coverage_partial,132b902a730c8fff6561083136a4992a257446758de16e9711fa2475a371e483
sports_game_odds,krkdz1iBG7AWaaq1Jyqz,g2,2026,0,2026-08-29,New Mexico State,Florida State,False,FBS_vs_FBS,bovada,spread,away,30.5,-110,291e58c6762ca74f881ab8e7d6d13f1070bed39d8acf79203871868d09c8a852,True,False,2026-07-30T03:48:31.000Z,2026-07-30T13:23:09.432257+00:00,335.16,False,replay-20260730T035405Z-85165416-corrected,1,PARTIAL,canonical_mapped,True,False,coverage_partial,132b902a730c8fff6561083136a4992a257446758de16e9711fa2475a371e483
sports_game_odds,krkdz1iBG7AWaaq1Jyqz,g2,2026,0,2026-08-29,New Mexico State,Florida State,False,FBS_vs_FBS,bovada,spread,home,-30.5,-110,291e58c6762ca74f881ab8e7d6d13f1070bed39d8acf79203871868d09c8a852,True,False,2026-07-30T03:48:31.000Z,2026-07-30T13:23:09.432257+00:00,335.16,False,replay-20260730T035405Z-85165416-corrected,1,PARTIAL,canonical_mapped,True,False,coverage_partial,132b902a730c8fff6561083136a4992a257446758de16e9711fa2475a371e483
sports_game_odds,krkdz1iBG7AWaaq1Jyqz,g2,2026,0,2026-08-29,New Mexico State,Florida State,False,FBS_vs_FBS,bovada,total,over,53.5,-110,6baec613bad62381f8b803325d7c1ec5525bf2b15bfcda2884059c48e7b0615d,True,False,2026-07-30T03:48:31.000Z,2026-07-30T13:23:09.432257+00:00,335.16,False,replay-20260730T035405Z-85165416-corrected,1,PARTIAL,canonical_mapped,True,False,coverage_partial,132b902a730c8fff6561083136a4992a257446758de16e9711fa2475a371e483
sports_game_odds,krkdz1iBG7AWaaq1Jyqz,g2,2026,0,2026-08-29,New Mexico State,Florida State,False,FBS_vs_FBS,bovada,total,under,53.5,-110,6baec613bad62381f8b803325d7c1ec5525bf2b15bfcda2884059c48e7b0615d,True,False,2026-07-30T03:48:31.000Z,2026-07-30T13:23:09.432257+00:00,335.16,False,replay-20260730T035405Z-85165416-corrected,1,PARTIAL,canonical_mapped,True,False,coverage_partial,132b902a730c8fff6561083136a4992a257446758de16e9711fa2475a371e483
sports_game_odds,krkdz1iBG7AWaaq1Jyqz,g2,2026,0,2026-08-29,New Mexico State,Florida State,False,FBS_vs_FBS,caesars,moneyline,away,,1800,60aba5f2f834479073e11d2824307f7fbf8645e725217ccb7976062de73a9567,True,False,2026-07-30T03:47:23.000Z,2026-07-30T13:23:09.432257+00:00,402.84,False,replay-20260730T035405Z-85165416-corrected,1,PARTIAL,canonical_mapped,True,False,coverage_partial,132b902a730c8fff6561083136a4992a257446758de16e9711fa2475a371e483
sports_game_odds,krkdz1iBG7AWaaq1Jyqz,g2,2026,0,2026-08-29,New Mexico State,Florida State,False,FBS_vs_FBS,caesars,moneyline,home,,-10000,60aba5f2f834479073e11d2824307f7fbf8645e725217ccb7976062de73a9567,True,False,2026-07-30T03:47:23.000Z,2026-07-30T13:23:09.432257+00:00,402.84,False,replay-20260730T035405Z-85165416-corrected,1,PARTIAL,canonical_mapped,True,False,coverage_partial,132b902a730c8fff6561083136a4992a257446758de16e9711fa2475a371e483
sports_game_odds,krkdz1iBG7AWaaq1Jyqz,g2,2026,0,2026-08-29,New Mexico State,Florida State,False,FBS_vs_FBS,caesars,spread,away,30.5,-107,7b034395d3c3a3f671c928bdfb4ca118f1623c08f202bb3c136c9692dce4e4bf,True,False,2026-07-30T03:47:23.000Z,2026-07-30T13:23:09.432257+00:00,402.84,False,replay-20260730T035405Z-85165416-corrected,1,PARTIAL,canonical_mapped,True,False,coverage_partial,132b902a730c8fff6561083136a4992a257446758de16e9711fa2475a371e483
sports_game_odds,krkdz1iBG7AWaaq1Jyqz,g2,2026,0,2026-08-29,New Mexico State,Florida State,False,FBS_vs_FBS,caesars,spread,home,-30.5,-113,7b034395d3c3a3f671c928bdfb4ca118f1623c08f202bb3c136c9692dce4e4bf,True,False,2026-07-30T03:47:23.000Z,2026-07-30T13:23:09.432257+00:00,402.84,False,replay-20260730T035405Z-85165416-corrected,1,PARTIAL,canonical_mapped,True,False,coverage_partial,132b902a730c8fff6561083136a4992a257446758de16e9711fa2475a371e483
sports_game_odds,krkdz1iBG7AWaaq1Jyqz,g2,2026,0,2026-08-29,New Mexico State,Florida State,False,FBS_vs_FBS,draftkings,moneyline,away,,3000,f5b46578a842cf7823f3a93ca0f1a6b39937e42efec648f2ff2c8f768f36068f,True,False,2026-07-30T03:49:56.917Z,2026-07-30T13:23:09.432257+00:00,249.12,False,replay-20260730T035405Z-85165416-corrected,1,PARTIAL,canonical_mapped,True,False,coverage_partial,132b902a730c8fff6561083136a4992a257446758de16e9711fa2475a371e483
sports_game_odds,krkdz1iBG7AWaaq1Jyqz,g2,2026,0,2026-08-29,New Mexico State,Florida State,False,FBS_vs_FBS,draftkings,moneyline,home,,-10000,f5b46578a842cf7823f3a93ca0f1a6b39937e42efec648f2ff2c8f768f36068f,True,False,2026-07-30T03:49:56.917Z,2026-07-30T13:23:09.432257+00:00,249.12,False,replay-20260730T035405Z-85165416-corrected,1,PARTIAL,canonical_mapped,True,False,coverage_partial,132b902a730c8fff6561083136a4992a257446758de16e9711fa2475a371e483
sports_game_odds,krkdz1iBG7AWaaq1Jyqz,g2,2026,0,2026-08-29,New Mexico State,Florida State,False,FBS_vs_FBS,draftkings,spread,away,30.5,-108,2f7d0fa9ba8caf235ebb0a84bce7cbd94ca404b3fa16d67452d12e1d6093d241,True,False,2026-07-30T03:49:56.917Z,2026-07-30T13:23:09.432257+00:00,249.12,False,replay-20260730T035405Z-85165416-corrected,1,PARTIAL,canonical_mapped,True,False,coverage_partial,132b902a730c8fff6561083136a4992a257446758de16e9711fa2475a371e483
sports_game_odds,krkdz1iBG7AWaaq1Jyqz,g2,2026,0,2026-08-29,New Mexico State,Florida State,False,FBS_vs_FBS,draftkings,spread,home,-30.5,-112,2f7d0fa9ba8caf235ebb0a84bce7cbd94ca404b3fa16d67452d12e1d6093d241,True,False,2026-07-30T03:49:56.917Z,2026-07-30T13:23:09.432257+00:00,249.12,False,replay-20260730T035405Z-85165416-corrected,1,PARTIAL,canonical_mapped,True,False,coverage_partial,132b902a730c8fff6561083136a4992a257446758de16e9711fa2475a371e483
sports_game_odds,krkdz1iBG7AWaaq1Jyqz,g2,2026,0,2026-08-29,New Mexico State,Florida State,False,FBS_vs_FBS,draftkings,total,over,53.5,-110,08f503ce6ffaf62d168e5066da1edc1b8bc3120ad40ac4e05318cd9803200c0d,True,False,2026-07-30T03:49:56.917Z,2026-07-30T13:23:09.432257+00:00,249.12,False,replay-20260730T035405Z-85165416-corrected,1,PARTIAL,canonical_mapped,True,False,coverage_partial,132b902a730c8fff6561083136a4992a257446758de16e9711fa2475a371e483
sports_game_odds,krkdz1iBG7AWaaq1Jyqz,g2,2026,0,2026-08-29,New Mexico State,Florida State,False,FBS_vs_FBS,draftkings,total,under,53.5,-110,08f503ce6ffaf62d168e5066da1edc1b8bc3120ad40ac4e05318cd9803200c0d,True,False,2026-07-30T03:49:56.917Z,2026-07-30T13:23:09.432257+00:00,249.12,False,replay-20260730T035405Z-85165416-corrected,1,PARTIAL,canonical_mapped,True,False,coverage_partial,132b902a730c8fff6561083136a4992a257446758de16e9711fa2475a371e483
sports_game_odds,krkdz1iBG7AWaaq1Jyqz,g2,2026,0,2026-08-29,New Mexico State,Florida State,False,FBS_vs_FBS,fanduel,moneyline,away,,2800,1893eba9c7828007d5adf6c337b50fcae411a28b15dd4940b61cb1049b299053,True,False,2026-07-30T03:50:11.799Z,2026-07-30T13:23:09.432257+00:00,234.36,False,replay-20260730T035405Z-85165416-corrected,1,PARTIAL,canonical_mapped,True,False,coverage_partial,132b902a730c8fff6561083136a4992a257446758de16e9711fa2475a371e483
sports_game_odds,krkdz1iBG7AWaaq1Jyqz,g2,2026,0,2026-08-29,New Mexico State,Florida State,False,FBS_vs_FBS,fanduel,moneyline,home,,-10000,1893eba9c7828007d5adf6c337b50fcae411a28b15dd4940b61cb1049b299053,True,False,2026-07-30T03:50:11.799Z,2026-07-30T13:23:09.432257+00:00,234.36,False,replay-20260730T035405Z-85165416-corrected,1,PARTIAL,canonical_mapped,True,False,coverage_partial,132b902a730c8fff6561083136a4992a257446758de16e9711fa2475a371e483
sports_game_odds,krkdz1iBG7AWaaq1Jyqz,g2,2026,0,2026-08-29,New Mexico State,Florida State,False,FBS_vs_FBS,fanduel,total,over,52.5,-110,b7ff97fb6d5169be6dc994d2b2090ef86ca6fd265ef5a0e9b4b390bebd716072,True,False,2026-07-30T03:50:11.799Z,2026-07-30T13:23:09.432257+00:00,234.36,False,replay-20260730T035405Z-85165416-corrected,1,PARTIAL,canonical_mapped,True,False,coverage_partial,132b902a730c8fff6561083136a4992a257446758de16e9711fa2475a371e483
sports_game_odds,krkdz1iBG7AWaaq1Jyqz,g2,2026,0,2026-08-29,New Mexico State,Florida State,False,FBS_vs_FBS,fanduel,total,under,52.5,-110,b7ff97fb6d5169be6dc994d2b2090ef86ca6fd265ef5a0e9b4b390bebd716072,True,False,2026-07-30T03:50:11.799Z,2026-07-30T13:23:09.432257+00:00,234.36,False,replay-20260730T035405Z-85165416-corrected,1,PARTIAL,canonical_mapped,True,False,coverage_partial,132b902a730c8fff6561083136a4992a257446758de16e9711fa2475a371e483
sports_game_odds,mizoRBpOw5LCzrDg0sl1,g3,2026,0,2026-08-29,Jacksonville State,North Dakota State,False,FBS_vs_FBS,betmgm,spread,away,7.5,-110,19d7a824c663df85bdf9b2cd30f5a17a626936e0bfda152a3665a489f6f58d3d,True,False,2026-07-30T03:49:17.000Z,2026-07-30T13:23:09.432257+00:00,289.08,False,replay-20260730T035405Z-85165416-corrected,1,PARTIAL,canonical_mapped,True,False,coverage_partial,132b902a730c8fff6561083136a4992a257446758de16e9711fa2475a371e483
sports_game_odds,mizoRBpOw5LCzrDg0sl1,g3,2026,0,2026-08-29,Jacksonville State,North Dakota State,False,FBS_vs_FBS,betmgm,spread,home,-7.5,-110,19d7a824c663df85bdf9b2cd30f5a17a626936e0bfda152a3665a489f6f58d3d,True,False,2026-07-30T03:49:17.000Z,2026-07-30T13:23:09.432257+00:00,289.08,False,replay-20260730T035405Z-85165416-corrected,1,PARTIAL,canonical_mapped,True,False,coverage_partial,132b902a730c8fff6561083136a4992a257446758de16e9711fa2475a371e483
sports_game_odds,mizoRBpOw5LCzrDg0sl1,g3,2026,0,2026-08-29,Jacksonville State,North Dakota State,False,FBS_vs_FBS,betmgm,total,over,48.5,-110,6e05c4515b02813ee5526a2fdb092a9367b1c4009c39ae3cf58d74a5d2bfac8e,True,False,2026-07-30T03:49:17.000Z,2026-07-30T13:23:09.432257+00:00,289.08,False,replay-20260730T035405Z-85165416-corrected,1,PARTIAL,canonical_mapped,True,False,coverage_partial,132b902a730c8fff6561083136a4992a257446758de16e9711fa2475a371e483
sports_game_odds,mizoRBpOw5LCzrDg0sl1,g3,2026,0,2026-08-29,Jacksonville State,North Dakota State,False,FBS_vs_FBS,betmgm,total,under,48.5,-110,6e05c4515b02813ee5526a2fdb092a9367b1c4009c39ae3cf58d74a5d2bfac8e,True,False,2026-07-30T03:49:17.000Z,2026-07-30T13:23:09.432257+00:00,289.08,False,replay-20260730T035405Z-85165416-corrected,1,PARTIAL,canonical_mapped,True,False,coverage_partial,132b902a730c8fff6561083136a4992a257446758de16e9711fa2475a371e483
sports_game_odds,mizoRBpOw5LCzrDg0sl1,g3,2026,0,2026-08-29,Jacksonville State,North Dakota State,False,FBS_vs_FBS,bovada,moneyline,away,,230,042e6b7b3d4e48b6b3252ec8a32b6255d80926733e269f9c04a99a1021ac5966,True,False,2026-07-30T03:48:31.000Z,2026-07-30T13:23:09.432257+00:00,335.16,False,replay-20260730T035405Z-85165416-corrected,1,PARTIAL,canonical_mapped,True,False,coverage_partial,132b902a730c8fff6561083136a4992a257446758de16e9711fa2475a371e483
sports_game_odds,mizoRBpOw5LCzrDg0sl1,g3,2026,0,2026-08-29,Jacksonville State,North Dakota State,False,FBS_vs_FBS,bovada,moneyline,home,,-280,042e6b7b3d4e48b6b3252ec8a32b6255d80926733e269f9c04a99a1021ac5966,True,False,2026-07-30T03:48:31.000Z,2026-07-30T13:23:09.432257+00:00,335.16,False,replay-20260730T035405Z-85165416-corrected,1,PARTIAL,canonical_mapped,True,False,coverage_partial,132b902a730c8fff6561083136a4992a257446758de16e9711fa2475a371e483
sports_game_odds,mizoRBpOw5LCzrDg0sl1,g3,2026,0,2026-08-29,Jacksonville State,North Dakota State,False,FBS_vs_FBS,bovada,spread,away,7.5,-110,56d0b934c62c3da9e612cdbd006fb6c3bad19e11df0d3248e24a0ea58bac96ed,True,False,2026-07-30T03:48:31.000Z,2026-07-30T13:23:09.432257+00:00,335.16,False,replay-20260730T035405Z-85165416-corrected,1,PARTIAL,canonical_mapped,True,False,coverage_partial,132b902a730c8fff6561083136a4992a257446758de16e9711fa2475a371e483
sports_game_odds,mizoRBpOw5LCzrDg0sl1,g3,2026,0,2026-08-29,Jacksonville State,North Dakota State,False,FBS_vs_FBS,bovada,spread,home,-7.5,-110,56d0b934c62c3da9e612cdbd006fb6c3bad19e11df0d3248e24a0ea58bac96ed,True,False,2026-07-30T03:48:31.000Z,2026-07-30T13:23:09.432257+00:00,335.16,False,replay-20260730T035405Z-85165416-corrected,1,PARTIAL,canonical_mapped,True,False,coverage_partial,132b902a730c8fff6561083136a4992a257446758de16e9711fa2475a371e483
sports_game_odds,mizoRBpOw5LCzrDg0sl1,g3,2026,0,2026-08-29,Jacksonville State,North Dakota State,False,FBS_vs_FBS,bovada,total,over,48.5,-105,12c6e6f79d7597e7c870e50fe76985c0d1164813cf5c8e1c5ea61f10b17e9aa9,True,False,2026-07-30T03:48:31.000Z,2026-07-30T13:23:09.432257+00:00,335.16,False,replay-20260730T035405Z-85165416-corrected,1,PARTIAL,canonical_mapped,True,False,coverage_partial,132b902a730c8fff6561083136a4992a257446758de16e9711fa2475a371e483
sports_game_odds,mizoRBpOw5LCzrDg0sl1,g3,2026,0,2026-08-29,Jacksonville State,North Dakota State,False,FBS_vs_FBS,bovada,total,under,48.5,-115,12c6e6f79d7597e7c870e50fe76985c0d1164813cf5c8e1c5ea61f10b17e9aa9,True,False,2026-07-30T03:48:31.000Z,2026-07-30T13:23:09.432257+00:00,335.16,False,replay-20260730T035405Z-85165416-corrected,1,PARTIAL,canonical_mapped,True,False,coverage_partial,132b902a730c8fff6561083136a4992a257446758de16e9711fa2475a371e483
sports_game_odds,mizoRBpOw5LCzrDg0sl1,g3,2026,0,2026-08-29,Jacksonville State,North Dakota State,False,FBS_vs_FBS,caesars,spread,away,7.5,-109,99792ee2cf3983a7da54089e3f9e238d20a818348dd15eba77893bd8ebda9f16,True,False,2026-07-30T03:47:23.000Z,2026-07-30T13:23:09.432257+00:00,402.84,False,replay-20260730T035405Z-85165416-corrected,1,PARTIAL,canonical_mapped,True,False,coverage_partial,132b902a730c8fff6561083136a4992a257446758de16e9711fa2475a371e483
sports_game_odds,mizoRBpOw5LCzrDg0sl1,g3,2026,0,2026-08-29,Jacksonville State,North Dakota State,False,FBS_vs_FBS,caesars,spread,home,-7.5,-110,99792ee2cf3983a7da54089e3f9e238d20a818348dd15eba77893bd8ebda9f16,True,False,2026-07-30T03:47:23.000Z,2026-07-30T13:23:09.432257+00:00,402.84,False,replay-20260730T035405Z-85165416-corrected,1,PARTIAL,canonical_mapped,True,False,coverage_partial,132b902a730c8fff6561083136a4992a257446758de16e9711fa2475a371e483
sports_game_odds,mizoRBpOw5LCzrDg0sl1,g3,2026,0,2026-08-29,Jacksonville State,North Dakota State,False,FBS_vs_FBS,caesars,total,over,48.5,-109,e232e503728002b06c81dd5475aa52d4b7ffe8da96ccbce0ad1f9004cc1a3463,True,False,2026-07-30T03:47:23.000Z,2026-07-30T13:23:09.432257+00:00,402.84,False,replay-20260730T035405Z-85165416-corrected,1,PARTIAL,canonical_mapped,True,False,coverage_partial,132b902a730c8fff6561083136a4992a257446758de16e9711fa2475a371e483
sports_game_odds,mizoRBpOw5LCzrDg0sl1,g3,2026,0,2026-08-29,Jacksonville State,North Dakota State,False,FBS_vs_FBS,caesars,total,under,48.5,-110,e232e503728002b06c81dd5475aa52d4b7ffe8da96ccbce0ad1f9004cc1a3463,True,False,2026-07-30T03:47:23.000Z,2026-07-30T13:23:09.432257+00:00,402.84,False,replay-20260730T035405Z-85165416-corrected,1,PARTIAL,canonical_mapped,True,False,coverage_partial,132b902a730c8fff6561083136a4992a257446758de16e9711fa2475a371e483
sports_game_odds,mizoRBpOw5LCzrDg0sl1,g3,2026,0,2026-08-29,Jacksonville State,North Dakota State,False,FBS_vs_FBS,draftkings,moneyline,away,,230,3c70a7f4c5528bea539cb7c4d259a424657f582a483070daf8dab9eb2634d784,True,False,2026-07-30T03:49:56.917Z,2026-07-30T13:23:09.432257+00:00,249.12,False,replay-20260730T035405Z-85165416-corrected,1,PARTIAL,canonical_mapped,True,False,coverage_partial,132b902a730c8fff6561083136a4992a257446758de16e9711fa2475a371e483
sports_game_odds,mizoRBpOw5LCzrDg0sl1,g3,2026,0,2026-08-29,Jacksonville State,North Dakota State,False,FBS_vs_FBS,draftkings,moneyline,home,,-285,3c70a7f4c5528bea539cb7c4d259a424657f582a483070daf8dab9eb2634d784,True,False,2026-07-30T03:49:56.917Z,2026-07-30T13:23:09.432257+00:00,249.12,False,replay-20260730T035405Z-85165416-corrected,1,PARTIAL,canonical_mapped,True,False,coverage_partial,132b902a730c8fff6561083136a4992a257446758de16e9711fa2475a371e483
sports_game_odds,mizoRBpOw5LCzrDg0sl1,g3,2026,0,2026-08-29,Jacksonville State,North Dakota State,False,FBS_vs_FBS,draftkings,spread,away,7.5,-110,884eb6e8e79c0662c8494ffe4d9517c564dd0fa2f1f6c3b85369ef14e5950318,True,False,2026-07-30T03:49:56.917Z,2026-07-30T13:23:09.432257+00:00,249.12,False,replay-20260730T035405Z-85165416-corrected,1,PARTIAL,canonical_mapped,True,False,coverage_partial,132b902a730c8fff6561083136a4992a257446758de16e9711fa2475a371e483
sports_game_odds,mizoRBpOw5LCzrDg0sl1,g3,2026,0,2026-08-29,Jacksonville State,North Dakota State,False,FBS_vs_FBS,draftkings,spread,home,-7.5,-110,884eb6e8e79c0662c8494ffe4d9517c564dd0fa2f1f6c3b85369ef14e5950318,True,False,2026-07-30T03:49:56.917Z,2026-07-30T13:23:09.432257+00:00,249.12,False,replay-20260730T035405Z-85165416-corrected,1,PARTIAL,canonical_mapped,True,False,coverage_partial,132b902a730c8fff6561083136a4992a257446758de16e9711fa2475a371e483
sports_game_odds,mizoRBpOw5LCzrDg0sl1,g3,2026,0,2026-08-29,Jacksonville State,North Dakota State,False,FBS_vs_FBS,draftkings,total,over,48.5,-105,2059e4860d5d6fcbfb566e761e6f50c344c07fce693b669cd8b085b4ed003634,True,False,2026-07-30T03:49:56.917Z,2026-07-30T13:23:09.432257+00:00,249.12,False,replay-20260730T035405Z-85165416-corrected,1,PARTIAL,canonical_mapped,True,False,coverage_partial,132b902a730c8fff6561083136a4992a257446758de16e9711fa2475a371e483
sports_game_odds,mizoRBpOw5LCzrDg0sl1,g3,2026,0,2026-08-29,Jacksonville State,North Dakota State,False,FBS_vs_FBS,draftkings,total,under,48.5,-115,2059e4860d5d6fcbfb566e761e6f50c344c07fce693b669cd8b085b4ed003634,True,False,2026-07-30T03:49:56.917Z,2026-07-30T13:23:09.432257+00:00,249.12,False,replay-20260730T035405Z-85165416-corrected,1,PARTIAL,canonical_mapped,True,False,coverage_partial,132b902a730c8fff6561083136a4992a257446758de16e9711fa2475a371e483
sports_game_odds,mizoRBpOw5LCzrDg0sl1,g3,2026,0,2026-08-29,Jacksonville State,North Dakota State,False,FBS_vs_FBS,fanduel,moneyline,away,,255,22a9b75095e91aba742a94fd9c00f53bdd46b8efe1f5390a88838430e730c734,True,False,2026-07-30T03:50:11.799Z,2026-07-30T13:23:09.432257+00:00,234.36,False,replay-20260730T035405Z-85165416-corrected,1,PARTIAL,canonical_mapped,True,False,coverage_partial,132b902a730c8fff6561083136a4992a257446758de16e9711fa2475a371e483
sports_game_odds,mizoRBpOw5LCzrDg0sl1,g3,2026,0,2026-08-29,Jacksonville State,North Dakota State,False,FBS_vs_FBS,fanduel,moneyline,home,,-320,22a9b75095e91aba742a94fd9c00f53bdd46b8efe1f5390a88838430e730c734,True,False,2026-07-30T03:50:11.799Z,2026-07-30T13:23:09.432257+00:00,234.36,False,replay-20260730T035405Z-85165416-corrected,1,PARTIAL,canonical_mapped,True,False,coverage_partial,132b902a730c8fff6561083136a4992a257446758de16e9711fa2475a371e483
sports_game_odds,mizoRBpOw5LCzrDg0sl1,g3,2026,0,2026-08-29,Jacksonville State,North Dakota State,False,FBS_vs_FBS,fanduel,spread,away,7.5,-105,21b3cc11e589020ac675cd4e20f86788415e98af1629430828e29c6fe38a6ede,True,False,2026-07-30T03:50:11.799Z,2026-07-30T13:23:09.432257+00:00,234.36,False,replay-20260730T035405Z-85165416-corrected,1,PARTIAL,canonical_mapped,True,False,coverage_partial,132b902a730c8fff6561083136a4992a257446758de16e9711fa2475a371e483
sports_game_odds,mizoRBpOw5LCzrDg0sl1,g3,2026,0,2026-08-29,Jacksonville State,North Dakota State,False,FBS_vs_FBS,fanduel,spread,home,-7.5,-115,21b3cc11e589020ac675cd4e20f86788415e98af1629430828e29c6fe38a6ede,True,False,2026-07-30T03:50:11.799Z,2026-07-30T13:23:09.432257+00:00,234.36,False,replay-20260730T035405Z-85165416-corrected,1,PARTIAL,canonical_mapped,True,False,coverage_partial,132b902a730c8fff6561083136a4992a257446758de16e9711fa2475a371e483
sports_game_odds,mizoRBpOw5LCzrDg0sl1,g3,2026,0,2026-08-29,Jacksonville State,North Dakota State,False,FBS_vs_FBS,fanduel,total,over,48.5,-110,1b7a5b67e3edd0dd79c29cdc38aebb4adffb11d9d31248c4d6b54626291987da,True,False,2026-07-30T03:50:11.799Z,2026-07-30T13:23:09.432257+00:00,234.36,False,replay-20260730T035405Z-85165416-corrected,1,PARTIAL,canonical_mapped,True,False,coverage_partial,132b902a730c8fff6561083136a4992a257446758de16e9711fa2475a371e483
sports_game_odds,mizoRBpOw5LCzrDg0sl1,g3,2026,0,2026-08-29,Jacksonville State,North Dakota State,False,FBS_vs_FBS,fanduel,total,under,48.5,-110,1b7a5b67e3edd0dd79c29cdc38aebb4adffb11d9d31248c4d6b54626291987da,True,False,2026-07-30T03:50:11.799Z,2026-07-30T13:23:09.432257+00:00,234.36,False,replay-20260730T035405Z-85165416-corrected,1,PARTIAL,canonical_mapped,True,False,coverage_partial,132b902a730c8fff6561083136a4992a257446758de16e9711fa2475a371e483
sports_game_odds,ubS25mURM5WPDHV73jCJ,g4,2026,0,2026-08-29,Hawaii,Stanford,False,FBS_vs_FBS,betmgm,spread,away,3.5,-105,5b8cbc158cb38d1859027d925f9ceb852526e831b64180fa390a0aaa7b444eac,True,False,2026-07-30T03:49:17.000Z,2026-07-30T13:23:09.432257+00:00,289.08,False,replay-20260730T035405Z-85165416-corrected,1,PARTIAL,canonical_mapped,True,False,coverage_partial,132b902a730c8fff6561083136a4992a257446758de16e9711fa2475a371e483
sports_game_odds,ubS25mURM5WPDHV73jCJ,g4,2026,0,2026-08-29,Hawaii,Stanford,False,FBS_vs_FBS,betmgm,spread,home,-3.5,-115,5b8cbc158cb38d1859027d925f9ceb852526e831b64180fa390a0aaa7b444eac,True,False,2026-07-30T03:49:17.000Z,2026-07-30T13:23:09.432257+00:00,289.08,False,replay-20260730T035405Z-85165416-corrected,1,PARTIAL,canonical_mapped,True,False,coverage_partial,132b902a730c8fff6561083136a4992a257446758de16e9711fa2475a371e483
sports_game_odds,ubS25mURM5WPDHV73jCJ,g4,2026,0,2026-08-29,Hawaii,Stanford,False,FBS_vs_FBS,betmgm,total,over,50.5,-110,fe7a83f3ee3cd0339f99ddb65a5b7a722311d2cecf9dc02217028a729765bcac,True,False,2026-07-30T03:49:17.000Z,2026-07-30T13:23:09.432257+00:00,289.08,False,replay-20260730T035405Z-85165416-corrected,1,PARTIAL,canonical_mapped,True,False,coverage_partial,132b902a730c8fff6561083136a4992a257446758de16e9711fa2475a371e483
sports_game_odds,ubS25mURM5WPDHV73jCJ,g4,2026,0,2026-08-29,Hawaii,Stanford,False,FBS_vs_FBS,betmgm,total,under,50.5,-110,fe7a83f3ee3cd0339f99ddb65a5b7a722311d2cecf9dc02217028a729765bcac,True,False,2026-07-30T03:49:17.000Z,2026-07-30T13:23:09.432257+00:00,289.08,False,replay-20260730T035405Z-85165416-corrected,1,PARTIAL,canonical_mapped,True,False,coverage_partial,132b902a730c8fff6561083136a4992a257446758de16e9711fa2475a371e483
sports_game_odds,ubS25mURM5WPDHV73jCJ,g4,2026,0,2026-08-29,Hawaii,Stanford,False,FBS_vs_FBS,bovada,moneyline,away,,165,cad7b2c76ae370d38b7fc11828151d7c614e51daf45390316d492f5fb30c365c,True,False,2026-07-30T03:48:31.000Z,2026-07-30T13:23:09.432257+00:00,335.16,False,replay-20260730T035405Z-85165416-corrected,1,PARTIAL,canonical_mapped,True,False,coverage_partial,132b902a730c8fff6561083136a4992a257446758de16e9711fa2475a371e483
sports_game_odds,ubS25mURM5WPDHV73jCJ,g4,2026,0,2026-08-29,Hawaii,Stanford,False,FBS_vs_FBS,bovada,moneyline,home,,-195,cad7b2c76ae370d38b7fc11828151d7c614e51daf45390316d492f5fb30c365c,True,False,2026-07-30T03:48:31.000Z,2026-07-30T13:23:09.432257+00:00,335.16,False,replay-20260730T035405Z-85165416-corrected,1,PARTIAL,canonical_mapped,True,False,coverage_partial,132b902a730c8fff6561083136a4992a257446758de16e9711fa2475a371e483
sports_game_odds,ubS25mURM5WPDHV73jCJ,g4,2026,0,2026-08-29,Hawaii,Stanford,False,FBS_vs_FBS,bovada,spread,away,4.0,-110,2d52ec0784c57252c27227f8b64642434f6db77441313f8941aa5af3eded1372,True,False,2026-07-30T03:48:31.000Z,2026-07-30T13:23:09.432257+00:00,335.16,False,replay-20260730T035405Z-85165416-corrected,1,PARTIAL,canonical_mapped,True,False,coverage_partial,132b902a730c8fff6561083136a4992a257446758de16e9711fa2475a371e483
sports_game_odds,ubS25mURM5WPDHV73jCJ,g4,2026,0,2026-08-29,Hawaii,Stanford,False,FBS_vs_FBS,bovada,spread,home,-4.0,-110,2d52ec0784c57252c27227f8b64642434f6db77441313f8941aa5af3eded1372,True,False,2026-07-30T03:48:31.000Z,2026-07-30T13:23:09.432257+00:00,335.16,False,replay-20260730T035405Z-85165416-corrected,1,PARTIAL,canonical_mapped,True,False,coverage_partial,132b902a730c8fff6561083136a4992a257446758de16e9711fa2475a371e483
sports_game_odds,ubS25mURM5WPDHV73jCJ,g4,2026,0,2026-08-29,Hawaii,Stanford,False,FBS_vs_FBS,bovada,total,over,50.5,-110,f2dea7b0846adf43382e6efd1889a6ce8f52eb8b46e73e631903a1c778a53020,True,False,2026-07-30T03:48:31.000Z,2026-07-30T13:23:09.432257+00:00,335.16,False,replay-20260730T035405Z-85165416-corrected,1,PARTIAL,canonical_mapped,True,False,coverage_partial,132b902a730c8fff6561083136a4992a257446758de16e9711fa2475a371e483
sports_game_odds,ubS25mURM5WPDHV73jCJ,g4,2026,0,2026-08-29,Hawaii,Stanford,False,FBS_vs_FBS,bovada,total,under,50.5,-110,f2dea7b0846adf43382e6efd1889a6ce8f52eb8b46e73e631903a1c778a53020,True,False,2026-07-30T03:48:31.000Z,2026-07-30T13:23:09.432257+00:00,335.16,False,replay-20260730T035405Z-85165416-corrected,1,PARTIAL,canonical_mapped,True,False,coverage_partial,132b902a730c8fff6561083136a4992a257446758de16e9711fa2475a371e483
sports_game_odds,ubS25mURM5WPDHV73jCJ,g4,2026,0,2026-08-29,Hawaii,Stanford,False,FBS_vs_FBS,caesars,moneyline,away,,161,e3213ce8c36a696206dd2d3f62f858492cb55ece86ba92c451384b3efa651845,True,False,2026-07-30T03:47:23.000Z,2026-07-30T13:23:09.432257+00:00,402.84,False,replay-20260730T035405Z-85165416-corrected,1,PARTIAL,canonical_mapped,True,False,coverage_partial,132b902a730c8fff6561083136a4992a257446758de16e9711fa2475a371e483
sports_game_odds,ubS25mURM5WPDHV73jCJ,g4,2026,0,2026-08-29,Hawaii,Stanford,False,FBS_vs_FBS,caesars,moneyline,home,,-193,e3213ce8c36a696206dd2d3f62f858492cb55ece86ba92c451384b3efa651845,True,False,2026-07-30T03:47:23.000Z,2026-07-30T13:23:09.432257+00:00,402.84,False,replay-20260730T035405Z-85165416-corrected,1,PARTIAL,canonical_mapped,True,False,coverage_partial,132b902a730c8fff6561083136a4992a257446758de16e9711fa2475a371e483
sports_game_odds,ubS25mURM5WPDHV73jCJ,g4,2026,0,2026-08-29,Hawaii,Stanford,False,FBS_vs_FBS,caesars,spread,away,4.0,-110,46b9f3646bde74718427b4df4a6faff57f8c83dd66eed8fa3e170b7d51051856,True,False,2026-07-30T03:47:23.000Z,2026-07-30T13:23:09.432257+00:00,402.84,False,replay-20260730T035405Z-85165416-corrected,1,PARTIAL,canonical_mapped,True,False,coverage_partial,132b902a730c8fff6561083136a4992a257446758de16e9711fa2475a371e483
sports_game_odds,ubS25mURM5WPDHV73jCJ,g4,2026,0,2026-08-29,Hawaii,Stanford,False,FBS_vs_FBS,caesars,spread,home,-4.0,-110,46b9f3646bde74718427b4df4a6faff57f8c83dd66eed8fa3e170b7d51051856,True,False,2026-07-30T03:47:23.000Z,2026-07-30T13:23:09.432257+00:00,402.84,False,replay-20260730T035405Z-85165416-corrected,1,PARTIAL,canonical_mapped,True,False,coverage_partial,132b902a730c8fff6561083136a4992a257446758de16e9711fa2475a371e483
sports_game_odds,ubS25mURM5WPDHV73jCJ,g4,2026,0,2026-08-29,Hawaii,Stanford,False,FBS_vs_FBS,caesars,total,over,50.5,-108,68c5414394ab5c54db1fb3e12d131b9354852743c15051e7efc0aae1a4b410fc,True,False,2026-07-30T03:47:23.000Z,2026-07-30T13:23:09.432257+00:00,402.84,False,replay-20260730T035405Z-85165416-corrected,1,PARTIAL,canonical_mapped,True,False,coverage_partial,132b902a730c8fff6561083136a4992a257446758de16e9711fa2475a371e483
sports_game_odds,ubS25mURM5WPDHV73jCJ,g4,2026,0,2026-08-29,Hawaii,Stanford,False,FBS_vs_FBS,caesars,total,under,50.5,-113,68c5414394ab5c54db1fb3e12d131b9354852743c15051e7efc0aae1a4b410fc,True,False,2026-07-30T03:47:23.000Z,2026-07-30T13:23:09.432257+00:00,402.84,False,replay-20260730T035405Z-85165416-corrected,1,PARTIAL,canonical_mapped,True,False,coverage_partial,132b902a730c8fff6561083136a4992a257446758de16e9711fa2475a371e483
sports_game_odds,ubS25mURM5WPDHV73jCJ,g4,2026,0,2026-08-29,Hawaii,Stanford,False,FBS_vs_FBS,draftkings,moneyline,away,,160,1482fcbc2489e97506fba02c32901fd0be646951a8c7db544fbecd8bee8101ab,True,False,2026-07-30T03:49:56.917Z,2026-07-30T13:23:09.432257+00:00,249.12,False,replay-20260730T035405Z-85165416-corrected,1,PARTIAL,canonical_mapped,True,False,coverage_partial,132b902a730c8fff6561083136a4992a257446758de16e9711fa2475a371e483
sports_game_odds,ubS25mURM5WPDHV73jCJ,g4,2026,0,2026-08-29,Hawaii,Stanford,False,FBS_vs_FBS,draftkings,moneyline,home,,-192,1482fcbc2489e97506fba02c32901fd0be646951a8c7db544fbecd8bee8101ab,True,False,2026-07-30T03:49:56.917Z,2026-07-30T13:23:09.432257+00:00,249.12,False,replay-20260730T035405Z-85165416-corrected,1,PARTIAL,canonical_mapped,True,False,coverage_partial,132b902a730c8fff6561083136a4992a257446758de16e9711fa2475a371e483
sports_game_odds,ubS25mURM5WPDHV73jCJ,g4,2026,0,2026-08-29,Hawaii,Stanford,False,FBS_vs_FBS,draftkings,spread,away,4.0,-112,e431ac0ee1aab17b4bd2668ad4b78b425553cf483a361a1ef91fa6f6919c4a44,True,False,2026-07-30T03:49:56.917Z,2026-07-30T13:23:09.432257+00:00,249.12,False,replay-20260730T035405Z-85165416-corrected,1,PARTIAL,canonical_mapped,True,False,coverage_partial,132b902a730c8fff6561083136a4992a257446758de16e9711fa2475a371e483
sports_game_odds,ubS25mURM5WPDHV73jCJ,g4,2026,0,2026-08-29,Hawaii,Stanford,False,FBS_vs_FBS,draftkings,spread,home,-4.0,-108,e431ac0ee1aab17b4bd2668ad4b78b425553cf483a361a1ef91fa6f6919c4a44,True,False,2026-07-30T03:49:56.917Z,2026-07-30T13:23:09.432257+00:00,249.12,False,replay-20260730T035405Z-85165416-corrected,1,PARTIAL,canonical_mapped,True,False,coverage_partial,132b902a730c8fff6561083136a4992a257446758de16e9711fa2475a371e483
sports_game_odds,ubS25mURM5WPDHV73jCJ,g4,2026,0,2026-08-29,Hawaii,Stanford,False,FBS_vs_FBS,draftkings,total,over,50.5,-108,5f5fce1be11f41eff6634da4423d578858740929a334b8d87670d62967d847e6,True,False,2026-07-30T03:49:56.917Z,2026-07-30T13:23:09.432257+00:00,249.12,False,replay-20260730T035405Z-85165416-corrected,1,PARTIAL,canonical_mapped,True,False,coverage_partial,132b902a730c8fff6561083136a4992a257446758de16e9711fa2475a371e483
sports_game_odds,ubS25mURM5WPDHV73jCJ,g4,2026,0,2026-08-29,Hawaii,Stanford,False,FBS_vs_FBS,draftkings,total,under,50.5,-112,5f5fce1be11f41eff6634da4423d578858740929a334b8d87670d62967d847e6,True,False,2026-07-30T03:49:56.917Z,2026-07-30T13:23:09.432257+00:00,249.12,False,replay-20260730T035405Z-85165416-corrected,1,PARTIAL,canonical_mapped,True,False,coverage_partial,132b902a730c8fff6561083136a4992a257446758de16e9711fa2475a371e483
sports_game_odds,ubS25mURM5WPDHV73jCJ,g4,2026,0,2026-08-29,Hawaii,Stanford,False,FBS_vs_FBS,fanduel,moneyline,away,,162,edb6afc77a991833f55a124226ad8ba61e2aac4bec3afa79b1af7b512a19b16a,True,False,2026-07-30T03:50:11.799Z,2026-07-30T13:23:09.432257+00:00,234.36,False,replay-20260730T035405Z-85165416-corrected,1,PARTIAL,canonical_mapped,True,False,coverage_partial,132b902a730c8fff6561083136a4992a257446758de16e9711fa2475a371e483
sports_game_odds,ubS25mURM5WPDHV73jCJ,g4,2026,0,2026-08-29,Hawaii,Stanford,False,FBS_vs_FBS,fanduel,moneyline,home,,-196,edb6afc77a991833f55a124226ad8ba61e2aac4bec3afa79b1af7b512a19b16a,True,False,2026-07-30T03:50:11.799Z,2026-07-30T13:23:09.432257+00:00,234.36,False,replay-20260730T035405Z-85165416-corrected,1,PARTIAL,canonical_mapped,True,False,coverage_partial,132b902a730c8fff6561083136a4992a257446758de16e9711fa2475a371e483
sports_game_odds,ubS25mURM5WPDHV73jCJ,g4,2026,0,2026-08-29,Hawaii,Stanford,False,FBS_vs_FBS,fanduel,spread,away,4.5,-105,427645493bcc17aa071d08e9f11bcc27e75d7c395fbd770253940acff7bab0b5,True,False,2026-07-30T03:50:11.799Z,2026-07-30T13:23:09.432257+00:00,234.36,False,replay-20260730T035405Z-85165416-corrected,1,PARTIAL,canonical_mapped,True,False,coverage_partial,132b902a730c8fff6561083136a4992a257446758de16e9711fa2475a371e483
sports_game_odds,ubS25mURM5WPDHV73jCJ,g4,2026,0,2026-08-29,Hawaii,Stanford,False,FBS_vs_FBS,fanduel,spread,home,-4.5,-115,427645493bcc17aa071d08e9f11bcc27e75d7c395fbd770253940acff7bab0b5,True,False,2026-07-30T03:50:11.799Z,2026-07-30T13:23:09.432257+00:00,234.36,False,replay-20260730T035405Z-85165416-corrected,1,PARTIAL,canonical_mapped,True,False,coverage_partial,132b902a730c8fff6561083136a4992a257446758de16e9711fa2475a371e483
sports_game_odds,q2Sm8u4f8eKOgLKeY1m9,g5,2026,0,2026-08-29,North Carolina,TCU,True,FBS_vs_FBS,betmgm,spread,away,6.5,-105,de763fdbaaf49b7b52b27f26150a5cc90e6d878803af0c60d41ec83b7ed4bb01,True,False,2026-07-30T03:49:17.000Z,2026-07-30T13:23:09.432257+00:00,289.08,False,replay-20260730T035405Z-85165416-corrected,1,PARTIAL,canonical_mapped,True,False,coverage_partial,132b902a730c8fff6561083136a4992a257446758de16e9711fa2475a371e483
sports_game_odds,q2Sm8u4f8eKOgLKeY1m9,g5,2026,0,2026-08-29,North Carolina,TCU,True,FBS_vs_FBS,betmgm,spread,home,-6.5,-115,de763fdbaaf49b7b52b27f26150a5cc90e6d878803af0c60d41ec83b7ed4bb01,True,False,2026-07-30T03:49:17.000Z,2026-07-30T13:23:09.432257+00:00,289.08,False,replay-20260730T035405Z-85165416-corrected,1,PARTIAL,canonical_mapped,True,False,coverage_partial,132b902a730c8fff6561083136a4992a257446758de16e9711fa2475a371e483
sports_game_odds,q2Sm8u4f8eKOgLKeY1m9,g5,2026,0,2026-08-29,North Carolina,TCU,True,FBS_vs_FBS,betmgm,total,over,49.5,-110,780ff66c4f9133fd68375cc7a9780162ae45f8b47a222db2f40df72b3bb6e773,True,False,2026-07-30T03:49:17.000Z,2026-07-30T13:23:09.432257+00:00,289.08,False,replay-20260730T035405Z-85165416-corrected,1,PARTIAL,canonical_mapped,True,False,coverage_partial,132b902a730c8fff6561083136a4992a257446758de16e9711fa2475a371e483
sports_game_odds,q2Sm8u4f8eKOgLKeY1m9,g5,2026,0,2026-08-29,North Carolina,TCU,True,FBS_vs_FBS,betmgm,total,under,49.5,-110,780ff66c4f9133fd68375cc7a9780162ae45f8b47a222db2f40df72b3bb6e773,True,False,2026-07-30T03:49:17.000Z,2026-07-30T13:23:09.432257+00:00,289.08,False,replay-20260730T035405Z-85165416-corrected,1,PARTIAL,canonical_mapped,True,False,coverage_partial,132b902a730c8fff6561083136a4992a257446758de16e9711fa2475a371e483
sports_game_odds,q2Sm8u4f8eKOgLKeY1m9,g5,2026,0,2026-08-29,North Carolina,TCU,True,FBS_vs_FBS,bovada,moneyline,away,,210,f1c22bfaaf57a9058b6b048a166720b3aa56248c4acb982c62ceb99cba550013,True,False,2026-07-30T03:48:31.000Z,2026-07-30T13:23:09.432257+00:00,335.16,False,replay-20260730T035405Z-85165416-corrected,1,PARTIAL,canonical_mapped,True,False,coverage_partial,132b902a730c8fff6561083136a4992a257446758de16e9711fa2475a371e483
sports_game_odds,q2Sm8u4f8eKOgLKeY1m9,g5,2026,0,2026-08-29,North Carolina,TCU,True,FBS_vs_FBS,bovada,moneyline,home,,-250,f1c22bfaaf57a9058b6b048a166720b3aa56248c4acb982c62ceb99cba550013,True,False,2026-07-30T03:48:31.000Z,2026-07-30T13:23:09.432257+00:00,335.16,False,replay-20260730T035405Z-85165416-corrected,1,PARTIAL,canonical_mapped,True,False,coverage_partial,132b902a730c8fff6561083136a4992a257446758de16e9711fa2475a371e483
sports_game_odds,q2Sm8u4f8eKOgLKeY1m9,g5,2026,0,2026-08-29,North Carolina,TCU,True,FBS_vs_FBS,bovada,spread,away,6.5,-110,810fe522dcf6ce912d697a3281c0a6630e53b83f943eb241f1da75a86c654141,True,False,2026-07-30T03:48:31.000Z,2026-07-30T13:23:09.432257+00:00,335.16,False,replay-20260730T035405Z-85165416-corrected,1,PARTIAL,canonical_mapped,True,False,coverage_partial,132b902a730c8fff6561083136a4992a257446758de16e9711fa2475a371e483
sports_game_odds,q2Sm8u4f8eKOgLKeY1m9,g5,2026,0,2026-08-29,North Carolina,TCU,True,FBS_vs_FBS,bovada,spread,home,-6.5,-110,810fe522dcf6ce912d697a3281c0a6630e53b83f943eb241f1da75a86c654141,True,False,2026-07-30T03:48:31.000Z,2026-07-30T13:23:09.432257+00:00,335.16,False,replay-20260730T035405Z-85165416-corrected,1,PARTIAL,canonical_mapped,True,False,coverage_partial,132b902a730c8fff6561083136a4992a257446758de16e9711fa2475a371e483
sports_game_odds,q2Sm8u4f8eKOgLKeY1m9,g5,2026,0,2026-08-29,North Carolina,TCU,True,FBS_vs_FBS,bovada,total,over,49.5,-110,379c248d6e11a39715f276011f80200319185bd52248a0c7d80337edb348b4d3,True,False,2026-07-30T03:48:31.000Z,2026-07-30T13:23:09.432257+00:00,335.16,False,replay-20260730T035405Z-85165416-corrected,1,PARTIAL,canonical_mapped,True,False,coverage_partial,132b902a730c8fff6561083136a4992a257446758de16e9711fa2475a371e483
sports_game_odds,q2Sm8u4f8eKOgLKeY1m9,g5,2026,0,2026-08-29,North Carolina,TCU,True,FBS_vs_FBS,bovada,total,under,49.5,-110,379c248d6e11a39715f276011f80200319185bd52248a0c7d80337edb348b4d3,True,False,2026-07-30T03:48:31.000Z,2026-07-30T13:23:09.432257+00:00,335.16,False,replay-20260730T035405Z-85165416-corrected,1,PARTIAL,canonical_mapped,True,False,coverage_partial,132b902a730c8fff6561083136a4992a257446758de16e9711fa2475a371e483
sports_game_odds,q2Sm8u4f8eKOgLKeY1m9,g5,2026,0,2026-08-29,North Carolina,TCU,True,FBS_vs_FBS,caesars,moneyline,away,,205,b2a09044afaa648a04f41c43c6816b44c8ac9f2fe3610e1c0f201439300d6e67,True,False,2026-07-30T03:47:23.000Z,2026-07-30T13:23:09.432257+00:00,402.84,False,replay-20260730T035405Z-85165416-corrected,1,PARTIAL,canonical_mapped,True,False,coverage_partial,132b902a730c8fff6561083136a4992a257446758de16e9711fa2475a371e483
sports_game_odds,q2Sm8u4f8eKOgLKeY1m9,g5,2026,0,2026-08-29,North Carolina,TCU,True,FBS_vs_FBS,caesars,moneyline,home,,-250,b2a09044afaa648a04f41c43c6816b44c8ac9f2fe3610e1c0f201439300d6e67,True,False,2026-07-30T03:47:23.000Z,2026-07-30T13:23:09.432257+00:00,402.84,False,replay-20260730T035405Z-85165416-corrected,1,PARTIAL,canonical_mapped,True,False,coverage_partial,132b902a730c8fff6561083136a4992a257446758de16e9711fa2475a371e483
sports_game_odds,q2Sm8u4f8eKOgLKeY1m9,g5,2026,0,2026-08-29,North Carolina,TCU,True,FBS_vs_FBS,caesars,spread,away,6.5,-107,c7e73eac0008af6332365c2bf938519c69389d5faade94444aef362ce5af13ce,True,False,2026-07-30T03:47:23.000Z,2026-07-30T13:23:09.432257+00:00,402.84,False,replay-20260730T035405Z-85165416-corrected,1,PARTIAL,canonical_mapped,True,False,coverage_partial,132b902a730c8fff6561083136a4992a257446758de16e9711fa2475a371e483
sports_game_odds,q2Sm8u4f8eKOgLKeY1m9,g5,2026,0,2026-08-29,North Carolina,TCU,True,FBS_vs_FBS,caesars,spread,home,-6.5,-113,c7e73eac0008af6332365c2bf938519c69389d5faade94444aef362ce5af13ce,True,False,2026-07-30T03:47:23.000Z,2026-07-30T13:23:09.432257+00:00,402.84,False,replay-20260730T035405Z-85165416-corrected,1,PARTIAL,canonical_mapped,True,False,coverage_partial,132b902a730c8fff6561083136a4992a257446758de16e9711fa2475a371e483
sports_game_odds,q2Sm8u4f8eKOgLKeY1m9,g5,2026,0,2026-08-29,North Carolina,TCU,True,FBS_vs_FBS,caesars,total,over,49.5,-110,c00609e97d9b95b41425e909100fea547c5c64030265dc3ecf28ca5f44162f42,True,False,2026-07-30T03:47:23.000Z,2026-07-30T13:23:09.432257+00:00,402.84,False,replay-20260730T035405Z-85165416-corrected,1,PARTIAL,canonical_mapped,True,False,coverage_partial,132b902a730c8fff6561083136a4992a257446758de16e9711fa2475a371e483
sports_game_odds,q2Sm8u4f8eKOgLKeY1m9,g5,2026,0,2026-08-29,North Carolina,TCU,True,FBS_vs_FBS,caesars,total,under,49.5,-110,c00609e97d9b95b41425e909100fea547c5c64030265dc3ecf28ca5f44162f42,True,False,2026-07-30T03:47:23.000Z,2026-07-30T13:23:09.432257+00:00,402.84,False,replay-20260730T035405Z-85165416-corrected,1,PARTIAL,canonical_mapped,True,False,coverage_partial,132b902a730c8fff6561083136a4992a257446758de16e9711fa2475a371e483
sports_game_odds,q2Sm8u4f8eKOgLKeY1m9,g5,2026,0,2026-08-29,North Carolina,TCU,True,FBS_vs_FBS,draftkings,moneyline,away,,205,b38387d51f098cf58d105f49a8a42071236ec40bb7ad826deac1c7d8ce50db82,True,False,2026-07-30T03:49:56.917Z,2026-07-30T13:23:09.432257+00:00,249.12,False,replay-20260730T035405Z-85165416-corrected,1,PARTIAL,canonical_mapped,True,False,coverage_partial,132b902a730c8fff6561083136a4992a257446758de16e9711fa2475a371e483
sports_game_odds,q2Sm8u4f8eKOgLKeY1m9,g5,2026,0,2026-08-29,North Carolina,TCU,True,FBS_vs_FBS,draftkings,moneyline,home,,-250,b38387d51f098cf58d105f49a8a42071236ec40bb7ad826deac1c7d8ce50db82,True,False,2026-07-30T03:49:56.917Z,2026-07-30T13:23:09.432257+00:00,249.12,False,replay-20260730T035405Z-85165416-corrected,1,PARTIAL,canonical_mapped,True,False,coverage_partial,132b902a730c8fff6561083136a4992a257446758de16e9711fa2475a371e483
sports_game_odds,q2Sm8u4f8eKOgLKeY1m9,g5,2026,0,2026-08-29,North Carolina,TCU,True,FBS_vs_FBS,draftkings,spread,away,6.5,-108,f85d4ce585efebd3af4180c0701a872a3d935ebf8f23228068da7c186f147981,True,False,2026-07-30T03:49:56.917Z,2026-07-30T13:23:09.432257+00:00,249.12,False,replay-20260730T035405Z-85165416-corrected,1,PARTIAL,canonical_mapped,True,False,coverage_partial,132b902a730c8fff6561083136a4992a257446758de16e9711fa2475a371e483
sports_game_odds,q2Sm8u4f8eKOgLKeY1m9,g5,2026,0,2026-08-29,North Carolina,TCU,True,FBS_vs_FBS,draftkings,spread,home,-6.5,-112,f85d4ce585efebd3af4180c0701a872a3d935ebf8f23228068da7c186f147981,True,False,2026-07-30T03:49:56.917Z,2026-07-30T13:23:09.432257+00:00,249.12,False,replay-20260730T035405Z-85165416-corrected,1,PARTIAL,canonical_mapped,True,False,coverage_partial,132b902a730c8fff6561083136a4992a257446758de16e9711fa2475a371e483
sports_game_odds,q2Sm8u4f8eKOgLKeY1m9,g5,2026,0,2026-08-29,North Carolina,TCU,True,FBS_vs_FBS,draftkings,total,over,49.5,-110,65ee93e1c2be1c9d83982c1c443756ff588f34aac4c68d380177ec95e06860ef,True,False,2026-07-30T03:49:56.917Z,2026-07-30T13:23:09.432257+00:00,249.12,False,replay-20260730T035405Z-85165416-corrected,1,PARTIAL,canonical_mapped,True,False,coverage_partial,132b902a730c8fff6561083136a4992a257446758de16e9711fa2475a371e483
sports_game_odds,q2Sm8u4f8eKOgLKeY1m9,g5,2026,0,2026-08-29,North Carolina,TCU,True,FBS_vs_FBS,draftkings,total,under,49.5,-110,65ee93e1c2be1c9d83982c1c443756ff588f34aac4c68d380177ec95e06860ef,True,False,2026-07-30T03:49:56.917Z,2026-07-30T13:23:09.432257+00:00,249.12,False,replay-20260730T035405Z-85165416-corrected,1,PARTIAL,canonical_mapped,True,False,coverage_partial,132b902a730c8fff6561083136a4992a257446758de16e9711fa2475a371e483
sports_game_odds,q2Sm8u4f8eKOgLKeY1m9,g5,2026,0,2026-08-29,North Carolina,TCU,True,FBS_vs_FBS,fanduel,moneyline,away,,205,f1073d1466029f35de6771993466bd498c83f6e5ce6367fa10117ec4b4089965,True,False,2026-07-30T03:50:11.799Z,2026-07-30T13:23:09.432257+00:00,234.36,False,replay-20260730T035405Z-85165416-corrected,1,PARTIAL,canonical_mapped,True,False,coverage_partial,132b902a730c8fff6561083136a4992a257446758de16e9711fa2475a371e483
sports_game_odds,q2Sm8u4f8eKOgLKeY1m9,g5,2026,0,2026-08-29,North Carolina,TCU,True,FBS_vs_FBS,fanduel,moneyline,home,,-255,f1073d1466029f35de6771993466bd498c83f6e5ce6367fa10117ec4b4089965,True,False,2026-07-30T03:50:11.799Z,2026-07-30T13:23:09.432257+00:00,234.36,False,replay-20260730T035405Z-85165416-corrected,1,PARTIAL,canonical_mapped,True,False,coverage_partial,132b902a730c8fff6561083136a4992a257446758de16e9711fa2475a371e483
sports_game_odds,q2Sm8u4f8eKOgLKeY1m9,g5,2026,0,2026-08-29,North Carolina,TCU,True,FBS_vs_FBS,fanduel,spread,away,6.5,-106,80086c1578dd06189eebf42e98670b20967e05fe2aca42be95e1f8fa2c821b01,True,False,2026-07-30T03:50:11.799Z,2026-07-30T13:23:09.432257+00:00,234.36,False,replay-20260730T035405Z-85165416-corrected,1,PARTIAL,canonical_mapped,True,False,coverage_partial,132b902a730c8fff6561083136a4992a257446758de16e9711fa2475a371e483
sports_game_odds,q2Sm8u4f8eKOgLKeY1m9,g5,2026,0,2026-08-29,North Carolina,TCU,True,FBS_vs_FBS,fanduel,spread,home,-6.5,-114,80086c1578dd06189eebf42e98670b20967e05fe2aca42be95e1f8fa2c821b01,True,False,2026-07-30T03:50:11.799Z,2026-07-30T13:23:09.432257+00:00,234.36,False,replay-20260730T035405Z-85165416-corrected,1,PARTIAL,canonical_mapped,True,False,coverage_partial,132b902a730c8fff6561083136a4992a257446758de16e9711fa2475a371e483
sports_game_odds,VTgTcNSLLTwRNGD4Opib,g6,2026,0,2026-08-29,Memphis,UNLV,False,FBS_vs_FBS,betmgm,spread,away,5.5,-105,62c70d32552c9652a8226971ee31061bc62011693ee0179ea4575f55b537d765,True,False,2026-07-30T03:49:17.000Z,2026-07-30T13:23:09.432257+00:00,289.08,False,replay-20260730T035405Z-85165416-corrected,1,PARTIAL,canonical_mapped,True,False,coverage_partial,132b902a730c8fff6561083136a4992a257446758de16e9711fa2475a371e483
sports_game_odds,VTgTcNSLLTwRNGD4Opib,g6,2026,0,2026-08-29,Memphis,UNLV,False,FBS_vs_FBS,betmgm,spread,home,-5.5,-115,62c70d32552c9652a8226971ee31061bc62011693ee0179ea4575f55b537d765,True,False,2026-07-30T03:49:17.000Z,2026-07-30T13:23:09.432257+00:00,289.08,False,replay-20260730T035405Z-85165416-corrected,1,PARTIAL,canonical_mapped,True,False,coverage_partial,132b902a730c8fff6561083136a4992a257446758de16e9711fa2475a371e483
sports_game_odds,VTgTcNSLLTwRNGD4Opib,g6,2026,0,2026-08-29,Memphis,UNLV,False,FBS_vs_FBS,betmgm,total,over,58.5,-110,5c55799df04cdaed6ec373da8623571bdd2d44e28518f06a10d7c0e0587caf92,True,False,2026-07-30T03:49:17.000Z,2026-07-30T13:23:09.432257+00:00,289.08,False,replay-20260730T035405Z-85165416-corrected,1,PARTIAL,canonical_mapped,True,False,coverage_partial,132b902a730c8fff6561083136a4992a257446758de16e9711fa2475a371e483
sports_game_odds,VTgTcNSLLTwRNGD4Opib,g6,2026,0,2026-08-29,Memphis,UNLV,False,FBS_vs_FBS,betmgm,total,under,58.5,-110,5c55799df04cdaed6ec373da8623571bdd2d44e28518f06a10d7c0e0587caf92,True,False,2026-07-30T03:49:17.000Z,2026-07-30T13:23:09.432257+00:00,289.08,False,replay-20260730T035405Z-85165416-corrected,1,PARTIAL,canonical_mapped,True,False,coverage_partial,132b902a730c8fff6561083136a4992a257446758de16e9711fa2475a371e483
sports_game_odds,VTgTcNSLLTwRNGD4Opib,g6,2026,0,2026-08-29,Memphis,UNLV,False,FBS_vs_FBS,bovada,moneyline,away,,165,93bd701edd1711121ac2e9e42ccc50b0261805139bfe8180757c1309db65ed96,True,False,2026-07-30T03:48:31.000Z,2026-07-30T13:23:09.432257+00:00,335.16,False,replay-20260730T035405Z-85165416-corrected,1,PARTIAL,canonical_mapped,True,False,coverage_partial,132b902a730c8fff6561083136a4992a257446758de16e9711fa2475a371e483
sports_game_odds,VTgTcNSLLTwRNGD4Opib,g6,2026,0,2026-08-29,Memphis,UNLV,False,FBS_vs_FBS,bovada,moneyline,home,,-195,93bd701edd1711121ac2e9e42ccc50b0261805139bfe8180757c1309db65ed96,True,False,2026-07-30T03:48:31.000Z,2026-07-30T13:23:09.432257+00:00,335.16,False,replay-20260730T035405Z-85165416-corrected,1,PARTIAL,canonical_mapped,True,False,coverage_partial,132b902a730c8fff6561083136a4992a257446758de16e9711fa2475a371e483
sports_game_odds,VTgTcNSLLTwRNGD4Opib,g6,2026,0,2026-08-29,Memphis,UNLV,False,FBS_vs_FBS,bovada,spread,away,5.5,-110,0432bc5491565ffaadd76db6e368a45a9e50a531584912200949b05f5931c49f,True,False,2026-07-30T03:48:31.000Z,2026-07-30T13:23:09.432257+00:00,335.16,False,replay-20260730T035405Z-85165416-corrected,1,PARTIAL,canonical_mapped,True,False,coverage_partial,132b902a730c8fff6561083136a4992a257446758de16e9711fa2475a371e483
sports_game_odds,VTgTcNSLLTwRNGD4Opib,g6,2026,0,2026-08-29,Memphis,UNLV,False,FBS_vs_FBS,bovada,spread,home,-5.5,-110,0432bc5491565ffaadd76db6e368a45a9e50a531584912200949b05f5931c49f,True,False,2026-07-30T03:48:31.000Z,2026-07-30T13:23:09.432257+00:00,335.16,False,replay-20260730T035405Z-85165416-corrected,1,PARTIAL,canonical_mapped,True,False,coverage_partial,132b902a730c8fff6561083136a4992a257446758de16e9711fa2475a371e483
sports_game_odds,VTgTcNSLLTwRNGD4Opib,g6,2026,0,2026-08-29,Memphis,UNLV,False,FBS_vs_FBS,bovada,total,over,59.5,-110,7f519197d64f7832edfe3d91e9bf983b060d553a3cd7bc64cb1a807f3867e74e,True,False,2026-07-30T03:48:31.000Z,2026-07-30T13:23:09.432257+00:00,335.16,False,replay-20260730T035405Z-85165416-corrected,1,PARTIAL,canonical_mapped,True,False,coverage_partial,132b902a730c8fff6561083136a4992a257446758de16e9711fa2475a371e483
sports_game_odds,VTgTcNSLLTwRNGD4Opib,g6,2026,0,2026-08-29,Memphis,UNLV,False,FBS_vs_FBS,bovada,total,under,59.5,-110,7f519197d64f7832edfe3d91e9bf983b060d553a3cd7bc64cb1a807f3867e74e,True,False,2026-07-30T03:48:31.000Z,2026-07-30T13:23:09.432257+00:00,335.16,False,replay-20260730T035405Z-85165416-corrected,1,PARTIAL,canonical_mapped,True,False,coverage_partial,132b902a730c8fff6561083136a4992a257446758de16e9711fa2475a371e483
sports_game_odds,VTgTcNSLLTwRNGD4Opib,g6,2026,0,2026-08-29,Memphis,UNLV,False,FBS_vs_FBS,caesars,moneyline,away,,178,c348a1b7588df1d1e62e057c49ab638fb8baf63369320e11a86861661d50262e,True,False,2026-07-30T03:47:23.000Z,2026-07-30T13:23:09.432257+00:00,402.84,False,replay-20260730T035405Z-85165416-corrected,1,PARTIAL,canonical_mapped,True,False,coverage_partial,132b902a730c8fff6561083136a4992a257446758de16e9711fa2475a371e483
sports_game_odds,VTgTcNSLLTwRNGD4Opib,g6,2026,0,2026-08-29,Memphis,UNLV,False,FBS_vs_FBS,caesars,moneyline,home,,-215,c348a1b7588df1d1e62e057c49ab638fb8baf63369320e11a86861661d50262e,True,False,2026-07-30T03:47:23.000Z,2026-07-30T13:23:09.432257+00:00,402.84,False,replay-20260730T035405Z-85165416-corrected,1,PARTIAL,canonical_mapped,True,False,coverage_partial,132b902a730c8fff6561083136a4992a257446758de16e9711fa2475a371e483
sports_game_odds,VTgTcNSLLTwRNGD4Opib,g6,2026,0,2026-08-29,Memphis,UNLV,False,FBS_vs_FBS,caesars,spread,away,5.5,-108,9b23a0b7e48e0cf3328f00ea3bb64d266e28fd08fa9d027df65f1a05964dd0a8,True,False,2026-07-30T03:47:23.000Z,2026-07-30T13:23:09.432257+00:00,402.84,False,replay-20260730T035405Z-85165416-corrected,1,PARTIAL,canonical_mapped,True,False,coverage_partial,132b902a730c8fff6561083136a4992a257446758de16e9711fa2475a371e483
sports_game_odds,VTgTcNSLLTwRNGD4Opib,g6,2026,0,2026-08-29,Memphis,UNLV,False,FBS_vs_FBS,caesars,spread,home,-5.5,-111,9b23a0b7e48e0cf3328f00ea3bb64d266e28fd08fa9d027df65f1a05964dd0a8,True,False,2026-07-30T03:47:23.000Z,2026-07-30T13:23:09.432257+00:00,402.84,False,replay-20260730T035405Z-85165416-corrected,1,PARTIAL,canonical_mapped,True,False,coverage_partial,132b902a730c8fff6561083136a4992a257446758de16e9711fa2475a371e483
sports_game_odds,VTgTcNSLLTwRNGD4Opib,g6,2026,0,2026-08-29,Memphis,UNLV,False,FBS_vs_FBS,caesars,total,over,59.0,-110,ab9270e071fffa4ecddbcde2534fecf2123c9517dd6cce87ef1fca02a3be0754,True,False,2026-07-30T03:47:23.000Z,2026-07-30T13:23:09.432257+00:00,402.84,False,replay-20260730T035405Z-85165416-corrected,1,PARTIAL,canonical_mapped,True,False,coverage_partial,132b902a730c8fff6561083136a4992a257446758de16e9711fa2475a371e483
sports_game_odds,VTgTcNSLLTwRNGD4Opib,g6,2026,0,2026-08-29,Memphis,UNLV,False,FBS_vs_FBS,caesars,total,under,59.0,-109,ab9270e071fffa4ecddbcde2534fecf2123c9517dd6cce87ef1fca02a3be0754,True,False,2026-07-30T03:47:23.000Z,2026-07-30T13:23:09.432257+00:00,402.84,False,replay-20260730T035405Z-85165416-corrected,1,PARTIAL,canonical_mapped,True,False,coverage_partial,132b902a730c8fff6561083136a4992a257446758de16e9711fa2475a371e483
sports_game_odds,VTgTcNSLLTwRNGD4Opib,g6,2026,0,2026-08-29,Memphis,UNLV,False,FBS_vs_FBS,draftkings,moneyline,away,,164,a01893277cf141663b29ec5969c2b559ff8e1f576310a48e6d7f5c07b2438d52,True,False,2026-07-30T03:49:56.917Z,2026-07-30T13:23:09.432257+00:00,249.12,False,replay-20260730T035405Z-85165416-corrected,1,PARTIAL,canonical_mapped,True,False,coverage_partial,132b902a730c8fff6561083136a4992a257446758de16e9711fa2475a371e483
sports_game_odds,VTgTcNSLLTwRNGD4Opib,g6,2026,0,2026-08-29,Memphis,UNLV,False,FBS_vs_FBS,draftkings,moneyline,home,,-198,a01893277cf141663b29ec5969c2b559ff8e1f576310a48e6d7f5c07b2438d52,True,False,2026-07-30T03:49:56.917Z,2026-07-30T13:23:09.432257+00:00,249.12,False,replay-20260730T035405Z-85165416-corrected,1,PARTIAL,canonical_mapped,True,False,coverage_partial,132b902a730c8fff6561083136a4992a257446758de16e9711fa2475a371e483
sports_game_odds,VTgTcNSLLTwRNGD4Opib,g6,2026,0,2026-08-29,Memphis,UNLV,False,FBS_vs_FBS,draftkings,spread,away,5.5,-112,eba5163a06fb05096a22621a828747a8ba3c76b5d6041526d502e0055c08cc16,True,False,2026-07-30T03:49:56.917Z,2026-07-30T13:23:09.432257+00:00,249.12,False,replay-20260730T035405Z-85165416-corrected,1,PARTIAL,canonical_mapped,True,False,coverage_partial,132b902a730c8fff6561083136a4992a257446758de16e9711fa2475a371e483
sports_game_odds,VTgTcNSLLTwRNGD4Opib,g6,2026,0,2026-08-29,Memphis,UNLV,False,FBS_vs_FBS,draftkings,spread,home,-5.5,-108,eba5163a06fb05096a22621a828747a8ba3c76b5d6041526d502e0055c08cc16,True,False,2026-07-30T03:49:56.917Z,2026-07-30T13:23:09.432257+00:00,249.12,False,replay-20260730T035405Z-85165416-corrected,1,PARTIAL,canonical_mapped,True,False,coverage_partial,132b902a730c8fff6561083136a4992a257446758de16e9711fa2475a371e483
sports_game_odds,VTgTcNSLLTwRNGD4Opib,g6,2026,0,2026-08-29,Memphis,UNLV,False,FBS_vs_FBS,draftkings,total,over,59.5,-108,4ac616fd54fa42c8c5285147e311639f48c157e3abe8fa8249439a0cf4c301fd,True,False,2026-07-30T03:49:56.917Z,2026-07-30T13:23:09.432257+00:00,249.12,False,replay-20260730T035405Z-85165416-corrected,1,PARTIAL,canonical_mapped,True,False,coverage_partial,132b902a730c8fff6561083136a4992a257446758de16e9711fa2475a371e483
sports_game_odds,VTgTcNSLLTwRNGD4Opib,g6,2026,0,2026-08-29,Memphis,UNLV,False,FBS_vs_FBS,draftkings,total,under,59.5,-112,4ac616fd54fa42c8c5285147e311639f48c157e3abe8fa8249439a0cf4c301fd,True,False,2026-07-30T03:49:56.917Z,2026-07-30T13:23:09.432257+00:00,249.12,False,replay-20260730T035405Z-85165416-corrected,1,PARTIAL,canonical_mapped,True,False,coverage_partial,132b902a730c8fff6561083136a4992a257446758de16e9711fa2475a371e483
sports_game_odds,VTgTcNSLLTwRNGD4Opib,g6,2026,0,2026-08-29,Memphis,UNLV,False,FBS_vs_FBS,fanduel,moneyline,away,,188,ee2b0bebf7a818460222c51a2b62192e3fe6db407b16d6144381883cca2ee773,True,False,2026-07-30T03:50:11.799Z,2026-07-30T13:23:09.432257+00:00,234.36,False,replay-20260730T035405Z-85165416-corrected,1,PARTIAL,canonical_mapped,True,False,coverage_partial,132b902a730c8fff6561083136a4992a257446758de16e9711fa2475a371e483
sports_game_odds,VTgTcNSLLTwRNGD4Opib,g6,2026,0,2026-08-29,Memphis,UNLV,False,FBS_vs_FBS,fanduel,moneyline,home,,-230,ee2b0bebf7a818460222c51a2b62192e3fe6db407b16d6144381883cca2ee773,True,False,2026-07-30T03:50:11.799Z,2026-07-30T13:23:09.432257+00:00,234.36,False,replay-20260730T035405Z-85165416-corrected,1,PARTIAL,canonical_mapped,True,False,coverage_partial,132b902a730c8fff6561083136a4992a257446758de16e9711fa2475a371e483
sports_game_odds,VTgTcNSLLTwRNGD4Opib,g6,2026,0,2026-08-29,Memphis,UNLV,False,FBS_vs_FBS,fanduel,spread,away,5.5,-102,f920ac7bb8d4ae4c81f6f1b187f435469b6c3bd0a2ef8ef34c8a4dff1cca9b1f,True,False,2026-07-30T03:50:11.799Z,2026-07-30T13:23:09.432257+00:00,234.36,False,replay-20260730T035405Z-85165416-corrected,1,PARTIAL,canonical_mapped,True,False,coverage_partial,132b902a730c8fff6561083136a4992a257446758de16e9711fa2475a371e483
sports_game_odds,VTgTcNSLLTwRNGD4Opib,g6,2026,0,2026-08-29,Memphis,UNLV,False,FBS_vs_FBS,fanduel,spread,home,-5.5,-120,f920ac7bb8d4ae4c81f6f1b187f435469b6c3bd0a2ef8ef34c8a4dff1cca9b1f,True,False,2026-07-30T03:50:11.799Z,2026-07-30T13:23:09.432257+00:00,234.36,False,replay-20260730T035405Z-85165416-corrected,1,PARTIAL,canonical_mapped,True,False,coverage_partial,132b902a730c8fff6561083136a4992a257446758de16e9711fa2475a371e483
sports_game_odds,VTgTcNSLLTwRNGD4Opib,g6,2026,0,2026-08-29,Memphis,UNLV,False,FBS_vs_FBS,fanduel,total,over,59.5,-110,082c6714f1655c8ac0c1c34897a918a037659401e8a2ab6bfffc7397e2bcb641,True,False,2026-07-30T03:50:11.799Z,2026-07-30T13:23:09.432257+00:00,234.36,False,replay-20260730T035405Z-85165416-corrected,1,PARTIAL,canonical_mapped,True,False,coverage_partial,132b902a730c8fff6561083136a4992a257446758de16e9711fa2475a371e483
sports_game_odds,VTgTcNSLLTwRNGD4Opib,g6,2026,0,2026-08-29,Memphis,UNLV,False,FBS_vs_FBS,fanduel,total,under,59.5,-110,082c6714f1655c8ac0c1c34897a918a037659401e8a2ab6bfffc7397e2bcb641,True,False,2026-07-30T03:50:11.799Z,2026-07-30T13:23:09.432257+00:00,234.36,False,replay-20260730T035405Z-85165416-corrected,1,PARTIAL,canonical_mapped,True,False,coverage_partial,132b902a730c8fff6561083136a4992a257446758de16e9711fa2475a371e483
sports_game_odds,djp3nmDjGDvoFC2jyllO,g7,2026,0,2026-08-29,San Jose State,USC,False,FBS_vs_FBS,betmgm,spread,away,35.5,-110,aaf4c7976b40039514c1ec570ff87221ebebd37d7bea340721815ed81001c884,True,False,2026-07-30T03:49:17.000Z,2026-07-30T13:23:09.432257+00:00,289.08,False,replay-20260730T035405Z-85165416-corrected,1,PARTIAL,canonical_mapped,True,False,coverage_partial,132b902a730c8fff6561083136a4992a257446758de16e9711fa2475a371e483
sports_game_odds,djp3nmDjGDvoFC2jyllO,g7,2026,0,2026-08-29,San Jose State,USC,False,FBS_vs_FBS,betmgm,spread,home,-35.5,-110,aaf4c7976b40039514c1ec570ff87221ebebd37d7bea340721815ed81001c884,True,False,2026-07-30T03:49:17.000Z,2026-07-30T13:23:09.432257+00:00,289.08,False,replay-20260730T035405Z-85165416-corrected,1,PARTIAL,canonical_mapped,True,False,coverage_partial,132b902a730c8fff6561083136a4992a257446758de16e9711fa2475a371e483
sports_game_odds,djp3nmDjGDvoFC2jyllO,g7,2026,0,2026-08-29,San Jose State,USC,False,FBS_vs_FBS,betmgm,total,over,58.5,-110,9e06d02cd5666bd65b2e6cddd7d1ad280a60cbec9b8ada565bc85942c3d7ae0d,True,False,2026-07-30T03:49:17.000Z,2026-07-30T13:23:09.432257+00:00,289.08,False,replay-20260730T035405Z-85165416-corrected,1,PARTIAL,canonical_mapped,True,False,coverage_partial,132b902a730c8fff6561083136a4992a257446758de16e9711fa2475a371e483
sports_game_odds,djp3nmDjGDvoFC2jyllO,g7,2026,0,2026-08-29,San Jose State,USC,False,FBS_vs_FBS,betmgm,total,under,58.5,-110,9e06d02cd5666bd65b2e6cddd7d1ad280a60cbec9b8ada565bc85942c3d7ae0d,True,False,2026-07-30T03:49:17.000Z,2026-07-30T13:23:09.432257+00:00,289.08,False,replay-20260730T035405Z-85165416-corrected,1,PARTIAL,canonical_mapped,True,False,coverage_partial,132b902a730c8fff6561083136a4992a257446758de16e9711fa2475a371e483
sports_game_odds,djp3nmDjGDvoFC2jyllO,g7,2026,0,2026-08-29,San Jose State,USC,False,FBS_vs_FBS,bovada,spread,away,35.5,-105,d8c81f8a314c88e0d6878deb3ab5aec194ddff6123cd4214050a860f7312054c,True,False,2026-07-30T03:48:31.000Z,2026-07-30T13:23:09.432257+00:00,335.16,False,replay-20260730T035405Z-85165416-corrected,1,PARTIAL,canonical_mapped,True,False,coverage_partial,132b902a730c8fff6561083136a4992a257446758de16e9711fa2475a371e483
sports_game_odds,djp3nmDjGDvoFC2jyllO,g7,2026,0,2026-08-29,San Jose State,USC,False,FBS_vs_FBS,bovada,spread,home,-35.5,-115,d8c81f8a314c88e0d6878deb3ab5aec194ddff6123cd4214050a860f7312054c,True,False,2026-07-30T03:48:31.000Z,2026-07-30T13:23:09.432257+00:00,335.16,False,replay-20260730T035405Z-85165416-corrected,1,PARTIAL,canonical_mapped,True,False,coverage_partial,132b902a730c8fff6561083136a4992a257446758de16e9711fa2475a371e483
sports_game_odds,djp3nmDjGDvoFC2jyllO,g7,2026,0,2026-08-29,San Jose State,USC,False,FBS_vs_FBS,bovada,total,over,58.5,-110,6d6311fab92c30ad853c5da4055126472231cd181f1f98a8b2766e97d402e583,True,False,2026-07-30T03:48:31.000Z,2026-07-30T13:23:09.432257+00:00,335.16,False,replay-20260730T035405Z-85165416-corrected,1,PARTIAL,canonical_mapped,True,False,coverage_partial,132b902a730c8fff6561083136a4992a257446758de16e9711fa2475a371e483
sports_game_odds,djp3nmDjGDvoFC2jyllO,g7,2026,0,2026-08-29,San Jose State,USC,False,FBS_vs_FBS,bovada,total,under,58.5,-110,6d6311fab92c30ad853c5da4055126472231cd181f1f98a8b2766e97d402e583,True,False,2026-07-30T03:48:31.000Z,2026-07-30T13:23:09.432257+00:00,335.16,False,replay-20260730T035405Z-85165416-corrected,1,PARTIAL,canonical_mapped,True,False,coverage_partial,132b902a730c8fff6561083136a4992a257446758de16e9711fa2475a371e483
sports_game_odds,djp3nmDjGDvoFC2jyllO,g7,2026,0,2026-08-29,San Jose State,USC,False,FBS_vs_FBS,caesars,moneyline,away,,2200,2f2da51736727bca8a1cc3a7520448c801e6f1a9accaee843b843a6a891ebafb,True,False,2026-07-30T03:47:23.000Z,2026-07-30T13:23:09.432257+00:00,402.84,False,replay-20260730T035405Z-85165416-corrected,1,PARTIAL,canonical_mapped,True,False,coverage_partial,132b902a730c8fff6561083136a4992a257446758de16e9711fa2475a371e483
sports_game_odds,djp3nmDjGDvoFC2jyllO,g7,2026,0,2026-08-29,San Jose State,USC,False,FBS_vs_FBS,caesars,moneyline,home,,-10000,2f2da51736727bca8a1cc3a7520448c801e6f1a9accaee843b843a6a891ebafb,True,False,2026-07-30T03:47:23.000Z,2026-07-30T13:23:09.432257+00:00,402.84,False,replay-20260730T035405Z-85165416-corrected,1,PARTIAL,canonical_mapped,True,False,coverage_partial,132b902a730c8fff6561083136a4992a257446758de16e9711fa2475a371e483
sports_game_odds,djp3nmDjGDvoFC2jyllO,g7,2026,0,2026-08-29,San Jose State,USC,False,FBS_vs_FBS,caesars,total,over,58.5,-112,03396914228d5aaa73ae657b6b3afc666f639f825307d2271cce9e27ac7006a7,True,False,2026-07-30T03:47:23.000Z,2026-07-30T13:23:09.432257+00:00,402.84,False,replay-20260730T035405Z-85165416-corrected,1,PARTIAL,canonical_mapped,True,False,coverage_partial,132b902a730c8fff6561083136a4992a257446758de16e9711fa2475a371e483
sports_game_odds,djp3nmDjGDvoFC2jyllO,g7,2026,0,2026-08-29,San Jose State,USC,False,FBS_vs_FBS,caesars,total,under,58.5,-108,03396914228d5aaa73ae657b6b3afc666f639f825307d2271cce9e27ac7006a7,True,False,2026-07-30T03:47:23.000Z,2026-07-30T13:23:09.432257+00:00,402.84,False,replay-20260730T035405Z-85165416-corrected,1,PARTIAL,canonical_mapped,True,False,coverage_partial,132b902a730c8fff6561083136a4992a257446758de16e9711fa2475a371e483
sports_game_odds,djp3nmDjGDvoFC2jyllO,g7,2026,0,2026-08-29,San Jose State,USC,False,FBS_vs_FBS,draftkings,moneyline,away,,4000,fb09a8de0c1aeba46c8e6c5e6aa014f0467fd7df882e3db9ab9c66d84407dc1b,True,False,2026-07-30T03:49:56.917Z,2026-07-30T13:23:09.432257+00:00,249.12,False,replay-20260730T035405Z-85165416-corrected,1,PARTIAL,canonical_mapped,True,False,coverage_partial,132b902a730c8fff6561083136a4992a257446758de16e9711fa2475a371e483
sports_game_odds,djp3nmDjGDvoFC2jyllO,g7,2026,0,2026-08-29,San Jose State,USC,False,FBS_vs_FBS,draftkings,moneyline,home,,-50000,fb09a8de0c1aeba46c8e6c5e6aa014f0467fd7df882e3db9ab9c66d84407dc1b,True,False,2026-07-30T03:49:56.917Z,2026-07-30T13:23:09.432257+00:00,249.12,False,replay-20260730T035405Z-85165416-corrected,1,PARTIAL,canonical_mapped,True,False,coverage_partial,132b902a730c8fff6561083136a4992a257446758de16e9711fa2475a371e483
sports_game_odds,djp3nmDjGDvoFC2jyllO,g7,2026,0,2026-08-29,San Jose State,USC,False,FBS_vs_FBS,draftkings,spread,away,35.5,-105,157fb63e9ba0a9cfcfb0d2d9c3ba8c9ec81baa0318e4f596ee4b53b055ae3ff4,True,False,2026-07-30T03:49:56.917Z,2026-07-30T13:23:09.432257+00:00,249.12,False,replay-20260730T035405Z-85165416-corrected,1,PARTIAL,canonical_mapped,True,False,coverage_partial,132b902a730c8fff6561083136a4992a257446758de16e9711fa2475a371e483
sports_game_odds,djp3nmDjGDvoFC2jyllO,g7,2026,0,2026-08-29,San Jose State,USC,False,FBS_vs_FBS,draftkings,spread,home,-35.5,-115,157fb63e9ba0a9cfcfb0d2d9c3ba8c9ec81baa0318e4f596ee4b53b055ae3ff4,True,False,2026-07-30T03:49:56.917Z,2026-07-30T13:23:09.432257+00:00,249.12,False,replay-20260730T035405Z-85165416-corrected,1,PARTIAL,canonical_mapped,True,False,coverage_partial,132b902a730c8fff6561083136a4992a257446758de16e9711fa2475a371e483
sports_game_odds,djp3nmDjGDvoFC2jyllO,g7,2026,0,2026-08-29,San Jose State,USC,False,FBS_vs_FBS,draftkings,total,over,58.5,-112,79baf0ea1d642c3ef4306e16f3c43e8ff1d7e7bd4496dadf7cc509dcea9f35bd,True,False,2026-07-30T03:49:56.917Z,2026-07-30T13:23:09.432257+00:00,249.12,False,replay-20260730T035405Z-85165416-corrected,1,PARTIAL,canonical_mapped,True,False,coverage_partial,132b902a730c8fff6561083136a4992a257446758de16e9711fa2475a371e483
sports_game_odds,djp3nmDjGDvoFC2jyllO,g7,2026,0,2026-08-29,San Jose State,USC,False,FBS_vs_FBS,draftkings,total,under,58.5,-108,79baf0ea1d642c3ef4306e16f3c43e8ff1d7e7bd4496dadf7cc509dcea9f35bd,True,False,2026-07-30T03:49:56.917Z,2026-07-30T13:23:09.432257+00:00,249.12,False,replay-20260730T035405Z-85165416-corrected,1,PARTIAL,canonical_mapped,True,False,coverage_partial,132b902a730c8fff6561083136a4992a257446758de16e9711fa2475a371e483
sports_game_odds,djp3nmDjGDvoFC2jyllO,g7,2026,0,2026-08-29,San Jose State,USC,False,FBS_vs_FBS,fanduel,moneyline,away,,5500,dad38cd87e38f8cf6a3fb12cb68d378a693718eaf45468730603436803a81c7b,True,False,2026-07-30T03:50:11.799Z,2026-07-30T13:23:09.432257+00:00,234.36,False,replay-20260730T035405Z-85165416-corrected,1,PARTIAL,canonical_mapped,True,False,coverage_partial,132b902a730c8fff6561083136a4992a257446758de16e9711fa2475a371e483
sports_game_odds,djp3nmDjGDvoFC2jyllO,g7,2026,0,2026-08-29,San Jose State,USC,False,FBS_vs_FBS,fanduel,moneyline,home,,-50000,dad38cd87e38f8cf6a3fb12cb68d378a693718eaf45468730603436803a81c7b,True,False,2026-07-30T03:50:11.799Z,2026-07-30T13:23:09.432257+00:00,234.36,False,replay-20260730T035405Z-85165416-corrected,1,PARTIAL,canonical_mapped,True,False,coverage_partial,132b902a730c8fff6561083136a4992a257446758de16e9711fa2475a371e483
sports_game_odds,djp3nmDjGDvoFC2jyllO,g7,2026,0,2026-08-29,San Jose State,USC,False,FBS_vs_FBS,fanduel,spread,away,35.5,-115,3173610bd5401fe372563cb9d1da860b4c12f02a2a3f27272ccd141105ddf1ee,True,False,2026-07-30T03:50:11.799Z,2026-07-30T13:23:09.432257+00:00,234.36,False,replay-20260730T035405Z-85165416-corrected,1,PARTIAL,canonical_mapped,True,False,coverage_partial,132b902a730c8fff6561083136a4992a257446758de16e9711fa2475a371e483
sports_game_odds,djp3nmDjGDvoFC2jyllO,g7,2026,0,2026-08-29,San Jose State,USC,False,FBS_vs_FBS,fanduel,spread,home,-35.5,-105,3173610bd5401fe372563cb9d1da860b4c12f02a2a3f27272ccd141105ddf1ee,True,False,2026-07-30T03:50:11.799Z,2026-07-30T13:23:09.432257+00:00,234.36,False,replay-20260730T035405Z-85165416-corrected,1,PARTIAL,canonical_mapped,True,False,coverage_partial,132b902a730c8fff6561083136a4992a257446758de16e9711fa2475a371e483
sports_game_odds,djp3nmDjGDvoFC2jyllO,g7,2026,0,2026-08-29,San Jose State,USC,False,FBS_vs_FBS,fanduel,total,over,58.5,-115,ed29328a02d313e3a5d85a373dfa1af576878d48f302135028766ac45a812480,True,False,2026-07-30T03:50:11.799Z,2026-07-30T13:23:09.432257+00:00,234.36,False,replay-20260730T035405Z-85165416-corrected,1,PARTIAL,canonical_mapped,True,False,coverage_partial,132b902a730c8fff6561083136a4992a257446758de16e9711fa2475a371e483
sports_game_odds,djp3nmDjGDvoFC2jyllO,g7,2026,0,2026-08-29,San Jose State,USC,False,FBS_vs_FBS,fanduel,total,under,58.5,-105,ed29328a02d313e3a5d85a373dfa1af576878d48f302135028766ac45a812480,True,False,2026-07-30T03:50:11.799Z,2026-07-30T13:23:09.432257+00:00,234.36,False,replay-20260730T035405Z-85165416-corrected,1,PARTIAL,canonical_mapped,True,False,coverage_partial,132b902a730c8fff6561083136a4992a257446758de16e9711fa2475a371e483
sports_game_odds,0AfOFu3Y3jrU8Z2wTd2A,g8,2026,0,2026-08-29,NC State,Virginia,True,FBS_vs_FBS,betmgm,spread,away,5.5,-105,05e0f23a852fd158e89889572dc46a1eb5e5f6097f1235226393f5f64655bc51,True,False,2026-07-30T03:49:17.000Z,2026-07-30T13:23:09.432257+00:00,289.08,False,replay-20260730T035405Z-85165416-corrected,1,PARTIAL,canonical_mapped,True,False,coverage_partial,132b902a730c8fff6561083136a4992a257446758de16e9711fa2475a371e483
sports_game_odds,0AfOFu3Y3jrU8Z2wTd2A,g8,2026,0,2026-08-29,NC State,Virginia,True,FBS_vs_FBS,betmgm,spread,home,-5.5,-115,05e0f23a852fd158e89889572dc46a1eb5e5f6097f1235226393f5f64655bc51,True,False,2026-07-30T03:49:17.000Z,2026-07-30T13:23:09.432257+00:00,289.08,False,replay-20260730T035405Z-85165416-corrected,1,PARTIAL,canonical_mapped,True,False,coverage_partial,132b902a730c8fff6561083136a4992a257446758de16e9711fa2475a371e483
sports_game_odds,0AfOFu3Y3jrU8Z2wTd2A,g8,2026,0,2026-08-29,NC State,Virginia,True,FBS_vs_FBS,betmgm,total,over,54.5,-115,d4f17d5e4d266b9204700863d52d2d8046dacaa5d1475e2f85e402d5152a1cca,True,False,2026-07-30T03:49:17.000Z,2026-07-30T13:23:09.432257+00:00,289.08,False,replay-20260730T035405Z-85165416-corrected,1,PARTIAL,canonical_mapped,True,False,coverage_partial,132b902a730c8fff6561083136a4992a257446758de16e9711fa2475a371e483
sports_game_odds,0AfOFu3Y3jrU8Z2wTd2A,g8,2026,0,2026-08-29,NC State,Virginia,True,FBS_vs_FBS,betmgm,total,under,54.5,-105,d4f17d5e4d266b9204700863d52d2d8046dacaa5d1475e2f85e402d5152a1cca,True,False,2026-07-30T03:49:17.000Z,2026-07-30T13:23:09.432257+00:00,289.08,False,replay-20260730T035405Z-85165416-corrected,1,PARTIAL,canonical_mapped,True,False,coverage_partial,132b902a730c8fff6561083136a4992a257446758de16e9711fa2475a371e483
sports_game_odds,0AfOFu3Y3jrU8Z2wTd2A,g8,2026,0,2026-08-29,NC State,Virginia,True,FBS_vs_FBS,bovada,moneyline,away,,175,147e4e10f6d860926d31949b03cbfc77f8322c1ab45319d761aae10f6910f1fa,True,False,2026-07-30T03:48:31.000Z,2026-07-30T13:23:09.432257+00:00,335.16,False,replay-20260730T035405Z-85165416-corrected,1,PARTIAL,canonical_mapped,True,False,coverage_partial,132b902a730c8fff6561083136a4992a257446758de16e9711fa2475a371e483
sports_game_odds,0AfOFu3Y3jrU8Z2wTd2A,g8,2026,0,2026-08-29,NC State,Virginia,True,FBS_vs_FBS,bovada,moneyline,home,,-210,147e4e10f6d860926d31949b03cbfc77f8322c1ab45319d761aae10f6910f1fa,True,False,2026-07-30T03:48:31.000Z,2026-07-30T13:23:09.432257+00:00,335.16,False,replay-20260730T035405Z-85165416-corrected,1,PARTIAL,canonical_mapped,True,False,coverage_partial,132b902a730c8fff6561083136a4992a257446758de16e9711fa2475a371e483
sports_game_odds,0AfOFu3Y3jrU8Z2wTd2A,g8,2026,0,2026-08-29,NC State,Virginia,True,FBS_vs_FBS,bovada,spread,away,5.5,-110,74aa3fbef1d3ece1c49c579ff04aad51699f121472daee52127b08f1c7d5a8f1,True,False,2026-07-30T03:48:31.000Z,2026-07-30T13:23:09.432257+00:00,335.16,False,replay-20260730T035405Z-85165416-corrected,1,PARTIAL,canonical_mapped,True,False,coverage_partial,132b902a730c8fff6561083136a4992a257446758de16e9711fa2475a371e483
sports_game_odds,0AfOFu3Y3jrU8Z2wTd2A,g8,2026,0,2026-08-29,NC State,Virginia,True,FBS_vs_FBS,bovada,spread,home,-5.5,-110,74aa3fbef1d3ece1c49c579ff04aad51699f121472daee52127b08f1c7d5a8f1,True,False,2026-07-30T03:48:31.000Z,2026-07-30T13:23:09.432257+00:00,335.16,False,replay-20260730T035405Z-85165416-corrected,1,PARTIAL,canonical_mapped,True,False,coverage_partial,132b902a730c8fff6561083136a4992a257446758de16e9711fa2475a371e483
sports_game_odds,0AfOFu3Y3jrU8Z2wTd2A,g8,2026,0,2026-08-29,NC State,Virginia,True,FBS_vs_FBS,bovada,total,over,54.5,-110,d9da1bc1270a97edc40062f9746cad3de32e44da9872685082b7511224301292,True,False,2026-07-30T03:48:31.000Z,2026-07-30T13:23:09.432257+00:00,335.16,False,replay-20260730T035405Z-85165416-corrected,1,PARTIAL,canonical_mapped,True,False,coverage_partial,132b902a730c8fff6561083136a4992a257446758de16e9711fa2475a371e483
sports_game_odds,0AfOFu3Y3jrU8Z2wTd2A,g8,2026,0,2026-08-29,NC State,Virginia,True,FBS_vs_FBS,bovada,total,under,54.5,-110,d9da1bc1270a97edc40062f9746cad3de32e44da9872685082b7511224301292,True,False,2026-07-30T03:48:31.000Z,2026-07-30T13:23:09.432257+00:00,335.16,False,replay-20260730T035405Z-85165416-corrected,1,PARTIAL,canonical_mapped,True,False,coverage_partial,132b902a730c8fff6561083136a4992a257446758de16e9711fa2475a371e483
sports_game_odds,0AfOFu3Y3jrU8Z2wTd2A,g8,2026,0,2026-08-29,NC State,Virginia,True,FBS_vs_FBS,caesars,moneyline,away,,174,0cc7e53211bc8c5c458134e1b4a192e78af4ddc58630a4f462d4b6e513ca2b2e,True,False,2026-07-30T03:47:23.000Z,2026-07-30T13:23:09.432257+00:00,402.84,False,replay-20260730T035405Z-85165416-corrected,1,PARTIAL,canonical_mapped,True,False,coverage_partial,132b902a730c8fff6561083136a4992a257446758de16e9711fa2475a371e483
sports_game_odds,0AfOFu3Y3jrU8Z2wTd2A,g8,2026,0,2026-08-29,NC State,Virginia,True,FBS_vs_FBS,caesars,moneyline,home,,-209,0cc7e53211bc8c5c458134e1b4a192e78af4ddc58630a4f462d4b6e513ca2b2e,True,False,2026-07-30T03:47:23.000Z,2026-07-30T13:23:09.432257+00:00,402.84,False,replay-20260730T035405Z-85165416-corrected,1,PARTIAL,canonical_mapped,True,False,coverage_partial,132b902a730c8fff6561083136a4992a257446758de16e9711fa2475a371e483
sports_game_odds,0AfOFu3Y3jrU8Z2wTd2A,g8,2026,0,2026-08-29,NC State,Virginia,True,FBS_vs_FBS,caesars,spread,away,5.5,-107,473cb45f02ec1d4781d32ae25fefb1fa547979b26e31c3970c579a6ad036465f,True,False,2026-07-30T03:47:23.000Z,2026-07-30T13:23:09.432257+00:00,402.84,False,replay-20260730T035405Z-85165416-corrected,1,PARTIAL,canonical_mapped,True,False,coverage_partial,132b902a730c8fff6561083136a4992a257446758de16e9711fa2475a371e483
sports_game_odds,0AfOFu3Y3jrU8Z2wTd2A,g8,2026,0,2026-08-29,NC State,Virginia,True,FBS_vs_FBS,caesars,spread,home,-5.5,-113,473cb45f02ec1d4781d32ae25fefb1fa547979b26e31c3970c579a6ad036465f,True,False,2026-07-30T03:47:23.000Z,2026-07-30T13:23:09.432257+00:00,402.84,False,replay-20260730T035405Z-85165416-corrected,1,PARTIAL,canonical_mapped,True,False,coverage_partial,132b902a730c8fff6561083136a4992a257446758de16e9711fa2475a371e483
sports_game_odds,0AfOFu3Y3jrU8Z2wTd2A,g8,2026,0,2026-08-29,NC State,Virginia,True,FBS_vs_FBS,caesars,total,over,54.5,-115,4fee9df6feb2dc2ebc10b62e08826d2e1daca25b851e15523e7a16d41d55d299,True,False,2026-07-30T03:47:23.000Z,2026-07-30T13:23:09.432257+00:00,402.84,False,replay-20260730T035405Z-85165416-corrected,1,PARTIAL,canonical_mapped,True,False,coverage_partial,132b902a730c8fff6561083136a4992a257446758de16e9711fa2475a371e483
sports_game_odds,0AfOFu3Y3jrU8Z2wTd2A,g8,2026,0,2026-08-29,NC State,Virginia,True,FBS_vs_FBS,caesars,total,under,54.5,-105,4fee9df6feb2dc2ebc10b62e08826d2e1daca25b851e15523e7a16d41d55d299,True,False,2026-07-30T03:47:23.000Z,2026-07-30T13:23:09.432257+00:00,402.84,False,replay-20260730T035405Z-85165416-corrected,1,PARTIAL,canonical_mapped,True,False,coverage_partial,132b902a730c8fff6561083136a4992a257446758de16e9711fa2475a371e483
sports_game_odds,0AfOFu3Y3jrU8Z2wTd2A,g8,2026,0,2026-08-29,NC State,Virginia,True,FBS_vs_FBS,draftkings,moneyline,away,,170,edd237e31ac3a84673a62ae190cbc87ed637ea6d84818e2a3586166ff6ee92c3,True,False,2026-07-30T03:49:45.000Z,2026-07-30T13:23:09.432257+00:00,261.0,False,replay-20260730T035405Z-85165416-corrected,1,PARTIAL,canonical_mapped,True,False,coverage_partial,132b902a730c8fff6561083136a4992a257446758de16e9711fa2475a371e483
sports_game_odds,0AfOFu3Y3jrU8Z2wTd2A,g8,2026,0,2026-08-29,NC State,Virginia,True,FBS_vs_FBS,draftkings,moneyline,home,,-205,edd237e31ac3a84673a62ae190cbc87ed637ea6d84818e2a3586166ff6ee92c3,True,False,2026-07-30T03:49:45.000Z,2026-07-30T13:23:09.432257+00:00,261.0,False,replay-20260730T035405Z-85165416-corrected,1,PARTIAL,canonical_mapped,True,False,coverage_partial,132b902a730c8fff6561083136a4992a257446758de16e9711fa2475a371e483
sports_game_odds,0AfOFu3Y3jrU8Z2wTd2A,g8,2026,0,2026-08-29,NC State,Virginia,True,FBS_vs_FBS,draftkings,spread,away,5.5,-110,be6014d9d30e2da2cd59fa91643ebe406fdac27e7cb8d3004a11d5ec3686472f,True,False,2026-07-30T03:49:45.000Z,2026-07-30T13:23:09.432257+00:00,261.0,False,replay-20260730T035405Z-85165416-corrected,1,PARTIAL,canonical_mapped,True,False,coverage_partial,132b902a730c8fff6561083136a4992a257446758de16e9711fa2475a371e483
sports_game_odds,0AfOFu3Y3jrU8Z2wTd2A,g8,2026,0,2026-08-29,NC State,Virginia,True,FBS_vs_FBS,draftkings,spread,home,-5.5,-110,be6014d9d30e2da2cd59fa91643ebe406fdac27e7cb8d3004a11d5ec3686472f,True,False,2026-07-30T03:49:45.000Z,2026-07-30T13:23:09.432257+00:00,261.0,False,replay-20260730T035405Z-85165416-corrected,1,PARTIAL,canonical_mapped,True,False,coverage_partial,132b902a730c8fff6561083136a4992a257446758de16e9711fa2475a371e483
sports_game_odds,0AfOFu3Y3jrU8Z2wTd2A,g8,2026,0,2026-08-29,NC State,Virginia,True,FBS_vs_FBS,draftkings,total,over,54.5,-108,db2c9f59bc9ab4121e0f2b65a59bbf58e5b62867dd7bb874ecee10f6b2261df8,True,False,2026-07-30T03:49:45.000Z,2026-07-30T13:23:09.432257+00:00,261.0,False,replay-20260730T035405Z-85165416-corrected,1,PARTIAL,canonical_mapped,True,False,coverage_partial,132b902a730c8fff6561083136a4992a257446758de16e9711fa2475a371e483
sports_game_odds,0AfOFu3Y3jrU8Z2wTd2A,g8,2026,0,2026-08-29,NC State,Virginia,True,FBS_vs_FBS,draftkings,total,under,54.5,-112,db2c9f59bc9ab4121e0f2b65a59bbf58e5b62867dd7bb874ecee10f6b2261df8,True,False,2026-07-30T03:49:45.000Z,2026-07-30T13:23:09.432257+00:00,261.0,False,replay-20260730T035405Z-85165416-corrected,1,PARTIAL,canonical_mapped,True,False,coverage_partial,132b902a730c8fff6561083136a4992a257446758de16e9711fa2475a371e483
sports_game_odds,0AfOFu3Y3jrU8Z2wTd2A,g8,2026,0,2026-08-29,NC State,Virginia,True,FBS_vs_FBS,fanduel,moneyline,away,,180,30ed52ed1e9397c14609f439ec39ed474a20269812e8f4609145019e0369d512,True,False,2026-07-30T03:50:11.799Z,2026-07-30T13:23:09.432257+00:00,234.36,False,replay-20260730T035405Z-85165416-corrected,1,PARTIAL,canonical_mapped,True,False,coverage_partial,132b902a730c8fff6561083136a4992a257446758de16e9711fa2475a371e483
sports_game_odds,0AfOFu3Y3jrU8Z2wTd2A,g8,2026,0,2026-08-29,NC State,Virginia,True,FBS_vs_FBS,fanduel,moneyline,home,,-220,30ed52ed1e9397c14609f439ec39ed474a20269812e8f4609145019e0369d512,True,False,2026-07-30T03:50:11.799Z,2026-07-30T13:23:09.432257+00:00,234.36,False,replay-20260730T035405Z-85165416-corrected,1,PARTIAL,canonical_mapped,True,False,coverage_partial,132b902a730c8fff6561083136a4992a257446758de16e9711fa2475a371e483
sports_game_odds,0AfOFu3Y3jrU8Z2wTd2A,g8,2026,0,2026-08-29,NC State,Virginia,True,FBS_vs_FBS,fanduel,spread,away,5.5,-106,09bd917061e17b1cb1ff6670d58cd2702b9fd6fea4fe7b7559614c4ba80adde8,True,False,2026-07-30T03:50:11.799Z,2026-07-30T13:23:09.432257+00:00,234.36,False,replay-20260730T035405Z-85165416-corrected,1,PARTIAL,canonical_mapped,True,False,coverage_partial,132b902a730c8fff6561083136a4992a257446758de16e9711fa2475a371e483
sports_game_odds,0AfOFu3Y3jrU8Z2wTd2A,g8,2026,0,2026-08-29,NC State,Virginia,True,FBS_vs_FBS,fanduel,spread,home,-5.5,-114,09bd917061e17b1cb1ff6670d58cd2702b9fd6fea4fe7b7559614c4ba80adde8,True,False,2026-07-30T03:50:11.799Z,2026-07-30T13:23:09.432257+00:00,234.36,False,replay-20260730T035405Z-85165416-corrected,1,PARTIAL,canonical_mapped,True,False,coverage_partial,132b902a730c8fff6561083136a4992a257446758de16e9711fa2475a371e483
sports_game_odds,0AfOFu3Y3jrU8Z2wTd2A,g8,2026,0,2026-08-29,NC State,Virginia,True,FBS_vs_FBS,fanduel,total,over,54.5,-110,afdba2bef3e0557c1abaf39c4ff56d30a8cdd61f07b1cdf00a7afd3d4aacf8d4,True,False,2026-07-30T03:50:11.799Z,2026-07-30T13:23:09.432257+00:00,234.36,False,replay-20260730T035405Z-85165416-corrected,1,PARTIAL,canonical_mapped,True,False,coverage_partial,132b902a730c8fff6561083136a4992a257446758de16e9711fa2475a371e483
sports_game_odds,0AfOFu3Y3jrU8Z2wTd2A,g8,2026,0,2026-08-29,NC State,Virginia,True,FBS_vs_FBS,fanduel,total,under,54.5,-110,afdba2bef3e0557c1abaf39c4ff56d30a8cdd61f07b1cdf00a7afd3d4aacf8d4,True,False,2026-07-30T03:50:11.799Z,2026-07-30T13:23:09.432257+00:00,234.36,False,replay-20260730T035405Z-85165416-corrected,1,PARTIAL,canonical_mapped,True,False,coverage_partial,132b902a730c8fff6561083136a4992a257446758de16e9711fa2475a371e483
