season,source,team,snapshot_prev,snapshot_latest,prev_rating,latest_rating,rating_change,prev_rank,latest_rank,rank_change
2026,Brad Powers,Air Force,2026-07-16,2026-07-17,-4.213260869565225,-11.122058823529407,-6.908797953964182,86.0,104.0,-18.0
2026,Brad Powers,Akron,2026-07-16,2026-07-17,-17.153260869565223,-17.28205882352941,-0.12879795396418814,124.0,124.0,0.0
2026,Brad Powers,Alabama,2026-07-16,2026-07-17,19.76673913043477,18.207941176470584,-1.5587979539641879,13.0,13.0,0.0
2026,Brad Powers,Appalachian State,2026-07-16,2026-07-17,-12.833260869565224,-13.922058823529412,-1.0887979539641872,114.0,116.0,-2.0
2026,Brad Powers,Arizona,2026-07-16,2026-07-17,9.496739130434776,11.38794117647059,1.891202046035815,34.0,27.0,7.0
2026,Brad Powers,Arizona State,2026-07-16,2026-07-17,5.336739130434779,5.937941176470588,0.6012020460358087,51.0,49.0,2.0
2026,Brad Powers,Arkansas,2026-07-16,2026-07-17,6.236739130434771,9.547941176470587,3.3112020460358167,44.0,34.0,10.0
2026,Brad Powers,Arkansas State,2026-07-16,2026-07-17,-9.633260869565229,-10.43205882352941,-0.798797953964181,103.0,99.0,4.0
2026,Brad Powers,Army,2026-07-16,2026-07-17,-2.0832608695652226,-2.8720588235294073,-0.7887979539641847,79.0,78.0,1.0
2026,Brad Powers,Auburn,2026-07-16,2026-07-17,12.856739130434775,13.717941176470587,0.8612020460358121,25.0,22.0,3.0
2026,Brad Powers,BYU,2026-07-16,2026-07-17,14.84673913043477,13.437941176470588,-1.4087979539641822,19.0,23.0,-4.0
2026,Brad Powers,Ball State,2026-07-16,2026-07-17,-23.613260869565224,-23.842058823529413,-0.22879795396418956,137.0,134.0,3.0
2026,Brad Powers,Baylor,2026-07-16,2026-07-17,4.84673913043477,5.697941176470593,0.851202046035823,52.0,51.0,1.0
2026,Brad Powers,Boise State,2026-07-16,2026-07-17,5.736739130434771,3.3379411764705935,-2.398797953964177,48.0,56.0,-8.0
2026,Brad Powers,Boston College,2026-07-16,2026-07-17,-3.943260869565222,-3.552058823529407,0.391202046035815,84.0,82.0,2.0
2026,Brad Powers,Bowling Green,2026-07-16,2026-07-17,-15.853260869565226,-17.082058823529408,-1.2287979539641825,121.0,122.0,-1.0
2026,Brad Powers,Buffalo,2026-07-16,2026-07-17,-17.203260869565227,-14.412058823529414,2.7912020460358136,125.0,117.0,8.0
2026,Brad Powers,California,2026-07-16,2026-07-17,1.5167391304347717,-1.022058823529413,-2.5387979539641847,63.0,71.0,-8.0
2026,Brad Powers,Central Florida,2026-07-16,2026-07-17,3.356739130434775,-0.2520588235294099,-3.608797953964185,55.0,66.0,-11.0
2026,Brad Powers,Central Michigan,2026-07-16,2026-07-17,-13.033260869565224,-11.912058823529414,1.12120204603581,115.0,110.0,5.0
2026,Brad Powers,Charlotte,2026-07-16,2026-07-17,-19.763260869565222,-22.382058823529412,-2.61879795396419,131.0,133.0,-2.0
2026,Brad Powers,Cincinnati,2026-07-16,2026-07-17,3.066739130434769,6.207941176470584,3.141202046035815,57.0,47.0,10.0
2026,Brad Powers,Clemson,2026-07-16,2026-07-17,12.75673913043478,10.657941176470588,-2.0987979539641923,26.0,28.0,-2.0
2026,Brad Powers,Coastal Carolina,2026-07-16,2026-07-17,-14.483260869565228,-16.982058823529414,-2.4987979539641856,118.0,121.0,-3.0
2026,Brad Powers,Colorado,2026-07-16,2026-07-17,1.7767391304347768,-4.522058823529413,-6.29879795396419,61.0,87.0,-26.0
2026,Brad Powers,Colorado State,2026-07-16,2026-07-17,-10.773260869565227,-17.18205882352941,-6.408797953964182,106.0,123.0,-17.0
2026,Brad Powers,Connecticut,2026-07-16,2026-07-17,-12.823260869565225,-3.1420588235294105,9.681202046035814,113.0,80.0,33.0
2026,Brad Powers,Delaware,2026-07-16,2026-07-17,-11.203260869565227,-12.972058823529409,-1.7687979539641816,107.0,114.0,-7.0
2026,Brad Powers,Duke,2026-07-16,2026-07-17,2.34673913043477,6.6079411764705895,4.2612020460358195,60.0,45.0,15.0
2026,Brad Powers,East Carolina,2026-07-16,2026-07-17,-4.143260869565225,2.0379411764705964,6.181202046035821,85.0,61.0,24.0
2026,Brad Powers,Eastern Michigan,2026-07-16,2026-07-17,-13.223260869565223,-16.012058823529408,-2.7887979539641847,116.0,120.0,-4.0
2026,Brad Powers,Florida,2026-07-16,2026-07-17,13.86673913043478,10.467941176470587,-3.398797953964193,21.0,29.0,-8.0
2026,Brad Powers,Florida Atlantic,2026-07-16,2026-07-17,-5.983260869565228,-10.96205882352941,-4.9787979539641825,89.0,103.0,-14.0
2026,Brad Powers,Florida International,2026-07-16,2026-07-17,-13.693260869565222,-11.68205882352941,2.0112020460358124,117.0,108.0,9.0
2026,Brad Powers,Florida State,2026-07-16,2026-07-17,10.156739130434772,9.227941176470594,-0.9287979539641782,31.0,36.0,-5.0
2026,Brad Powers,Fresno State,2026-07-16,2026-07-17,-0.2032608695652271,-5.162058823529414,-4.958797953964186,67.0,88.0,-21.0
2026,Brad Powers,Georgia,2026-07-16,2026-07-17,26.08673913043478,22.85794117647059,-3.2287979539641896,4.0,7.0,-3.0
2026,Brad Powers,Georgia Southern,2026-07-16,2026-07-17,-11.903260869565225,-11.202058823529413,0.7012020460358119,110.0,105.0,5.0
2026,Brad Powers,Georgia State,2026-07-16,2026-07-17,-17.823260869565225,-18.082058823529408,-0.2587979539641836,127.0,127.0,0.0
2026,Brad Powers,Georgia Tech,2026-07-16,2026-07-17,5.84673913043477,8.517941176470586,2.671202046035816,46.0,38.0,8.0
2026,Brad Powers,Hawaii,2026-07-16,2026-07-17,-5.8032608695652215,-3.512058823529408,2.2912020460358136,88.0,81.0,7.0
2026,Brad Powers,Houston,2026-07-16,2026-07-17,10.856739130434775,7.627941176470586,-3.2287979539641896,28.0,43.0,-15.0
2026,Brad Powers,Illinois,2026-07-16,2026-07-17,8.25673913043478,11.557941176470592,3.3012020460358116,36.0,26.0,10.0
2026,Brad Powers,Indiana,2026-07-16,2026-07-17,25.636739130434776,32.507941176470595,6.871202046035819,5.0,1.0,4.0
2026,Brad Powers,Iowa,2026-07-16,2026-07-17,13.00673913043478,16.457941176470584,3.451202046035803,24.0,16.0,8.0
2026,Brad Powers,Iowa State,2026-07-16,2026-07-17,-1.0032608695652243,8.127941176470586,9.13120204603581,72.0,40.0,32.0
2026,Brad Powers,Jacksonville State,2026-07-16,2026-07-17,-9.313260869565228,-10.792058823529407,-1.478797953964179,102.0,102.0,0.0
2026,Brad Powers,James Madison,2026-07-16,2026-07-17,-0.8332608695652226,9.667941176470592,10.501202046035814,71.0,32.0,39.0
2026,Brad Powers,Kansas,2026-07-16,2026-07-17,4.536739130434782,5.047941176470587,0.5112020460358053,53.0,53.0,0.0
2026,Brad Powers,Kansas State,2026-07-16,2026-07-17,8.026739130434777,7.867941176470595,-0.15879795396418217,39.0,42.0,-3.0
2026,Brad Powers,Kennesaw State,2026-07-16,2026-07-17,-11.653260869565225,-9.032058823529413,2.621202046035812,109.0,92.0,17.0
2026,Brad Powers,Kent State,2026-07-16,2026-07-17,-19.583260869565223,-19.93205882352941,-0.348797953964187,130.0,132.0,-2.0
2026,Brad Powers,Kentucky,2026-07-16,2026-07-17,6.296739130434773,5.737941176470585,-0.5587979539641879,43.0,50.0,-7.0
2026,Brad Powers,LSU,2026-07-16,2026-07-17,17.31673913043477,9.757941176470595,-7.558797953964174,15.0,31.0,-16.0
2026,Brad Powers,Liberty,2026-07-16,2026-07-17,-6.833260869565223,-11.292058823529407,-4.458797953964185,92.0,106.0,-14.0
2026,Brad Powers,Louisiana,2026-07-16,2026-07-17,-8.853260869565226,-11.742058823529412,-2.888797953964186,100.0,109.0,-9.0
2026,Brad Powers,Louisiana Tech,2026-07-16,2026-07-17,-10.623260869565222,-10.522058823529411,0.10120204603581051,104.0,100.0,4.0
2026,Brad Powers,Louisville,2026-07-16,2026-07-17,10.556739130434778,9.477941176470594,-1.0787979539641839,30.0,35.0,-5.0
2026,Brad Powers,Marshall,2026-07-16,2026-07-17,-7.483260869565228,-9.292058823529407,-1.808797953964179,93.0,94.0,-1.0
2026,Brad Powers,Maryland,2026-07-16,2026-07-17,4.426739130434768,-0.7120588235294107,-5.138797953964179,54.0,68.0,-14.0
2026,Brad Powers,Massachusetts,2026-07-16,2026-07-17,-25.613260869565224,-33.66205882352941,-8.048797953964183,138.0,136.0,2.0
2026,Brad Powers,Memphis,2026-07-16,2026-07-17,-2.883260869565227,-0.5120588235294079,2.371202046035819,80.0,67.0,13.0
2026,Brad Powers,Miami-FL,2026-07-16,2026-07-17,23.23673913043477,24.697941176470593,1.4612020460358224,7.0,6.0,1.0
2026,Brad Powers,Miami-OH,2026-07-16,2026-07-17,-7.633260869565227,-10.042058823529407,-2.4087979539641804,94.0,96.0,-2.0
2026,Brad Powers,Michigan,2026-07-16,2026-07-17,18.216739130434775,14.587941176470594,-3.628797953964181,14.0,20.0,-6.0
2026,Brad Powers,Michigan State,2026-07-16,2026-07-17,1.6367391304347765,1.7879411764705964,0.15120204603581988,62.0,62.0,0.0
2026,Brad Powers,Middle Tennessee,2026-07-16,2026-07-17,-19.013260869565222,-18.42205882352941,0.5912020460358107,128.0,128.0,0.0
2026,Brad Powers,Minnesota,2026-07-16,2026-07-17,5.9667391304347746,0.3279411764705884,-5.638797953964186,45.0,65.0,-20.0
2026,Brad Powers,Mississippi State,2026-07-16,2026-07-17,6.396739130434781,7.417941176470592,1.0212020460358104,42.0,44.0,-2.0
2026,Brad Powers,Missouri,2026-07-16,2026-07-17,12.246739130434776,15.767941176470586,3.5212020460358104,27.0,17.0,10.0
2026,Brad Powers,Missouri State,2026-07-16,2026-07-17,-19.093260869565228,-13.152058823529408,5.941202046035819,129.0,115.0,14.0
2026,Brad Powers,NC State,2026-07-16,2026-07-17,5.34673913043477,3.8579411764705895,-1.4887979539641805,50.0,55.0,-5.0
2026,Brad Powers,Navy,2026-07-16,2026-07-17,0.326739130434774,3.0579411764705924,2.7312020460358184,65.0,58.0,7.0
2026,Brad Powers,Nebraska,2026-07-16,2026-07-17,8.026739130434777,3.267941176470586,-4.758797953964191,38.0,57.0,-19.0
2026,Brad Powers,Nevada,2026-07-16,2026-07-17,-12.353260869565226,-14.812058823529412,-2.4587979539641864,111.0,118.0,-7.0
2026,Brad Powers,New Mexico,2026-07-16,2026-07-17,-0.4632608695652251,-2.4620588235294107,-1.9987979539641856,68.0,77.0,-9.0
2026,Brad Powers,New Mexico State,2026-07-16,2026-07-17,-16.473260869565223,-19.14205882352941,-2.6687979539641873,123.0,131.0,-8.0
2026,Brad Powers,North Carolina,2026-07-16,2026-07-17,0.6667391304347774,-3.082058823529408,-3.7487979539641856,64.0,79.0,-15.0
2026,Brad Powers,North Dakota State,2026-07-15,2026-07-16,-3.5932608695652277,-3.5932608695652277,0.0,82.0,82.0,0.0
2026,Brad Powers,North Texas,2026-07-16,2026-07-17,-9.313260869565228,8.057941176470592,17.37120204603582,101.0,41.0,60.0
2026,Brad Powers,Northern Illinois,2026-07-16,2026-07-17,-19.773260869565227,-18.732058823529417,1.04120204603581,132.0,130.0,2.0
2026,Brad Powers,Northwestern,2026-07-16,2026-07-17,5.416739130434777,5.3379411764705935,-0.07879795396418388,49.0,52.0,-3.0
2026,Brad Powers,Notre Dame,2026-07-16,2026-07-17,28.416739130434777,28.38794117647059,-0.028797953964186718,2.0,3.0,-1.0
2026,Brad Powers,Ohio,2026-07-16,2026-07-17,-11.503260869565224,-3.9620588235294103,7.541202046035814,108.0,85.0,23.0
2026,Brad Powers,Ohio State,2026-07-16,2026-07-17,29.186739130434773,29.257941176470595,0.07120204603582181,1.0,2.0,-1.0
2026,Brad Powers,Oklahoma,2026-07-16,2026-07-17,20.526739130434777,17.74794117647059,-2.7787979539641867,8.0,14.0,-6.0
2026,Brad Powers,Oklahoma State,2026-07-16,2026-07-17,5.826739130434774,-10.282058823529413,-16.108797953964185,47.0,97.0,-50.0
2026,Brad Powers,Old Dominion,2026-07-16,2026-07-17,-3.0732608695652246,5.977941176470594,9.051202046035819,81.0,48.0,33.0
2026,Brad Powers,Ole Miss,2026-07-16,2026-07-17,20.026739130434777,19.96794117647059,-0.058797953964187855,10.0,10.0,0.0
2026,Brad Powers,Oregon,2026-07-16,2026-07-17,26.86673913043478,25.60794117647059,-1.2587979539641907,3.0,4.0,-1.0
2026,Brad Powers,Oregon State,2026-07-16,2026-07-17,-8.723260869565223,-12.21205882352941,-3.4887979539641876,97.0,111.0,-14.0
2026,Brad Powers,Penn State,2026-07-16,2026-07-17,15.876739130434771,15.397941176470596,-0.47879795396417535,17.0,18.0,-1.0
2026,Brad Powers,Pittsburgh,2026-07-16,2026-07-17,9.216739130434776,8.337941176470594,-0.8787979539641828,35.0,39.0,-4.0
2026,Brad Powers,Purdue,2026-07-16,2026-07-17,-1.4532608695652272,-4.332058823529408,-2.878797953964181,74.0,86.0,-12.0
2026,Brad Powers,Rice,2026-07-16,2026-07-17,-14.653260869565225,-17.302058823529407,-2.6487979539641824,119.0,125.0,-6.0
2026,Brad Powers,Rutgers,2026-07-16,2026-07-17,2.836739130434779,1.7579411764705952,-1.0787979539641839,58.0,63.0,-5.0
2026,Brad Powers,SMU,2026-07-16,2026-07-17,13.44673913043478,11.60794117647059,-1.8387979539641908,22.0,25.0,-3.0
2026,Brad Powers,Sacramento State,2026-07-15,2026-07-16,-20.783260869565225,-20.783260869565225,0.0,136.0,136.0,0.0
2026,Brad Powers,Sam Houston,2026-07-16,2026-07-17,-20.673260869565222,-25.702058823529413,-5.02879795396419,135.0,135.0,0.0
2026,Brad Powers,San Diego State,2026-07-16,2026-07-17,-1.7732608695652274,-1.0720588235294102,0.7012020460358173,78.0,72.0,6.0
2026,Brad Powers,San Jose State,2026-07-16,2026-07-17,-15.783260869565224,-12.942058823529408,2.841202046035816,120.0,113.0,7.0
2026,Brad Powers,South Alabama,2026-07-16,2026-07-17,-12.663260869565228,-9.272058823529411,3.3912020460358168,112.0,93.0,19.0
2026,Brad Powers,South Carolina,2026-07-16,2026-07-17,14.94673913043478,10.13794117647059,-4.80879795396419,18.0,30.0,-12.0
2026,Brad Powers,South Florida,2026-07-16,2026-07-17,-1.183260869565224,9.13794117647059,10.321202046035815,73.0,37.0,36.0
2026,Brad Powers,Southern Miss,2026-07-16,2026-07-17,-20.393260869565225,-8.662058823529414,11.731202046035811,134.0,91.0,43.0
2026,Brad Powers,Stanford,2026-07-16,2026-07-17,-1.5632608695652266,-3.832058823529408,-2.2687979539641816,76.0,84.0,-8.0
2026,Brad Powers,Syracuse,2026-07-16,2026-07-17,-0.5332608695652254,-10.772058823529411,-10.238797953964186,69.0,101.0,-32.0
2026,Brad Powers,TCU,2026-07-16,2026-07-17,9.936739130434772,11.737941176470583,1.8012020460358116,32.0,24.0,8.0
2026,Brad Powers,Temple,2026-07-16,2026-07-17,-8.773260869565227,-9.86205882352941,-1.0887979539641819,99.0,95.0,4.0
2026,Brad Powers,Tennessee,2026-07-16,2026-07-17,16.046739130434773,15.177941176470584,-0.8687979539641884,16.0,19.0,-3.0
2026,Brad Powers,Texas,2026-07-16,2026-07-17,25.326739130434778,20.167941176470592,-5.158797953964186,6.0,9.0,-3.0
2026,Brad Powers,Texas A&M,2026-07-16,2026-07-17,19.86673913043478,21.507941176470595,1.641202046035815,11.0,8.0,3.0
2026,Brad Powers,Texas State,2026-07-16,2026-07-17,-1.7732608695652274,-1.1820588235294096,0.5912020460358178,77.0,73.0,4.0
2026,Brad Powers,Texas Tech,2026-07-16,2026-07-17,20.356739130434775,25.57794117647059,5.221202046035813,9.0,5.0,4.0
2026,Brad Powers,Toledo,2026-07-16,2026-07-17,-6.5432608695652235,2.147941176470596,8.69120204603582,91.0,60.0,31.0
2026,Brad Powers,Troy,2026-07-16,2026-07-17,-7.743260869565226,-10.382058823529412,-2.638797953964186,95.0,98.0,-3.0
2026,Brad Powers,Tulane,2026-07-16,2026-07-17,-1.4932608695652263,4.777941176470591,6.2712020460358175,75.0,54.0,21.0
2026,Brad Powers,Tulsa,2026-07-16,2026-07-17,-8.753260869565224,-11.452058823529413,-2.6987979539641884,98.0,107.0,-9.0
2026,Brad Powers,UAB,2026-07-16,2026-07-17,-16.273260869565227,-15.422058823529412,0.8512020460358158,122.0,119.0,3.0
2026,Brad Powers,UCLA,2026-07-16,2026-07-17,6.986739130434771,-1.6920588235294076,-8.678797953964178,41.0,74.0,-33.0
2026,Brad Powers,UL-Monroe,2026-07-16,2026-07-17,-17.643260869565225,-17.67205882352941,-0.028797953964186718,126.0,126.0,0.0
2026,Brad Powers,UNLV,2026-07-16,2026-07-17,0.0867391304347791,-2.4220588235294116,-2.5087979539641907,66.0,76.0,-10.0
2026,Brad Powers,USC,2026-07-16,2026-07-17,19.84673913043477,17.13794117647059,-2.7087979539641793,12.0,15.0,-3.0
2026,Brad Powers,UTEP,2026-07-16,2026-07-17,-19.823260869565225,-18.68205882352941,1.141202046035815,133.0,129.0,4.0
2026,Brad Powers,UTSA,2026-07-16,2026-07-17,-0.7532608695652243,-0.8520588235294113,-0.098797953964187,70.0,69.0,1.0
2026,Brad Powers,Utah,2026-07-16,2026-07-17,13.036739130434782,18.96794117647059,5.931202046035807,23.0,11.0,12.0
2026,Brad Powers,Utah State,2026-07-16,2026-07-17,-6.163260869565228,-5.282058823529411,0.881202046035817,90.0,89.0,1.0
2026,Brad Powers,Vanderbilt,2026-07-16,2026-07-17,10.796739130434773,18.49794117647059,7.701202046035817,29.0,12.0,17.0
2026,Brad Powers,Virginia,2026-07-16,2026-07-17,7.556739130434778,9.567941176470583,2.0112020460358053,40.0,33.0,7.0
2026,Brad Powers,Virginia Tech,2026-07-16,2026-07-17,9.906739130434772,-1.012058823529408,-10.91879795396418,33.0,70.0,-37.0
2026,Brad Powers,Wake Forest,2026-07-16,2026-07-17,2.7667391304347717,6.237941176470585,3.4712020460358133,59.0,46.0,13.0
2026,Brad Powers,Washington,2026-07-16,2026-07-17,14.326739130434774,13.85794117647059,-0.46879795396418444,20.0,21.0,-1.0
2026,Brad Powers,Washington State,2026-07-16,2026-07-17,-3.613260869565224,0.4179411764705918,4.031202046035816,83.0,64.0,19.0
2026,Brad Powers,West Virginia,2026-07-16,2026-07-17,3.34673913043477,-2.1320588235294125,-5.4787979539641825,56.0,75.0,-19.0
2026,Brad Powers,Western Kentucky,2026-07-16,2026-07-17,-8.393260869565225,-8.292058823529409,0.10120204603581584,96.0,90.0,6.0
2026,Brad Powers,Western Michigan,2026-07-16,2026-07-17,-4.913260869565228,-3.552058823529407,1.361202046035821,87.0,82.0,5.0
2026,Brad Powers,Wisconsin,2026-07-16,2026-07-17,8.246739130434776,2.667941176470592,-5.578797953964184,37.0,59.0,-22.0
2026,Brad Powers,Wyoming,2026-07-16,2026-07-17,-10.733260869565228,-12.562058823529412,-1.8287979539641839,105.0,112.0,-7.0
2026,Donchess Overall,Air Force,2026-07-16,2026-07-17,0.5693,0.5693,0.0,95.0,95.0,0.0
2026,Donchess Overall,Akron,2026-07-16,2026-07-17,-0.6358,-0.6358,0.0,124.0,124.0,0.0
2026,Donchess Overall,Alabama,2026-07-16,2026-07-17,4.0166,4.0166,0.0,9.0,9.0,0.0
2026,Donchess Overall,Appalachian State,2026-07-16,2026-07-17,-0.2498,-0.2498,0.0,117.0,117.0,0.0
2026,Donchess Overall,Arizona,2026-07-16,2026-07-17,2.8557,2.8557,0.0,30.0,30.0,0.0
2026,Donchess Overall,Arizona State,2026-07-16,2026-07-17,2.5633,2.5633,0.0,37.0,37.0,0.0
2026,Donchess Overall,Arkansas,2026-07-16,2026-07-17,1.3271,1.3271,0.0,74.0,74.0,0.0
2026,Donchess Overall,Arkansas State,2026-07-16,2026-07-17,0.1979,0.1979,0.0,105.0,105.0,0.0
2026,Donchess Overall,Army,2026-07-16,2026-07-17,1.6941,1.6941,0.0,62.0,62.0,0.0
2026,Donchess Overall,Auburn,2026-07-16,2026-07-17,2.0888,2.0888,0.0,50.0,50.0,0.0
2026,Donchess Overall,BYU,2026-07-16,2026-07-17,3.8592,3.8592,0.0,13.0,13.0,0.0
2026,Donchess Overall,Ball State,2026-07-16,2026-07-17,-0.8121,-0.8121,0.0,127.0,127.0,0.0
2026,Donchess Overall,Baylor,2026-07-16,2026-07-17,1.9082,1.9082,0.0,57.0,57.0,0.0
2026,Donchess Overall,Boise State,2026-07-16,2026-07-17,1.8758,1.8758,0.0,59.0,59.0,0.0
2026,Donchess Overall,Boston College,2026-07-16,2026-07-17,0.7071,0.7071,0.0,91.0,91.0,0.0
2026,Donchess Overall,Bowling Green,2026-07-16,2026-07-17,-0.7852,-0.7852,0.0,125.0,125.0,0.0
2026,Donchess Overall,Buffalo,2026-07-16,2026-07-17,-0.2909,-0.2909,0.0,119.0,119.0,0.0
2026,Donchess Overall,California,2026-07-16,2026-07-17,1.2705,1.2705,0.0,76.0,76.0,0.0
2026,Donchess Overall,Central Florida,2026-07-16,2026-07-17,1.3771,1.3771,0.0,72.0,72.0,0.0
2026,Donchess Overall,Central Michigan,2026-07-16,2026-07-17,0.2433,0.2433,0.0,104.0,104.0,0.0
2026,Donchess Overall,Charlotte,2026-07-16,2026-07-17,-1.3889,-1.3889,0.0,133.0,133.0,0.0
2026,Donchess Overall,Cincinnati,2026-07-16,2026-07-17,2.1051,2.1051,0.0,48.0,48.0,0.0
2026,Donchess Overall,Clemson,2026-07-16,2026-07-17,2.4196,2.4196,0.0,43.0,43.0,0.0
2026,Donchess Overall,Coastal Carolina,2026-07-16,2026-07-17,0.1385,0.1385,0.0,107.0,107.0,0.0
2026,Donchess Overall,Colorado,2026-07-16,2026-07-17,1.1924,1.1924,0.0,81.0,81.0,0.0
2026,Donchess Overall,Colorado State,2026-07-16,2026-07-17,-0.0625,-0.0625,0.0,113.0,113.0,0.0
2026,Donchess Overall,Connecticut,2026-07-16,2026-07-17,1.2522,1.2522,0.0,77.0,77.0,0.0
2026,Donchess Overall,Delaware,2026-07-16,2026-07-17,-0.4977,-0.4977,0.0,122.0,122.0,0.0
2026,Donchess Overall,Duke,2026-07-16,2026-07-17,2.5002,2.5002,0.0,41.0,41.0,0.0
2026,Donchess Overall,East Carolina,2026-07-16,2026-07-17,2.0293,2.0293,0.0,53.0,53.0,0.0
2026,Donchess Overall,Eastern Michigan,2026-07-16,2026-07-17,-0.4507,-0.4507,0.0,121.0,121.0,0.0
2026,Donchess Overall,Florida,2026-07-16,2026-07-17,2.0959,2.0959,0.0,49.0,49.0,0.0
2026,Donchess Overall,Florida Atlantic,2026-07-16,2026-07-17,0.3112,0.3112,0.0,102.0,102.0,0.0
2026,Donchess Overall,Florida International,2026-07-16,2026-07-17,0.3127,0.3127,0.0,101.0,101.0,0.0
2026,Donchess Overall,Florida State,2026-07-16,2026-07-17,2.347,2.347,0.0,44.0,44.0,0.0
2026,Donchess Overall,Fresno State,2026-07-16,2026-07-17,1.0312,1.0312,0.0,85.0,85.0,0.0
2026,Donchess Overall,Georgia,2026-07-16,2026-07-17,4.7529,4.7529,0.0,5.0,5.0,0.0
2026,Donchess Overall,Georgia Southern,2026-07-16,2026-07-17,0.5517,0.5517,0.0,96.0,96.0,0.0
2026,Donchess Overall,Georgia State,2026-07-16,2026-07-17,-1.398,-1.398,0.0,134.0,134.0,0.0
2026,Donchess Overall,Georgia Tech,2026-07-16,2026-07-17,2.5405,2.5405,0.0,39.0,39.0,0.0
2026,Donchess Overall,Hawaii,2026-07-16,2026-07-17,1.2769,1.2769,0.0,75.0,75.0,0.0
2026,Donchess Overall,Houston,2026-07-16,2026-07-17,2.4825,2.4825,0.0,42.0,42.0,0.0
2026,Donchess Overall,Illinois,2026-07-16,2026-07-17,2.9888,2.9888,0.0,24.0,24.0,0.0
2026,Donchess Overall,Indiana,2026-07-16,2026-07-17,7.3448,7.3448,0.0,1.0,1.0,0.0
2026,Donchess Overall,Iowa,2026-07-16,2026-07-17,3.7233,3.7233,0.0,14.0,14.0,0.0
2026,Donchess Overall,Iowa State,2026-07-16,2026-07-17,2.8726,2.8726,0.0,27.0,27.0,0.0
2026,Donchess Overall,Jacksonville State,2026-07-16,2026-07-17,-0.0924,-0.0924,0.0,114.0,114.0,0.0
2026,Donchess Overall,James Madison,2026-07-16,2026-07-17,3.1381,3.1381,0.0,21.0,21.0,0.0
2026,Donchess Overall,Kansas,2026-07-16,2026-07-17,1.8793,1.8793,0.0,58.0,58.0,0.0
2026,Donchess Overall,Kansas State,2026-07-16,2026-07-17,2.624,2.624,0.0,35.0,35.0,0.0
2026,Donchess Overall,Kennesaw State,2026-07-16,2026-07-17,0.4077,0.4077,0.0,100.0,100.0,0.0
2026,Donchess Overall,Kent State,2026-07-16,2026-07-17,-0.8911,-0.8911,0.0,131.0,131.0,0.0
2026,Donchess Overall,Kentucky,2026-07-16,2026-07-17,1.9082,1.9082,0.0,56.0,56.0,0.0
2026,Donchess Overall,LSU,2026-07-16,2026-07-17,2.5486,2.5486,0.0,38.0,38.0,0.0
2026,Donchess Overall,Liberty,2026-07-16,2026-07-17,0.2563,0.2563,0.0,103.0,103.0,0.0
2026,Donchess Overall,Louisiana,2026-07-16,2026-07-17,0.1647,0.1647,0.0,106.0,106.0,0.0
2026,Donchess Overall,Louisiana Tech,2026-07-16,2026-07-17,0.6881,0.6881,0.0,92.0,92.0,0.0
2026,Donchess Overall,Louisville,2026-07-16,2026-07-17,2.8376,2.8376,0.0,31.0,31.0,0.0
2026,Donchess Overall,Marshall,2026-07-16,2026-07-17,0.773,0.773,0.0,89.0,89.0,0.0
2026,Donchess Overall,Maryland,2026-07-16,2026-07-17,1.189,1.189,0.0,82.0,82.0,0.0
2026,Donchess Overall,Massachusetts,2026-07-16,2026-07-17,-3.6547,-3.6547,0.0,136.0,136.0,0.0
2026,Donchess Overall,Memphis,2026-07-16,2026-07-17,1.7472,1.7472,0.0,61.0,61.0,0.0
2026,Donchess Overall,Miami-FL,2026-07-16,2026-07-17,4.6152,4.6152,0.0,7.0,7.0,0.0
2026,Donchess Overall,Miami-OH,2026-07-16,2026-07-17,0.6049,0.6049,0.0,94.0,94.0,0.0
2026,Donchess Overall,Michigan,2026-07-16,2026-07-17,3.3413,3.3413,0.0,18.0,18.0,0.0
2026,Donchess Overall,Michigan State,2026-07-16,2026-07-17,1.3416,1.3416,0.0,73.0,73.0,0.0
2026,Donchess Overall,Middle Tennessee,2026-07-16,2026-07-17,-0.8151,-0.8151,0.0,128.0,128.0,0.0
2026,Donchess Overall,Minnesota,2026-07-16,2026-07-17,2.1223,2.1223,0.0,47.0,47.0,0.0
2026,Donchess Overall,Mississippi State,2026-07-16,2026-07-17,1.3847,1.3847,0.0,71.0,71.0,0.0
2026,Donchess Overall,Missouri,2026-07-16,2026-07-17,2.5796,2.5796,0.0,36.0,36.0,0.0
2026,Donchess Overall,Missouri State,2026-07-16,2026-07-17,-0.3527,-0.3527,0.0,120.0,120.0,0.0
2026,Donchess Overall,NC State,2026-07-16,2026-07-17,2.5021,2.5021,0.0,40.0,40.0,0.0
2026,Donchess Overall,Navy,2026-07-16,2026-07-17,2.8611,2.8611,0.0,29.0,29.0,0.0
2026,Donchess Overall,Nebraska,2026-07-16,2026-07-17,2.1481,2.1481,0.0,46.0,46.0,0.0
2026,Donchess Overall,Nevada,2026-07-16,2026-07-17,-0.1751,-0.1751,0.0,115.0,115.0,0.0
2026,Donchess Overall,New Mexico,2026-07-16,2026-07-17,1.6452,1.6452,0.0,64.0,64.0,0.0
2026,Donchess Overall,New Mexico State,2026-07-16,2026-07-17,-0.8535,-0.8535,0.0,129.0,129.0,0.0
2026,Donchess Overall,North Carolina,2026-07-16,2026-07-17,0.8283,0.8283,0.0,88.0,88.0,0.0
2026,Donchess Overall,North Texas,2026-07-16,2026-07-17,2.9661,2.9661,0.0,25.0,25.0,0.0
2026,Donchess Overall,Northern Illinois,2026-07-16,2026-07-17,-0.7995,-0.7995,0.0,126.0,126.0,0.0
2026,Donchess Overall,Northwestern,2026-07-16,2026-07-17,2.0753,2.0753,0.0,51.0,51.0,0.0
2026,Donchess Overall,Notre Dame,2026-07-16,2026-07-17,4.6646,4.6646,0.0,6.0,6.0,0.0
2026,Donchess Overall,Ohio,2026-07-16,2026-07-17,1.2254,1.2254,0.0,79.0,79.0,0.0
2026,Donchess Overall,Ohio State,2026-07-16,2026-07-17,4.8059,4.8059,0.0,3.0,3.0,0.0
2026,Donchess Overall,Oklahoma,2026-07-16,2026-07-17,3.6547,3.6547,0.0,16.0,16.0,0.0
2026,Donchess Overall,Oklahoma State,2026-07-16,2026-07-17,-0.5051,-0.5051,0.0,123.0,123.0,0.0
2026,Donchess Overall,Old Dominion,2026-07-16,2026-07-17,2.2158,2.2158,0.0,45.0,45.0,0.0
2026,Donchess Overall,Ole Miss,2026-07-16,2026-07-17,4.3923,4.3923,0.0,8.0,8.0,0.0
2026,Donchess Overall,Oregon,2026-07-16,2026-07-17,5.8751,5.8751,0.0,2.0,2.0,0.0
2026,Donchess Overall,Oregon State,2026-07-16,2026-07-17,-0.2108,-0.2108,0.0,116.0,116.0,0.0
2026,Donchess Overall,Penn State,2026-07-16,2026-07-17,3.0564,3.0564,0.0,22.0,22.0,0.0
2026,Donchess Overall,Pittsburgh,2026-07-16,2026-07-17,2.722,2.722,0.0,33.0,33.0,0.0
2026,Donchess Overall,Purdue,2026-07-16,2026-07-17,1.0078,1.0078,0.0,86.0,86.0,0.0
2026,Donchess Overall,Rice,2026-07-16,2026-07-17,0.014,0.014,0.0,111.0,111.0,0.0
2026,Donchess Overall,Rutgers,2026-07-16,2026-07-17,1.69,1.69,0.0,63.0,63.0,0.0
2026,Donchess Overall,SMU,2026-07-16,2026-07-17,3.2155,3.2155,0.0,20.0,20.0,0.0
2026,Donchess Overall,Sam Houston,2026-07-16,2026-07-17,-2.1118,-2.1118,0.0,135.0,135.0,0.0
2026,Donchess Overall,San Diego State,2026-07-16,2026-07-17,1.4783,1.4783,0.0,68.0,68.0,0.0
2026,Donchess Overall,San Jose State,2026-07-16,2026-07-17,-0.2751,-0.2751,0.0,118.0,118.0,0.0
2026,Donchess Overall,South Alabama,2026-07-16,2026-07-17,-0.0489,-0.0489,0.0,112.0,112.0,0.0
2026,Donchess Overall,South Carolina,2026-07-16,2026-07-17,1.9818,1.9818,0.0,54.0,54.0,0.0
2026,Donchess Overall,South Florida,2026-07-16,2026-07-17,2.886,2.886,0.0,26.0,26.0,0.0
2026,Donchess Overall,Southern Miss,2026-07-16,2026-07-17,0.4725,0.4725,0.0,98.0,98.0,0.0
2026,Donchess Overall,Stanford,2026-07-16,2026-07-17,1.1111,1.1111,0.0,84.0,84.0,0.0
2026,Donchess Overall,Syracuse,2026-07-16,2026-07-17,0.4658,0.4658,0.0,99.0,99.0,0.0
2026,Donchess Overall,TCU,2026-07-16,2026-07-17,3.01,3.01,0.0,23.0,23.0,0.0
2026,Donchess Overall,Temple,2026-07-16,2026-07-17,0.7134,0.7134,0.0,90.0,90.0,0.0
2026,Donchess Overall,Tennessee,2026-07-16,2026-07-17,2.8698,2.8698,0.0,28.0,28.0,0.0
2026,Donchess Overall,Texas,2026-07-16,2026-07-17,3.9558,3.9558,0.0,11.0,11.0,0.0
2026,Donchess Overall,Texas A&M,2026-07-16,2026-07-17,3.9453,3.9453,0.0,12.0,12.0,0.0
2026,Donchess Overall,Texas State,2026-07-16,2026-07-17,1.218,1.218,0.0,80.0,80.0,0.0
2026,Donchess Overall,Texas Tech,2026-07-16,2026-07-17,4.7917,4.7917,0.0,4.0,4.0,0.0
2026,Donchess Overall,Toledo,2026-07-16,2026-07-17,1.4286,1.4286,0.0,70.0,70.0,0.0
2026,Donchess Overall,Troy,2026-07-16,2026-07-17,0.5349,0.5349,0.0,97.0,97.0,0.0
2026,Donchess Overall,Tulane,2026-07-16,2026-07-17,2.6851,2.6851,0.0,34.0,34.0,0.0
2026,Donchess Overall,Tulsa,2026-07-16,2026-07-17,0.0789,0.0789,0.0,109.0,109.0,0.0
2026,Donchess Overall,UAB,2026-07-16,2026-07-17,0.0156,0.0156,0.0,110.0,110.0,0.0
2026,Donchess Overall,UCLA,2026-07-16,2026-07-17,1.5481,1.5481,0.0,65.0,65.0,0.0
2026,Donchess Overall,UL-Monroe,2026-07-16,2026-07-17,-0.8552,-0.8552,0.0,130.0,130.0,0.0
2026,Donchess Overall,UNLV,2026-07-16,2026-07-17,1.5326,1.5326,0.0,67.0,67.0,0.0
2026,Donchess Overall,USC,2026-07-16,2026-07-17,3.6664,3.6664,0.0,15.0,15.0,0.0
2026,Donchess Overall,UTEP,2026-07-16,2026-07-17,-1.0089,-1.0089,0.0,132.0,132.0,0.0
2026,Donchess Overall,UTSA,2026-07-16,2026-07-17,1.929,1.929,0.0,55.0,55.0,0.0
2026,Donchess Overall,Utah,2026-07-16,2026-07-17,3.9731,3.9731,0.0,10.0,10.0,0.0
2026,Donchess Overall,Utah State,2026-07-16,2026-07-17,0.9584,0.9584,0.0,87.0,87.0,0.0
2026,Donchess Overall,Vanderbilt,2026-07-16,2026-07-17,3.3808,3.3808,0.0,17.0,17.0,0.0
2026,Donchess Overall,Virginia,2026-07-16,2026-07-17,2.779,2.779,0.0,32.0,32.0,0.0
2026,Donchess Overall,Virginia Tech,2026-07-16,2026-07-17,1.2311,1.2311,0.0,78.0,78.0,0.0
2026,Donchess Overall,Wake Forest,2026-07-16,2026-07-17,1.8748,1.8748,0.0,60.0,60.0,0.0
2026,Donchess Overall,Washington,2026-07-16,2026-07-17,3.2172,3.2172,0.0,19.0,19.0,0.0
2026,Donchess Overall,Washington State,2026-07-16,2026-07-17,1.545,1.545,0.0,66.0,66.0,0.0
2026,Donchess Overall,West Virginia,2026-07-16,2026-07-17,1.1643,1.1643,0.0,83.0,83.0,0.0
2026,Donchess Overall,Western Kentucky,2026-07-16,2026-07-17,0.649,0.649,0.0,93.0,93.0,0.0
2026,Donchess Overall,Western Michigan,2026-07-16,2026-07-17,1.4532,1.4532,0.0,69.0,69.0,0.0
2026,Donchess Overall,Wisconsin,2026-07-16,2026-07-17,2.0384,2.0384,0.0,52.0,52.0,0.0
2026,Donchess Overall,Wyoming,2026-07-16,2026-07-17,0.1122,0.1122,0.0,108.0,108.0,0.0
2026,FPI,Air Force,2026-07-16,2026-07-17,-6.8,-6.8,0.0,93.0,93.0,0.0
2026,FPI,Akron,2026-07-16,2026-07-17,-16.9,-16.9,0.0,133.0,133.0,0.0
2026,FPI,Alabama,2026-07-16,2026-07-17,20.1,20.1,0.0,8.0,8.0,0.0
2026,FPI,Appalachian State,2026-07-16,2026-07-17,-9.8,-9.8,0.0,109.0,109.0,0.0
2026,FPI,Arizona,2026-07-16,2026-07-17,7.2,7.2,0.0,34.0,34.0,0.0
2026,FPI,Arizona State,2026-07-16,2026-07-17,4.8,4.8,0.0,44.0,44.0,0.0
2026,FPI,Arkansas,2026-07-16,2026-07-17,4.4,4.4,0.0,47.0,47.0,0.0
2026,FPI,Arkansas State,2026-07-16,2026-07-17,-9.2,-9.2,0.0,107.0,107.0,0.0
2026,FPI,Army,2026-07-16,2026-07-17,-5.6,-5.6,0.0,89.0,89.0,0.0
2026,FPI,Auburn,2026-07-16,2026-07-17,12.0,12.0,0.0,22.0,22.0,0.0
2026,FPI,BYU,2026-07-16,2026-07-17,13.1,13.1,0.0,20.0,20.0,0.0
2026,FPI,Ball State,2026-07-16,2026-07-17,-17.3,-17.3,0.0,134.0,134.0,0.0
2026,FPI,Baylor,2026-07-16,2026-07-17,6.5,6.5,0.0,37.0,37.0,0.0
2026,FPI,Boise State,2026-07-16,2026-07-17,4.0,4.0,0.0,50.0,50.0,0.0
2026,FPI,Boston College,2026-07-16,2026-07-17,-2.7,-2.7,0.0,78.0,78.0,0.0
2026,FPI,Bowling Green,2026-07-16,2026-07-17,-13.7,-13.7,0.0,123.0,123.0,0.0
2026,FPI,Buffalo,2026-07-16,2026-07-17,-10.8,-10.8,0.0,113.0,113.0,0.0
2026,FPI,California,2026-07-16,2026-07-17,0.9,0.9,0.0,62.0,62.0,0.0
2026,FPI,Central Florida,2026-07-16,2026-07-17,2.1,2.1,0.0,57.0,57.0,0.0
2026,FPI,Central Michigan,2026-07-16,2026-07-17,-12.8,-12.8,0.0,120.0,120.0,0.0
2026,FPI,Charlotte,2026-07-16,2026-07-17,-14.6,-14.6,0.0,126.0,126.0,0.0
2026,FPI,Cincinnati,2026-07-16,2026-07-17,4.4,4.4,0.0,46.0,46.0,0.0
2026,FPI,Clemson,2026-07-16,2026-07-17,13.4,13.4,0.0,19.0,19.0,0.0
2026,FPI,Coastal Carolina,2026-07-16,2026-07-17,-12.1,-12.1,0.0,117.0,117.0,0.0
2026,FPI,Colorado,2026-07-16,2026-07-17,4.5,4.5,0.0,45.0,45.0,0.0
2026,FPI,Colorado State,2026-07-16,2026-07-17,-12.4,-12.4,0.0,118.0,118.0,0.0
2026,FPI,Connecticut,2026-07-16,2026-07-17,-11.2,-11.2,0.0,114.0,114.0,0.0
2026,FPI,Delaware,2026-07-16,2026-07-17,-6.6,-6.6,0.0,91.0,91.0,0.0
2026,FPI,Duke,2026-07-16,2026-07-17,3.5,3.5,0.0,52.0,52.0,0.0
2026,FPI,East Carolina,2026-07-16,2026-07-17,-0.6,-0.6,0.0,68.0,68.0,0.0
2026,FPI,Eastern Michigan,2026-07-16,2026-07-17,-16.3,-16.3,0.0,131.0,131.0,0.0
2026,FPI,Florida,2026-07-16,2026-07-17,13.6,13.6,0.0,18.0,18.0,0.0
2026,FPI,Florida Atlantic,2026-07-16,2026-07-17,-11.3,-11.3,0.0,115.0,115.0,0.0
2026,FPI,Florida International,2026-07-16,2026-07-17,-12.6,-12.6,0.0,119.0,119.0,0.0
2026,FPI,Florida State,2026-07-16,2026-07-17,9.3,9.3,0.0,28.0,28.0,0.0
2026,FPI,Fresno State,2026-07-16,2026-07-17,-2.5,-2.5,0.0,77.0,77.0,0.0
2026,FPI,Georgia,2026-07-16,2026-07-17,24.8,24.8,0.0,5.0,5.0,0.0
2026,FPI,Georgia Southern,2026-07-16,2026-07-17,-8.7,-8.7,0.0,103.0,103.0,0.0
2026,FPI,Georgia State,2026-07-16,2026-07-17,-15.2,-15.2,0.0,127.0,127.0,0.0
2026,FPI,Georgia Tech,2026-07-16,2026-07-17,4.2,4.2,0.0,48.0,48.0,0.0
2026,FPI,Hawaii,2026-07-16,2026-07-17,-2.4,-2.4,0.0,76.0,76.0,0.0
2026,FPI,Houston,2026-07-16,2026-07-17,7.1,7.1,0.0,35.0,35.0,0.0
2026,FPI,Illinois,2026-07-16,2026-07-17,6.3,6.3,0.0,39.0,39.0,0.0
2026,FPI,Indiana,2026-07-16,2026-07-17,23.1,23.1,0.0,6.0,6.0,0.0
2026,FPI,Iowa,2026-07-16,2026-07-17,10.6,10.6,0.0,25.0,25.0,0.0
2026,FPI,Iowa State,2026-07-16,2026-07-17,-0.9,-0.9,0.0,72.0,72.0,0.0
2026,FPI,Jacksonville State,2026-07-16,2026-07-17,-8.5,-8.5,0.0,101.0,101.0,0.0
2026,FPI,James Madison,2026-07-16,2026-07-17,-2.0,-2.0,0.0,75.0,75.0,0.0
2026,FPI,Kansas,2026-07-16,2026-07-17,2.8,2.8,0.0,55.0,55.0,0.0
2026,FPI,Kansas State,2026-07-16,2026-07-17,5.1,5.1,0.0,41.0,41.0,0.0
2026,FPI,Kennesaw State,2026-07-16,2026-07-17,-9.0,-9.0,0.0,106.0,106.0,0.0
2026,FPI,Kent State,2026-07-16,2026-07-17,-17.9,-17.9,0.0,135.0,135.0,0.0
2026,FPI,Kentucky,2026-07-16,2026-07-17,5.4,5.4,0.0,40.0,40.0,0.0
2026,FPI,LSU,2026-07-16,2026-07-17,20.0,20.0,0.0,9.0,9.0,0.0
2026,FPI,Liberty,2026-07-16,2026-07-17,-7.7,-7.7,0.0,96.0,96.0,0.0
2026,FPI,Louisiana,2026-07-16,2026-07-17,-8.3,-8.3,0.0,99.0,99.0,0.0
2026,FPI,Louisiana Tech,2026-07-16,2026-07-17,-9.6,-9.6,0.0,108.0,108.0,0.0
2026,FPI,Louisville,2026-07-16,2026-07-17,9.5,9.5,0.0,27.0,27.0,0.0
2026,FPI,Marshall,2026-07-16,2026-07-17,-8.8,-8.8,0.0,104.0,104.0,0.0
2026,FPI,Maryland,2026-07-16,2026-07-17,1.0,1.0,0.0,61.0,61.0,0.0
2026,FPI,Massachusetts,2026-07-16,2026-07-17,-18.8,-18.8,0.0,137.0,137.0,0.0
2026,FPI,Memphis,2026-07-16,2026-07-17,-1.9,-1.9,0.0,74.0,74.0,0.0
2026,FPI,Miami-FL,2026-07-16,2026-07-17,21.8,21.8,0.0,7.0,7.0,0.0
2026,FPI,Miami-OH,2026-07-16,2026-07-17,-7.0,-7.0,0.0,94.0,94.0,0.0
2026,FPI,Michigan,2026-07-16,2026-07-17,15.9,15.9,0.0,15.0,15.0,0.0
2026,FPI,Michigan State,2026-07-16,2026-07-17,0.3,0.3,0.0,65.0,65.0,0.0
2026,FPI,Middle Tennessee,2026-07-16,2026-07-17,-16.1,-16.1,0.0,130.0,130.0,0.0
2026,FPI,Minnesota,2026-07-16,2026-07-17,0.6,0.6,0.0,63.0,63.0,0.0
2026,FPI,Mississippi State,2026-07-16,2026-07-17,4.1,4.1,0.0,49.0,49.0,0.0
2026,FPI,Missouri,2026-07-16,2026-07-17,12.2,12.2,0.0,21.0,21.0,0.0
2026,FPI,Missouri State,2026-07-16,2026-07-17,-10.3,-10.3,0.0,110.0,110.0,0.0
2026,FPI,NC State,2026-07-16,2026-07-17,3.7,3.7,0.0,51.0,51.0,0.0
2026,FPI,Navy,2026-07-16,2026-07-17,-0.7,-0.7,0.0,69.0,69.0,0.0
2026,FPI,Nebraska,2026-07-16,2026-07-17,8.8,8.8,0.0,30.0,30.0,0.0
2026,FPI,Nevada,2026-07-16,2026-07-17,-11.9,-11.9,0.0,116.0,116.0,0.0
2026,FPI,New Mexico,2026-07-16,2026-07-17,-3.5,-3.5,0.0,81.0,81.0,0.0
2026,FPI,New Mexico State,2026-07-16,2026-07-17,-15.7,-15.7,0.0,129.0,129.0,0.0
2026,FPI,North Carolina,2026-07-16,2026-07-17,4.9,4.9,0.0,42.0,42.0,0.0
2026,FPI,North Dakota State,2026-07-16,2026-07-17,-8.3,-8.3,0.0,100.0,100.0,0.0
2026,FPI,North Texas,2026-07-16,2026-07-17,-6.4,-6.4,0.0,90.0,90.0,0.0
2026,FPI,Northern Illinois,2026-07-16,2026-07-17,-14.5,-14.5,0.0,125.0,125.0,0.0
2026,FPI,Northwestern,2026-07-16,2026-07-17,1.4,1.4,0.0,60.0,60.0,0.0
2026,FPI,Notre Dame,2026-07-16,2026-07-17,25.9,25.9,0.0,3.0,3.0,0.0
2026,FPI,Ohio,2026-07-16,2026-07-17,-8.0,-8.0,0.0,97.0,97.0,0.0
2026,FPI,Ohio State,2026-07-16,2026-07-17,28.7,28.7,0.0,1.0,1.0,0.0
2026,FPI,Oklahoma,2026-07-16,2026-07-17,17.8,17.8,0.0,12.0,12.0,0.0
2026,FPI,Oklahoma State,2026-07-16,2026-07-17,3.3,3.3,0.0,54.0,54.0,0.0
2026,FPI,Old Dominion,2026-07-16,2026-07-17,-4.4,-4.4,0.0,85.0,85.0,0.0
2026,FPI,Ole Miss,2026-07-16,2026-07-17,16.0,16.0,0.0,14.0,14.0,0.0
2026,FPI,Oregon,2026-07-16,2026-07-17,25.3,25.3,0.0,4.0,4.0,0.0
2026,FPI,Oregon State,2026-07-16,2026-07-17,-8.1,-8.1,0.0,98.0,98.0,0.0
2026,FPI,Penn State,2026-07-16,2026-07-17,13.7,13.7,0.0,17.0,17.0,0.0
2026,FPI,Pittsburgh,2026-07-16,2026-07-17,6.6,6.6,0.0,36.0,36.0,0.0
2026,FPI,Purdue,2026-07-16,2026-07-17,-0.9,-0.9,0.0,71.0,71.0,0.0
2026,FPI,Rice,2026-07-16,2026-07-17,-13.4,-13.4,0.0,122.0,122.0,0.0
2026,FPI,Rutgers,2026-07-16,2026-07-17,-0.2,-0.2,0.0,67.0,67.0,0.0
2026,FPI,SMU,2026-07-16,2026-07-17,11.1,11.1,0.0,24.0,24.0,0.0
2026,FPI,Sacramento State,2026-07-16,2026-07-17,-10.4,-10.4,0.0,111.0,111.0,0.0
2026,FPI,Sam Houston,2026-07-16,2026-07-17,-18.4,-18.4,0.0,136.0,136.0,0.0
2026,FPI,San Diego State,2026-07-16,2026-07-17,1.4,1.4,0.0,59.0,59.0,0.0
2026,FPI,San Jose State,2026-07-16,2026-07-17,-14.3,-14.3,0.0,124.0,124.0,0.0
2026,FPI,South Alabama,2026-07-16,2026-07-17,-10.5,-10.5,0.0,112.0,112.0,0.0
2026,FPI,South Carolina,2026-07-16,2026-07-17,11.7,11.7,0.0,23.0,23.0,0.0
2026,FPI,South Florida,2026-07-16,2026-07-17,-0.9,-0.9,0.0,73.0,73.0,0.0
2026,FPI,Southern Miss,2026-07-16,2026-07-17,-5.1,-5.1,0.0,87.0,87.0,0.0
2026,FPI,Stanford,2026-07-16,2026-07-17,-3.3,-3.3,0.0,80.0,80.0,0.0
2026,FPI,Syracuse,2026-07-16,2026-07-17,-0.8,-0.8,0.0,70.0,70.0,0.0
2026,FPI,TCU,2026-07-16,2026-07-17,6.4,6.4,0.0,38.0,38.0,0.0
2026,FPI,Temple,2026-07-16,2026-07-17,-8.6,-8.6,0.0,102.0,102.0,0.0
2026,FPI,Tennessee,2026-07-16,2026-07-17,15.1,15.1,0.0,16.0,16.0,0.0
2026,FPI,Texas,2026-07-16,2026-07-17,26.9,26.9,0.0,2.0,2.0,0.0
2026,FPI,Texas A&M,2026-07-16,2026-07-17,20.0,20.0,0.0,11.0,11.0,0.0
2026,FPI,Texas State,2026-07-16,2026-07-17,-4.3,-4.3,0.0,84.0,84.0,0.0
2026,FPI,Texas Tech,2026-07-16,2026-07-17,20.0,20.0,0.0,10.0,10.0,0.0
2026,FPI,Toledo,2026-07-16,2026-07-17,-3.0,-3.0,0.0,79.0,79.0,0.0
2026,FPI,Troy,2026-07-16,2026-07-17,-7.4,-7.4,0.0,95.0,95.0,0.0
2026,FPI,Tulane,2026-07-16,2026-07-17,2.3,2.3,0.0,56.0,56.0,0.0
2026,FPI,Tulsa,2026-07-16,2026-07-17,-9.0,-9.0,0.0,105.0,105.0,0.0
2026,FPI,UAB,2026-07-16,2026-07-17,-15.5,-15.5,0.0,128.0,128.0,0.0
2026,FPI,UCLA,2026-07-16,2026-07-17,0.5,0.5,0.0,64.0,64.0,0.0
2026,FPI,UL-Monroe,2026-07-16,2026-07-17,-19.3,-19.3,0.0,138.0,138.0,0.0
2026,FPI,UNLV,2026-07-16,2026-07-17,1.8,1.8,0.0,58.0,58.0,0.0
2026,FPI,USC,2026-07-16,2026-07-17,17.0,17.0,0.0,13.0,13.0,0.0
2026,FPI,UTEP,2026-07-16,2026-07-17,-16.6,-16.6,0.0,132.0,132.0,0.0
2026,FPI,UTSA,2026-07-16,2026-07-17,-5.3,-5.3,0.0,88.0,88.0,0.0
2026,FPI,Utah,2026-07-16,2026-07-17,8.5,8.5,0.0,31.0,31.0,0.0
2026,FPI,Utah State,2026-07-16,2026-07-17,-6.7,-6.7,0.0,92.0,92.0,0.0
2026,FPI,Vanderbilt,2026-07-16,2026-07-17,9.0,9.0,0.0,29.0,29.0,0.0
2026,FPI,Virginia,2026-07-16,2026-07-17,7.9,7.9,0.0,32.0,32.0,0.0
2026,FPI,Virginia Tech,2026-07-16,2026-07-17,7.4,7.4,0.0,33.0,33.0,0.0
2026,FPI,Wake Forest,2026-07-16,2026-07-17,3.4,3.4,0.0,53.0,53.0,0.0
2026,FPI,Washington,2026-07-16,2026-07-17,9.9,9.9,0.0,26.0,26.0,0.0
2026,FPI,Washington State,2026-07-16,2026-07-17,-4.1,-4.1,0.0,83.0,83.0,0.0
2026,FPI,West Virginia,2026-07-16,2026-07-17,0.2,0.2,0.0,66.0,66.0,0.0
2026,FPI,Western Kentucky,2026-07-16,2026-07-17,-4.9,-4.9,0.0,86.0,86.0,0.0
2026,FPI,Western Michigan,2026-07-16,2026-07-17,-4.0,-4.0,0.0,82.0,82.0,0.0
2026,FPI,Wisconsin,2026-07-16,2026-07-17,4.8,4.8,0.0,43.0,43.0,0.0
2026,FPI,Wyoming,2026-07-16,2026-07-17,-13.1,-13.1,0.0,121.0,121.0,0.0
2026,KFord,Air Force,2026-07-16,2026-07-17,-8.1,-8.1,0.0,96.0,96.0,0.0
2026,KFord,Akron,2026-07-16,2026-07-17,-19.6,-19.6,0.0,130.0,130.0,0.0
2026,KFord,Alabama,2026-07-16,2026-07-17,21.5,21.5,0.0,8.0,8.0,0.0
2026,KFord,Appalachian State,2026-07-16,2026-07-17,-13.4,-13.4,0.0,113.0,113.0,0.0
2026,KFord,Arizona,2026-07-16,2026-07-17,11.2,11.2,0.0,27.0,27.0,0.0
2026,KFord,Arizona State,2026-07-16,2026-07-17,7.5,7.5,0.0,43.0,43.0,0.0
2026,KFord,Arkansas,2026-07-16,2026-07-17,7.8,7.8,0.0,40.0,40.0,0.0
2026,KFord,Arkansas State,2026-07-16,2026-07-17,-11.7,-11.7,0.0,106.0,106.0,0.0
2026,KFord,Army,2026-07-16,2026-07-17,-4.6,-4.6,0.0,83.0,83.0,0.0
2026,KFord,Auburn,2026-07-16,2026-07-17,12.0,12.0,0.0,25.0,25.0,0.0
2026,KFord,BYU,2026-07-16,2026-07-17,15.8,15.8,0.0,19.0,19.0,0.0
2026,KFord,Ball State,2026-07-16,2026-07-17,-21.5,-21.5,0.0,133.0,133.0,0.0
2026,KFord,Baylor,2026-07-16,2026-07-17,4.1,4.1,0.0,53.0,53.0,0.0
2026,KFord,Boise State,2026-07-16,2026-07-17,4.9,4.9,0.0,50.0,50.0,0.0
2026,KFord,Boston College,2026-07-16,2026-07-17,-4.8,-4.8,0.0,84.0,84.0,0.0
2026,KFord,Bowling Green,2026-07-16,2026-07-17,-14.1,-14.1,0.0,117.0,117.0,0.0
2026,KFord,Buffalo,2026-07-16,2026-07-17,-13.6,-13.6,0.0,115.0,115.0,0.0
2026,KFord,California,2026-07-16,2026-07-17,-3.3,-3.3,0.0,77.0,77.0,0.0
2026,KFord,Central Florida,2026-07-16,2026-07-17,0.0,0.0,0.0,66.0,66.0,0.0
2026,KFord,Central Michigan,2026-07-16,2026-07-17,-11.5,-11.5,0.0,105.0,105.0,0.0
2026,KFord,Charlotte,2026-07-16,2026-07-17,-22.7,-22.7,0.0,134.0,134.0,0.0
2026,KFord,Cincinnati,2026-07-16,2026-07-17,6.7,6.7,0.0,45.0,45.0,0.0
2026,KFord,Clemson,2026-07-16,2026-07-17,10.8,10.8,0.0,29.0,29.0,0.0
2026,KFord,Coastal Carolina,2026-07-16,2026-07-17,-16.1,-16.1,0.0,122.0,122.0,0.0
2026,KFord,Colorado,2026-07-16,2026-07-17,-2.6,-2.6,0.0,74.0,74.0,0.0
2026,KFord,Colorado State,2026-07-16,2026-07-17,-13.5,-13.5,0.0,114.0,114.0,0.0
2026,KFord,Connecticut,2026-07-16,2026-07-17,-2.8,-2.8,0.0,75.0,75.0,0.0
2026,KFord,Delaware,2026-07-16,2026-07-17,-14.3,-14.3,0.0,118.0,118.0,0.0
2026,KFord,Duke,2026-07-16,2026-07-17,5.9,5.9,0.0,46.0,46.0,0.0
2026,KFord,East Carolina,2026-07-16,2026-07-17,3.2,3.2,0.0,59.0,59.0,0.0
2026,KFord,Eastern Michigan,2026-07-16,2026-07-17,-15.7,-15.7,0.0,121.0,121.0,0.0
2026,KFord,Florida,2026-07-16,2026-07-17,9.5,9.5,0.0,33.0,33.0,0.0
2026,KFord,Florida Atlantic,2026-07-16,2026-07-17,-12.8,-12.8,0.0,112.0,112.0,0.0
2026,KFord,Florida International,2026-07-16,2026-07-17,-10.9,-10.9,0.0,101.0,101.0,0.0
2026,KFord,Florida State,2026-07-16,2026-07-17,10.8,10.8,0.0,30.0,30.0,0.0
2026,KFord,Fresno State,2026-07-16,2026-07-17,-5.0,-5.0,0.0,86.0,86.0,0.0
2026,KFord,Georgia,2026-07-16,2026-07-17,22.5,22.5,0.0,6.0,6.0,0.0
2026,KFord,Georgia Southern,2026-07-16,2026-07-17,-12.4,-12.4,0.0,110.0,110.0,0.0
2026,KFord,Georgia State,2026-07-16,2026-07-17,-19.5,-19.5,0.0,129.0,129.0,0.0
2026,KFord,Georgia Tech,2026-07-16,2026-07-17,7.9,7.9,0.0,39.0,39.0,0.0
2026,KFord,Hawaii,2026-07-16,2026-07-17,-5.7,-5.7,0.0,87.0,87.0,0.0
2026,KFord,Houston,2026-07-16,2026-07-17,4.7,4.7,0.0,51.0,51.0,0.0
2026,KFord,Illinois,2026-07-16,2026-07-17,11.0,11.0,0.0,28.0,28.0,0.0
2026,KFord,Indiana,2026-07-16,2026-07-17,30.7,30.7,0.0,1.0,1.0,0.0
2026,KFord,Iowa,2026-07-16,2026-07-17,16.4,16.4,0.0,17.0,17.0,0.0
2026,KFord,Iowa State,2026-07-16,2026-07-17,9.0,9.0,0.0,37.0,37.0,0.0
2026,KFord,Jacksonville State,2026-07-16,2026-07-17,-11.2,-11.2,0.0,103.0,103.0,0.0
2026,KFord,James Madison,2026-07-16,2026-07-17,9.6,9.6,0.0,32.0,32.0,0.0
2026,KFord,Kansas,2026-07-16,2026-07-17,5.5,5.5,0.0,47.0,47.0,0.0
2026,KFord,Kansas State,2026-07-16,2026-07-17,8.4,8.4,0.0,38.0,38.0,0.0
2026,KFord,Kennesaw State,2026-07-16,2026-07-17,-7.1,-7.1,0.0,92.0,92.0,0.0
2026,KFord,Kent State,2026-07-16,2026-07-17,-21.3,-21.3,0.0,132.0,132.0,0.0
2026,KFord,Kentucky,2026-07-16,2026-07-17,5.0,5.0,0.0,49.0,49.0,0.0
2026,KFord,LSU,2026-07-16,2026-07-17,12.4,12.4,0.0,23.0,23.0,0.0
2026,KFord,Liberty,2026-07-16,2026-07-17,-10.4,-10.4,0.0,100.0,100.0,0.0
2026,KFord,Louisiana,2026-07-16,2026-07-17,-11.2,-11.2,0.0,102.0,102.0,0.0
2026,KFord,Louisiana Tech,2026-07-16,2026-07-17,-6.7,-6.7,0.0,90.0,90.0,0.0
2026,KFord,Louisville,2026-07-16,2026-07-17,10.7,10.7,0.0,31.0,31.0,0.0
2026,KFord,Marshall,2026-07-16,2026-07-17,-8.0,-8.0,0.0,94.0,94.0,0.0
2026,KFord,Maryland,2026-07-16,2026-07-17,-1.3,-1.3,0.0,71.0,71.0,0.0
2026,KFord,Massachusetts,2026-07-16,2026-07-17,-32.8,-32.8,0.0,136.0,136.0,0.0
2026,KFord,Memphis,2026-07-16,2026-07-17,3.6,3.6,0.0,56.0,56.0,0.0
2026,KFord,Miami-FL,2026-07-16,2026-07-17,22.0,22.0,0.0,7.0,7.0,0.0
2026,KFord,Miami-OH,2026-07-16,2026-07-17,-6.7,-6.7,0.0,91.0,91.0,0.0
2026,KFord,Michigan,2026-07-16,2026-07-17,15.9,15.9,0.0,18.0,18.0,0.0
2026,KFord,Michigan State,2026-07-16,2026-07-17,1.5,1.5,0.0,63.0,63.0,0.0
2026,KFord,Middle Tennessee,2026-07-16,2026-07-17,-18.9,-18.9,0.0,128.0,128.0,0.0
2026,KFord,Minnesota,2026-07-16,2026-07-17,2.1,2.1,0.0,62.0,62.0,0.0
2026,KFord,Mississippi State,2026-07-16,2026-07-17,5.5,5.5,0.0,48.0,48.0,0.0
2026,KFord,Missouri,2026-07-16,2026-07-17,14.3,14.3,0.0,22.0,22.0,0.0
2026,KFord,Missouri State,2026-07-16,2026-07-17,-12.4,-12.4,0.0,111.0,111.0,0.0
2026,KFord,NC State,2026-07-16,2026-07-17,4.6,4.6,0.0,52.0,52.0,0.0
2026,KFord,Navy,2026-07-16,2026-07-17,-0.6,-0.6,0.0,69.0,69.0,0.0
2026,KFord,Nebraska,2026-07-16,2026-07-17,7.7,7.7,0.0,41.0,41.0,0.0
2026,KFord,Nevada,2026-07-16,2026-07-17,-15.1,-15.1,0.0,120.0,120.0,0.0
2026,KFord,New Mexico,2026-07-16,2026-07-17,-3.2,-3.2,0.0,76.0,76.0,0.0
2026,KFord,New Mexico State,2026-07-16,2026-07-17,-17.9,-17.9,0.0,127.0,127.0,0.0
2026,KFord,North Carolina,2026-07-16,2026-07-17,-6.2,-6.2,0.0,89.0,89.0,0.0
2026,KFord,North Texas,2026-07-16,2026-07-17,7.6,7.6,0.0,42.0,42.0,0.0
2026,KFord,Northern Illinois,2026-07-16,2026-07-17,-16.2,-16.2,0.0,124.0,124.0,0.0
2026,KFord,Northwestern,2026-07-16,2026-07-17,3.6,3.6,0.0,55.0,55.0,0.0
2026,KFord,Notre Dame,2026-07-16,2026-07-17,27.0,27.0,0.0,3.0,3.0,0.0
2026,KFord,Ohio,2026-07-16,2026-07-17,-4.5,-4.5,0.0,82.0,82.0,0.0
2026,KFord,Ohio State,2026-07-16,2026-07-17,30.0,30.0,0.0,2.0,2.0,0.0
2026,KFord,Oklahoma,2026-07-16,2026-07-17,18.1,18.1,0.0,13.0,13.0,0.0
2026,KFord,Oklahoma State,2026-07-16,2026-07-17,-12.2,-12.2,0.0,109.0,109.0,0.0
2026,KFord,Old Dominion,2026-07-16,2026-07-17,3.0,3.0,0.0,60.0,60.0,0.0
2026,KFord,Ole Miss,2026-07-16,2026-07-17,18.9,18.9,0.0,12.0,12.0,0.0
2026,KFord,Oregon,2026-07-16,2026-07-17,26.5,26.5,0.0,4.0,4.0,0.0
2026,KFord,Oregon State,2026-07-16,2026-07-17,-11.8,-11.8,0.0,108.0,108.0,0.0
2026,KFord,Penn State,2026-07-16,2026-07-17,16.9,16.9,0.0,16.0,16.0,0.0
2026,KFord,Pittsburgh,2026-07-16,2026-07-17,9.0,9.0,0.0,36.0,36.0,0.0
2026,KFord,Purdue,2026-07-16,2026-07-17,-3.9,-3.9,0.0,81.0,81.0,0.0
2026,KFord,Rice,2026-07-16,2026-07-17,-17.4,-17.4,0.0,125.0,125.0,0.0
2026,KFord,Rutgers,2026-07-16,2026-07-17,2.3,2.3,0.0,61.0,61.0,0.0
2026,KFord,SMU,2026-07-16,2026-07-17,12.1,12.1,0.0,24.0,24.0,0.0
2026,KFord,Sam Houston,2026-07-16,2026-07-17,-25.2,-25.2,0.0,135.0,135.0,0.0
2026,KFord,San Diego State,2026-07-16,2026-07-17,-0.5,-0.5,0.0,67.0,67.0,0.0
2026,KFord,San Jose State,2026-07-16,2026-07-17,-13.8,-13.8,0.0,116.0,116.0,0.0
2026,KFord,South Alabama,2026-07-16,2026-07-17,-11.2,-11.2,0.0,104.0,104.0,0.0
2026,KFord,South Carolina,2026-07-16,2026-07-17,9.1,9.1,0.0,34.0,34.0,0.0
2026,KFord,South Florida,2026-07-16,2026-07-17,11.7,11.7,0.0,26.0,26.0,0.0
2026,KFord,Southern Miss,2026-07-16,2026-07-17,-9.0,-9.0,0.0,98.0,98.0,0.0
2026,KFord,Stanford,2026-07-16,2026-07-17,-4.9,-4.9,0.0,85.0,85.0,0.0
2026,KFord,Syracuse,2026-07-16,2026-07-17,-8.2,-8.2,0.0,97.0,97.0,0.0
2026,KFord,TCU,2026-07-16,2026-07-17,9.0,9.0,0.0,35.0,35.0,0.0
2026,KFord,Temple,2026-07-16,2026-07-17,-9.6,-9.6,0.0,99.0,99.0,0.0
2026,KFord,Tennessee,2026-07-16,2026-07-17,14.9,14.9,0.0,20.0,20.0,0.0
2026,KFord,Texas,2026-07-16,2026-07-17,18.0,18.0,0.0,14.0,14.0,0.0
2026,KFord,Texas A&M,2026-07-16,2026-07-17,20.2,20.2,0.0,10.0,10.0,0.0
2026,KFord,Texas State,2026-07-16,2026-07-17,-3.6,-3.6,0.0,80.0,80.0,0.0
2026,KFord,Texas Tech,2026-07-16,2026-07-17,25.7,25.7,0.0,5.0,5.0,0.0
2026,KFord,Toledo,2026-07-16,2026-07-17,3.5,3.5,0.0,57.0,57.0,0.0
2026,KFord,Troy,2026-07-16,2026-07-17,-8.0,-8.0,0.0,95.0,95.0,0.0
2026,KFord,Tulane,2026-07-16,2026-07-17,3.7,3.7,0.0,54.0,54.0,0.0
2026,KFord,Tulsa,2026-07-16,2026-07-17,-14.8,-14.8,0.0,119.0,119.0,0.0
2026,KFord,UAB,2026-07-16,2026-07-17,-16.1,-16.1,0.0,123.0,123.0,0.0
2026,KFord,UCLA,2026-07-16,2026-07-17,-1.5,-1.5,0.0,72.0,72.0,0.0
2026,KFord,UL-Monroe,2026-07-16,2026-07-17,-20.5,-20.5,0.0,131.0,131.0,0.0
2026,KFord,UNLV,2026-07-16,2026-07-17,-0.6,-0.6,0.0,68.0,68.0,0.0
2026,KFord,USC,2026-07-16,2026-07-17,19.2,19.2,0.0,11.0,11.0,0.0
2026,KFord,UTEP,2026-07-16,2026-07-17,-17.9,-17.9,0.0,126.0,126.0,0.0
2026,KFord,UTSA,2026-07-16,2026-07-17,-0.6,-0.6,0.0,70.0,70.0,0.0
2026,KFord,Utah,2026-07-16,2026-07-17,21.1,21.1,0.0,9.0,9.0,0.0
2026,KFord,Utah State,2026-07-16,2026-07-17,-3.6,-3.6,0.0,79.0,79.0,0.0
2026,KFord,Vanderbilt,2026-07-16,2026-07-17,17.8,17.8,0.0,15.0,15.0,0.0
2026,KFord,Virginia,2026-07-16,2026-07-17,7.5,7.5,0.0,44.0,44.0,0.0
2026,KFord,Virginia Tech,2026-07-16,2026-07-17,-1.8,-1.8,0.0,73.0,73.0,0.0
2026,KFord,Wake Forest,2026-07-16,2026-07-17,1.3,1.3,0.0,64.0,64.0,0.0
2026,KFord,Washington,2026-07-16,2026-07-17,14.6,14.6,0.0,21.0,21.0,0.0
2026,KFord,Washington State,2026-07-16,2026-07-17,0.0,0.0,0.0,65.0,65.0,0.0
2026,KFord,West Virginia,2026-07-16,2026-07-17,-3.5,-3.5,0.0,78.0,78.0,0.0
2026,KFord,Western Kentucky,2026-07-16,2026-07-17,-7.9,-7.9,0.0,93.0,93.0,0.0
2026,KFord,Western Michigan,2026-07-16,2026-07-17,-6.1,-6.1,0.0,88.0,88.0,0.0
2026,KFord,Wisconsin,2026-07-16,2026-07-17,3.3,3.3,0.0,58.0,58.0,0.0
2026,KFord,Wyoming,2026-07-16,2026-07-17,-11.8,-11.8,0.0,107.0,107.0,0.0
2026,Massey Power,Air Force,2026-07-16,2026-07-17,47.49,47.49,0.0,90.0,90.0,0.0
2026,Massey Power,Akron,2026-07-16,2026-07-17,36.08,36.08,0.0,131.0,131.0,0.0
2026,Massey Power,Alabama,2026-07-16,2026-07-17,71.38,71.38,0.0,7.0,7.0,0.0
2026,Massey Power,Appalachian State,2026-07-16,2026-07-17,42.5,42.5,0.0,107.0,107.0,0.0
2026,Massey Power,Arizona,2026-07-16,2026-07-17,62.74,62.74,0.0,31.0,31.0,0.0
2026,Massey Power,Arizona State,2026-07-16,2026-07-17,60.06,60.06,0.0,36.0,36.0,0.0
2026,Massey Power,Arkansas,2026-07-16,2026-07-17,60.01,60.01,0.0,37.0,37.0,0.0
2026,Massey Power,Arkansas State,2026-07-16,2026-07-17,41.33,41.33,0.0,113.0,113.0,0.0
2026,Massey Power,Army,2026-07-16,2026-07-17,51.83,51.83,0.0,80.0,80.0,0.0
2026,Massey Power,Auburn,2026-07-16,2026-07-17,62.57,62.57,0.0,32.0,32.0,0.0
2026,Massey Power,BYU,2026-07-16,2026-07-17,65.13,65.13,0.0,20.0,20.0,0.0
2026,Massey Power,Ball State,2026-07-16,2026-07-17,35.92,35.92,0.0,133.0,133.0,0.0
2026,Massey Power,Baylor,2026-07-16,2026-07-17,58.11,58.11,0.0,47.0,47.0,0.0
2026,Massey Power,Boise State,2026-07-16,2026-07-17,57.11,57.11,0.0,54.0,54.0,0.0
2026,Massey Power,Boston College,2026-07-16,2026-07-17,52.05,52.05,0.0,79.0,79.0,0.0
2026,Massey Power,Bowling Green,2026-07-16,2026-07-17,41.78,41.78,0.0,110.0,110.0,0.0
2026,Massey Power,Buffalo,2026-07-16,2026-07-17,39.44,39.44,0.0,121.0,121.0,0.0
2026,Massey Power,California,2026-07-16,2026-07-17,54.09,54.09,0.0,70.0,70.0,0.0
2026,Massey Power,Central Florida,2026-07-16,2026-07-17,55.43,55.43,0.0,63.0,63.0,0.0
2026,Massey Power,Central Michigan,2026-07-16,2026-07-17,41.72,41.72,0.0,111.0,111.0,0.0
2026,Massey Power,Charlotte,2026-07-16,2026-07-17,35.37,35.37,0.0,134.0,134.0,0.0
2026,Massey Power,Cincinnati,2026-07-16,2026-07-17,57.86,57.86,0.0,50.0,50.0,0.0
2026,Massey Power,Clemson,2026-07-16,2026-07-17,63.45,63.45,0.0,27.0,27.0,0.0
2026,Massey Power,Coastal Carolina,2026-07-16,2026-07-17,41.07,41.07,0.0,115.0,115.0,0.0
2026,Massey Power,Colorado,2026-07-16,2026-07-17,54.34,54.34,0.0,68.0,68.0,0.0
2026,Massey Power,Colorado State,2026-07-16,2026-07-17,41.29,41.29,0.0,114.0,114.0,0.0
2026,Massey Power,Connecticut,2026-07-16,2026-07-17,45.96,45.96,0.0,97.0,97.0,0.0
2026,Massey Power,Delaware,2026-07-16,2026-07-17,36.57,36.57,0.0,127.0,127.0,0.0
2026,Massey Power,Duke,2026-07-16,2026-07-17,59.19,59.19,0.0,43.0,43.0,0.0
2026,Massey Power,East Carolina,2026-07-16,2026-07-17,54.62,54.62,0.0,66.0,66.0,0.0
2026,Massey Power,Eastern Michigan,2026-07-16,2026-07-17,38.39,38.39,0.0,124.0,124.0,0.0
2026,Massey Power,Florida,2026-07-16,2026-07-17,61.67,61.67,0.0,34.0,34.0,0.0
2026,Massey Power,Florida Atlantic,2026-07-16,2026-07-17,41.9,41.9,0.0,109.0,109.0,0.0
2026,Massey Power,Florida International,2026-07-16,2026-07-17,38.59,38.59,0.0,123.0,123.0,0.0
2026,Massey Power,Florida State,2026-07-16,2026-07-17,60.54,60.54,0.0,35.0,35.0,0.0
2026,Massey Power,Fresno State,2026-07-16,2026-07-17,50.82,50.82,0.0,81.0,81.0,0.0
2026,Massey Power,Georgia,2026-07-16,2026-07-17,73.87,73.87,0.0,5.0,5.0,0.0
2026,Massey Power,Georgia Southern,2026-07-16,2026-07-17,43.06,43.06,0.0,105.0,105.0,0.0
2026,Massey Power,Georgia State,2026-07-16,2026-07-17,37.59,37.59,0.0,125.0,125.0,0.0
2026,Massey Power,Georgia Tech,2026-07-16,2026-07-17,59.96,59.96,0.0,38.0,38.0,0.0
2026,Massey Power,Hawaii,2026-07-16,2026-07-17,46.07,46.07,0.0,96.0,96.0,0.0
2026,Massey Power,Houston,2026-07-16,2026-07-17,58.01,58.01,0.0,48.0,48.0,0.0
2026,Massey Power,Illinois,2026-07-16,2026-07-17,63.08,63.08,0.0,30.0,30.0,0.0
2026,Massey Power,Indiana,2026-07-16,2026-07-17,78.68,78.68,0.0,2.0,2.0,0.0
2026,Massey Power,Iowa,2026-07-16,2026-07-17,67.36,67.36,0.0,19.0,19.0,0.0
2026,Massey Power,Iowa State,2026-07-16,2026-07-17,63.87,63.87,0.0,26.0,26.0,0.0
2026,Massey Power,Jacksonville State,2026-07-16,2026-07-17,42.8,42.8,0.0,106.0,106.0,0.0
2026,Massey Power,James Madison,2026-07-16,2026-07-17,57.92,57.92,0.0,49.0,49.0,0.0
2026,Massey Power,Kansas,2026-07-16,2026-07-17,58.95,58.95,0.0,44.0,44.0,0.0
2026,Massey Power,Kansas State,2026-07-16,2026-07-17,63.38,63.38,0.0,29.0,29.0,0.0
2026,Massey Power,Kennesaw State,2026-07-16,2026-07-17,36.5,36.5,0.0,129.0,129.0,0.0
2026,Massey Power,Kent State,2026-07-16,2026-07-17,32.92,32.92,0.0,137.0,137.0,0.0
2026,Massey Power,Kentucky,2026-07-16,2026-07-17,59.47,59.47,0.0,42.0,42.0,0.0
2026,Massey Power,LSU,2026-07-16,2026-07-17,64.23,64.23,0.0,24.0,24.0,0.0
2026,Massey Power,Liberty,2026-07-16,2026-07-17,42.33,42.33,0.0,108.0,108.0,0.0
2026,Massey Power,Louisiana,2026-07-16,2026-07-17,43.52,43.52,0.0,102.0,102.0,0.0
2026,Massey Power,Louisiana Tech,2026-07-16,2026-07-17,44.07,44.07,0.0,101.0,101.0,0.0
2026,Massey Power,Louisville,2026-07-16,2026-07-17,64.6,64.6,0.0,21.0,21.0,0.0
2026,Massey Power,Marshall,2026-07-16,2026-07-17,47.29,47.29,0.0,92.0,92.0,0.0
2026,Massey Power,Maryland,2026-07-16,2026-07-17,56.53,56.53,0.0,59.0,59.0,0.0
2026,Massey Power,Massachusetts,2026-07-16,2026-07-17,26.06,26.06,0.0,138.0,138.0,0.0
2026,Massey Power,Memphis,2026-07-16,2026-07-17,54.88,54.88,0.0,65.0,65.0,0.0
2026,Massey Power,Miami-FL,2026-07-16,2026-07-17,70.25,70.25,0.0,11.0,11.0,0.0
2026,Massey Power,Miami-OH,2026-07-16,2026-07-17,46.62,46.62,0.0,95.0,95.0,0.0
2026,Massey Power,Michigan,2026-07-16,2026-07-17,69.9,69.9,0.0,13.0,13.0,0.0
2026,Massey Power,Michigan State,2026-07-16,2026-07-17,56.86,56.86,0.0,55.0,55.0,0.0
2026,Massey Power,Middle Tennessee,2026-07-16,2026-07-17,36.53,36.53,0.0,128.0,128.0,0.0
2026,Massey Power,Minnesota,2026-07-16,2026-07-17,57.71,57.71,0.0,52.0,52.0,0.0
2026,Massey Power,Mississippi State,2026-07-16,2026-07-17,57.75,57.75,0.0,51.0,51.0,0.0
2026,Massey Power,Missouri,2026-07-16,2026-07-17,64.53,64.53,0.0,22.0,22.0,0.0
2026,Massey Power,Missouri State,2026-07-16,2026-07-17,40.1,40.1,0.0,118.0,118.0,0.0
2026,Massey Power,NC State,2026-07-16,2026-07-17,58.53,58.53,0.0,46.0,46.0,0.0
2026,Massey Power,Navy,2026-07-16,2026-07-17,53.15,53.15,0.0,73.0,73.0,0.0
2026,Massey Power,Nebraska,2026-07-16,2026-07-17,59.52,59.52,0.0,41.0,41.0,0.0
2026,Massey Power,Nevada,2026-07-16,2026-07-17,41.46,41.46,0.0,112.0,112.0,0.0
2026,Massey Power,New Mexico,2026-07-16,2026-07-17,47.41,47.41,0.0,91.0,91.0,0.0
2026,Massey Power,New Mexico State,2026-07-16,2026-07-17,36.1,36.1,0.0,130.0,130.0,0.0
2026,Massey Power,North Carolina,2026-07-16,2026-07-17,52.79,52.79,0.0,75.0,75.0,0.0
2026,Massey Power,North Dakota State,2026-07-16,2026-07-17,53.47,53.47,0.0,71.0,71.0,0.0
2026,Massey Power,North Texas,2026-07-16,2026-07-17,55.25,55.25,0.0,64.0,64.0,0.0
2026,Massey Power,Northern Illinois,2026-07-16,2026-07-17,40.6,40.6,0.0,117.0,117.0,0.0
2026,Massey Power,Northwestern,2026-07-16,2026-07-17,57.36,57.36,0.0,53.0,53.0,0.0
2026,Massey Power,Notre Dame,2026-07-16,2026-07-17,76.49,76.49,0.0,3.0,3.0,0.0
2026,Massey Power,Ohio,2026-07-16,2026-07-17,48.7,48.7,0.0,88.0,88.0,0.0
2026,Massey Power,Ohio State,2026-07-16,2026-07-17,80.22,80.22,0.0,1.0,1.0,0.0
2026,Massey Power,Oklahoma,2026-07-16,2026-07-17,67.43,67.43,0.0,18.0,18.0,0.0
2026,Massey Power,Oklahoma State,2026-07-16,2026-07-17,49.97,49.97,0.0,84.0,84.0,0.0
2026,Massey Power,Old Dominion,2026-07-16,2026-07-17,52.12,52.12,0.0,78.0,78.0,0.0
2026,Massey Power,Ole Miss,2026-07-16,2026-07-17,71.71,71.71,0.0,6.0,6.0,0.0
2026,Massey Power,Oregon,2026-07-16,2026-07-17,75.8,75.8,0.0,4.0,4.0,0.0
2026,Massey Power,Oregon State,2026-07-16,2026-07-17,48.83,48.83,0.0,87.0,87.0,0.0
2026,Massey Power,Penn State,2026-07-16,2026-07-17,71.29,71.29,0.0,8.0,8.0,0.0
2026,Massey Power,Pittsburgh,2026-07-16,2026-07-17,59.64,59.64,0.0,39.0,39.0,0.0
2026,Massey Power,Purdue,2026-07-16,2026-07-17,53.01,53.01,0.0,74.0,74.0,0.0
2026,Massey Power,Rice,2026-07-16,2026-07-17,38.96,38.96,0.0,122.0,122.0,0.0
2026,Massey Power,Rutgers,2026-07-16,2026-07-17,56.77,56.77,0.0,56.0,56.0,0.0
2026,Massey Power,SMU,2026-07-16,2026-07-17,63.98,63.98,0.0,25.0,25.0,0.0
2026,Massey Power,Sacramento State,2026-07-16,2026-07-17,37.36,37.36,0.0,126.0,126.0,0.0
2026,Massey Power,Sam Houston,2026-07-16,2026-07-17,34.38,34.38,0.0,136.0,136.0,0.0
2026,Massey Power,San Diego State,2026-07-16,2026-07-17,50.79,50.79,0.0,82.0,82.0,0.0
2026,Massey Power,San Jose State,2026-07-16,2026-07-17,43.5,43.5,0.0,103.0,103.0,0.0
2026,Massey Power,South Alabama,2026-07-16,2026-07-17,44.25,44.25,0.0,100.0,100.0,0.0
2026,Massey Power,South Carolina,2026-07-16,2026-07-17,62.25,62.25,0.0,33.0,33.0,0.0
2026,Massey Power,South Florida,2026-07-16,2026-07-17,56.19,56.19,0.0,61.0,61.0,0.0
2026,Massey Power,Southern Miss,2026-07-16,2026-07-17,39.96,39.96,0.0,119.0,119.0,0.0
2026,Massey Power,Stanford,2026-07-16,2026-07-17,50.67,50.67,0.0,83.0,83.0,0.0
2026,Massey Power,Syracuse,2026-07-16,2026-07-17,49.88,49.88,0.0,85.0,85.0,0.0
2026,Massey Power,TCU,2026-07-16,2026-07-17,63.45,63.45,0.0,28.0,28.0,0.0
2026,Massey Power,Temple,2026-07-16,2026-07-17,43.21,43.21,0.0,104.0,104.0,0.0
2026,Massey Power,Tennessee,2026-07-16,2026-07-17,67.86,67.86,0.0,16.0,16.0,0.0
2026,Massey Power,Texas,2026-07-16,2026-07-17,70.86,70.86,0.0,9.0,9.0,0.0
2026,Massey Power,Texas A&M,2026-07-16,2026-07-17,67.46,67.46,0.0,17.0,17.0,0.0
2026,Massey Power,Texas State,2026-07-16,2026-07-17,48.58,48.58,0.0,89.0,89.0,0.0
2026,Massey Power,Texas Tech,2026-07-16,2026-07-17,70.51,70.51,0.0,10.0,10.0,0.0
2026,Massey Power,Toledo,2026-07-16,2026-07-17,52.5,52.5,0.0,76.0,76.0,0.0
2026,Massey Power,Troy,2026-07-16,2026-07-17,45.82,45.82,0.0,98.0,98.0,0.0
2026,Massey Power,Tulane,2026-07-16,2026-07-17,56.73,56.73,0.0,57.0,57.0,0.0
2026,Massey Power,Tulsa,2026-07-16,2026-07-17,40.97,40.97,0.0,116.0,116.0,0.0
2026,Massey Power,UAB,2026-07-16,2026-07-17,39.87,39.87,0.0,120.0,120.0,0.0
2026,Massey Power,UCLA,2026-07-16,2026-07-17,56.34,56.34,0.0,60.0,60.0,0.0
2026,Massey Power,UL-Monroe,2026-07-16,2026-07-17,34.89,34.89,0.0,135.0,135.0,0.0
2026,Massey Power,UNLV,2026-07-16,2026-07-17,52.3,52.3,0.0,77.0,77.0,0.0
2026,Massey Power,USC,2026-07-16,2026-07-17,68.42,68.42,0.0,14.0,14.0,0.0
2026,Massey Power,UTEP,2026-07-16,2026-07-17,35.97,35.97,0.0,132.0,132.0,0.0
2026,Massey Power,UTSA,2026-07-16,2026-07-17,53.33,53.33,0.0,72.0,72.0,0.0
2026,Massey Power,Utah,2026-07-16,2026-07-17,70.15,70.15,0.0,12.0,12.0,0.0
2026,Massey Power,Utah State,2026-07-16,2026-07-17,48.98,48.98,0.0,86.0,86.0,0.0
2026,Massey Power,Vanderbilt,2026-07-16,2026-07-17,64.37,64.37,0.0,23.0,23.0,0.0
2026,Massey Power,Virginia,2026-07-16,2026-07-17,58.87,58.87,0.0,45.0,45.0,0.0
2026,Massey Power,Virginia Tech,2026-07-16,2026-07-17,54.19,54.19,0.0,69.0,69.0,0.0
2026,Massey Power,Wake Forest,2026-07-16,2026-07-17,56.18,56.18,0.0,62.0,62.0,0.0
2026,Massey Power,Washington,2026-07-16,2026-07-17,67.92,67.92,0.0,15.0,15.0,0.0
2026,Massey Power,Washington State,2026-07-16,2026-07-17,56.56,56.56,0.0,58.0,58.0,0.0
2026,Massey Power,West Virginia,2026-07-16,2026-07-17,54.47,54.47,0.0,67.0,67.0,0.0
2026,Massey Power,Western Kentucky,2026-07-16,2026-07-17,47.25,47.25,0.0,93.0,93.0,0.0
2026,Massey Power,Western Michigan,2026-07-16,2026-07-17,46.97,46.97,0.0,94.0,94.0,0.0
2026,Massey Power,Wisconsin,2026-07-16,2026-07-17,59.59,59.59,0.0,40.0,40.0,0.0
2026,Massey Power,Wyoming,2026-07-16,2026-07-17,44.52,44.52,0.0,99.0,99.0,0.0
2026,SP+,Air Force,2026-07-16,2026-07-17,-2.4,-2.4,0.0,79.0,79.0,0.0
2026,SP+,Akron,2026-07-16,2026-07-17,-19.5,-19.5,0.0,127.0,127.0,0.0
2026,SP+,Alabama,2026-07-16,2026-07-17,18.2,18.2,0.0,11.0,11.0,0.0
2026,SP+,Appalachian State,2026-07-16,2026-07-17,-12.1,-12.1,0.0,111.0,111.0,0.0
2026,SP+,Arizona,2026-07-16,2026-07-17,10.2,10.2,0.0,30.0,30.0,0.0
2026,SP+,Arizona State,2026-07-16,2026-07-17,6.4,6.4,0.0,42.0,42.0,0.0
2026,SP+,Arkansas,2026-07-16,2026-07-17,5.0,5.0,0.0,47.0,47.0,0.0
2026,SP+,Arkansas State,2026-07-16,2026-07-17,-8.5,-8.5,0.0,101.0,101.0,0.0
2026,SP+,Army,2026-07-16,2026-07-17,-3.0,-3.0,0.0,83.0,83.0,0.0
2026,SP+,Auburn,2026-07-16,2026-07-17,11.2,11.2,0.0,26.0,26.0,0.0
2026,SP+,BYU,2026-07-16,2026-07-17,15.5,15.5,0.0,18.0,18.0,0.0
2026,SP+,Ball State,2026-07-16,2026-07-17,-25.2,-25.2,0.0,134.0,134.0,0.0
2026,SP+,Baylor,2026-07-16,2026-07-17,4.5,4.5,0.0,51.0,51.0,0.0
2026,SP+,Boise State,2026-07-16,2026-07-17,6.8,6.8,0.0,39.0,39.0,0.0
2026,SP+,Boston College,2026-07-16,2026-07-17,-1.5,-1.5,0.0,74.0,74.0,0.0
2026,SP+,Bowling Green,2026-07-16,2026-07-17,-13.3,-13.3,0.0,115.0,115.0,0.0
2026,SP+,Buffalo,2026-07-16,2026-07-17,-11.9,-11.9,0.0,110.0,110.0,0.0
2026,SP+,California,2026-07-16,2026-07-17,3.7,3.7,0.0,56.0,56.0,0.0
2026,SP+,Central Florida,2026-07-16,2026-07-17,2.3,2.3,0.0,60.0,60.0,0.0
2026,SP+,Central Michigan,2026-07-16,2026-07-17,-12.4,-12.4,0.0,113.0,113.0,0.0
2026,SP+,Charlotte,2026-07-16,2026-07-17,-32.4,-32.4,0.0,138.0,138.0,0.0
2026,SP+,Cincinnati,2026-07-16,2026-07-17,4.5,4.5,0.0,50.0,50.0,0.0
2026,SP+,Clemson,2026-07-16,2026-07-17,12.8,12.8,0.0,23.0,23.0,0.0
2026,SP+,Coastal Carolina,2026-07-16,2026-07-17,-13.8,-13.8,0.0,119.0,119.0,0.0
2026,SP+,Colorado,2026-07-16,2026-07-17,0.9,0.9,0.0,65.0,65.0,0.0
2026,SP+,Colorado State,2026-07-16,2026-07-17,-8.3,-8.3,0.0,99.0,99.0,0.0
2026,SP+,Connecticut,2026-07-16,2026-07-17,-11.2,-11.2,0.0,107.0,107.0,0.0
2026,SP+,Delaware,2026-07-16,2026-07-17,-13.0,-13.0,0.0,114.0,114.0,0.0
2026,SP+,Duke,2026-07-16,2026-07-17,5.7,5.7,0.0,44.0,44.0,0.0
2026,SP+,East Carolina,2026-07-16,2026-07-17,-2.0,-2.0,0.0,76.0,76.0,0.0
2026,SP+,Eastern Michigan,2026-07-16,2026-07-17,-15.0,-15.0,0.0,121.0,121.0,0.0
2026,SP+,Florida,2026-07-16,2026-07-17,14.9,14.9,0.0,19.0,19.0,0.0
2026,SP+,Florida Atlantic,2026-07-16,2026-07-17,-7.1,-7.1,0.0,94.0,94.0,0.0
2026,SP+,Florida International,2026-07-16,2026-07-17,-13.7,-13.7,0.0,118.0,118.0,0.0
2026,SP+,Florida State,2026-07-16,2026-07-17,8.8,8.8,0.0,35.0,35.0,0.0
2026,SP+,Fresno State,2026-07-16,2026-07-17,-2.3,-2.3,0.0,78.0,78.0,0.0
2026,SP+,Georgia,2026-07-16,2026-07-17,25.5,25.5,0.0,4.0,4.0,0.0
2026,SP+,Georgia Southern,2026-07-16,2026-07-17,-8.9,-8.9,0.0,103.0,103.0,0.0
2026,SP+,Georgia State,2026-07-16,2026-07-17,-25.1,-25.1,0.0,133.0,133.0,0.0
2026,SP+,Georgia Tech,2026-07-16,2026-07-17,6.0,6.0,0.0,43.0,43.0,0.0
2026,SP+,Hawaii,2026-07-16,2026-07-17,-3.9,-3.9,0.0,84.0,84.0,0.0
2026,SP+,Houston,2026-07-16,2026-07-17,8.2,8.2,0.0,36.0,36.0,0.0
2026,SP+,Illinois,2026-07-16,2026-07-17,9.3,9.3,0.0,33.0,33.0,0.0
2026,SP+,Indiana,2026-07-16,2026-07-17,24.5,24.5,0.0,5.0,5.0,0.0
2026,SP+,Iowa,2026-07-16,2026-07-17,13.6,13.6,0.0,22.0,22.0,0.0
2026,SP+,Iowa State,2026-07-16,2026-07-17,1.0,1.0,0.0,64.0,64.0,0.0
2026,SP+,Jacksonville State,2026-07-16,2026-07-17,-7.7,-7.7,0.0,98.0,98.0,0.0
2026,SP+,James Madison,2026-07-16,2026-07-17,-2.1,-2.1,0.0,77.0,77.0,0.0
2026,SP+,Kansas,2026-07-16,2026-07-17,3.7,3.7,0.0,57.0,57.0,0.0
2026,SP+,Kansas State,2026-07-16,2026-07-17,10.4,10.4,0.0,29.0,29.0,0.0
2026,SP+,Kennesaw State,2026-07-16,2026-07-17,-9.3,-9.3,0.0,105.0,105.0,0.0
2026,SP+,Kent State,2026-07-16,2026-07-17,-20.1,-20.1,0.0,128.0,128.0,0.0
2026,SP+,Kentucky,2026-07-16,2026-07-17,3.8,3.8,0.0,53.0,53.0,0.0
2026,SP+,LSU,2026-07-16,2026-07-17,20.2,20.2,0.0,10.0,10.0,0.0
2026,SP+,Liberty,2026-07-16,2026-07-17,-6.4,-6.4,0.0,93.0,93.0,0.0
2026,SP+,Louisiana,2026-07-16,2026-07-17,-9.1,-9.1,0.0,104.0,104.0,0.0
2026,SP+,Louisiana Tech,2026-07-16,2026-07-17,-8.3,-8.3,0.0,100.0,100.0,0.0
2026,SP+,Louisville,2026-07-16,2026-07-17,11.0,11.0,0.0,27.0,27.0,0.0
2026,SP+,Marshall,2026-07-16,2026-07-17,-6.4,-6.4,0.0,92.0,92.0,0.0
2026,SP+,Maryland,2026-07-16,2026-07-17,3.8,3.8,0.0,55.0,55.0,0.0
2026,SP+,Massachusetts,2026-07-16,2026-07-17,-30.9,-30.9,0.0,137.0,137.0,0.0
2026,SP+,Memphis,2026-07-16,2026-07-17,-1.1,-1.1,0.0,70.0,70.0,0.0
2026,SP+,Miami-FL,2026-07-16,2026-07-17,21.0,21.0,0.0,8.0,8.0,0.0
2026,SP+,Miami-OH,2026-07-16,2026-07-17,-2.9,-2.9,0.0,81.0,81.0,0.0
2026,SP+,Michigan,2026-07-16,2026-07-17,16.1,16.1,0.0,14.0,14.0,0.0
2026,SP+,Michigan State,2026-07-16,2026-07-17,0.4,0.4,0.0,67.0,67.0,0.0
2026,SP+,Middle Tennessee,2026-07-16,2026-07-17,-26.0,-26.0,0.0,135.0,135.0,0.0
2026,SP+,Minnesota,2026-07-16,2026-07-17,5.2,5.2,0.0,45.0,45.0,0.0
2026,SP+,Mississippi State,2026-07-16,2026-07-17,3.9,3.9,0.0,52.0,52.0,0.0
2026,SP+,Missouri,2026-07-16,2026-07-17,14.8,14.8,0.0,20.0,20.0,0.0
2026,SP+,Missouri State,2026-07-16,2026-07-17,-18.7,-18.7,0.0,126.0,126.0,0.0
2026,SP+,NC State,2026-07-16,2026-07-17,4.9,4.9,0.0,48.0,48.0,0.0
2026,SP+,Navy,2026-07-16,2026-07-17,1.1,1.1,0.0,63.0,63.0,0.0
2026,SP+,Nebraska,2026-07-16,2026-07-17,7.7,7.7,0.0,37.0,37.0,0.0
2026,SP+,Nevada,2026-07-16,2026-07-17,-12.2,-12.2,0.0,112.0,112.0,0.0
2026,SP+,New Mexico,2026-07-16,2026-07-17,-0.5,-0.5,0.0,68.0,68.0,0.0
2026,SP+,New Mexico State,2026-07-16,2026-07-17,-16.4,-16.4,0.0,123.0,123.0,0.0
2026,SP+,North Carolina,2026-07-16,2026-07-17,3.8,3.8,0.0,54.0,54.0,0.0
2026,SP+,North Dakota State,2026-07-16,2026-07-17,-1.4,-1.4,0.0,72.0,72.0,0.0
2026,SP+,North Texas,2026-07-16,2026-07-17,-11.8,-11.8,0.0,109.0,109.0,0.0
2026,SP+,Northern Illinois,2026-07-16,2026-07-17,-18.2,-18.2,0.0,125.0,125.0,0.0
2026,SP+,Northwestern,2026-07-16,2026-07-17,4.6,4.6,0.0,49.0,49.0,0.0
2026,SP+,Notre Dame,2026-07-16,2026-07-17,25.8,25.8,0.0,3.0,3.0,0.0
2026,SP+,Ohio,2026-07-16,2026-07-17,-13.6,-13.6,0.0,117.0,117.0,0.0
2026,SP+,Ohio State,2026-07-16,2026-07-17,31.8,31.8,0.0,1.0,1.0,0.0
2026,SP+,Oklahoma,2026-07-16,2026-07-17,17.2,17.2,0.0,12.0,12.0,0.0
2026,SP+,Oklahoma State,2026-07-16,2026-07-17,7.1,7.1,0.0,38.0,38.0,0.0
2026,SP+,Old Dominion,2026-07-16,2026-07-17,-5.8,-5.8,0.0,88.0,88.0,0.0
2026,SP+,Ole Miss,2026-07-16,2026-07-17,15.9,15.9,0.0,16.0,16.0,0.0
2026,SP+,Oregon,2026-07-16,2026-07-17,28.3,28.3,0.0,2.0,2.0,0.0
2026,SP+,Oregon State,2026-07-16,2026-07-17,-6.3,-6.3,0.0,91.0,91.0,0.0
2026,SP+,Penn State,2026-07-16,2026-07-17,15.7,15.7,0.0,17.0,17.0,0.0
2026,SP+,Pittsburgh,2026-07-16,2026-07-17,6.5,6.5,0.0,41.0,41.0,0.0
2026,SP+,Purdue,2026-07-16,2026-07-17,-2.9,-2.9,0.0,82.0,82.0,0.0
2026,SP+,Rice,2026-07-16,2026-07-17,-14.7,-14.7,0.0,120.0,120.0,0.0
2026,SP+,Rutgers,2026-07-16,2026-07-17,1.8,1.8,0.0,62.0,62.0,0.0
2026,SP+,SMU,2026-07-16,2026-07-17,10.9,10.9,0.0,28.0,28.0,0.0
2026,SP+,Sacramento State,2026-07-16,2026-07-17,-22.7,-22.7,0.0,130.0,130.0,0.0
2026,SP+,Sam Houston,2026-07-16,2026-07-17,-26.3,-26.3,0.0,136.0,136.0,0.0
2026,SP+,San Diego State,2026-07-16,2026-07-17,-1.3,-1.3,0.0,71.0,71.0,0.0
2026,SP+,San Jose State,2026-07-16,2026-07-17,-15.5,-15.5,0.0,122.0,122.0,0.0
2026,SP+,South Alabama,2026-07-16,2026-07-17,-13.3,-13.3,0.0,116.0,116.0,0.0
2026,SP+,South Carolina,2026-07-16,2026-07-17,12.1,12.1,0.0,24.0,24.0,0.0
2026,SP+,South Florida,2026-07-16,2026-07-17,-2.8,-2.8,0.0,80.0,80.0,0.0
2026,SP+,Southern Miss,2026-07-16,2026-07-17,-23.3,-23.3,0.0,131.0,131.0,0.0
2026,SP+,Stanford,2026-07-16,2026-07-17,-1.9,-1.9,0.0,75.0,75.0,0.0
2026,SP+,Syracuse,2026-07-16,2026-07-17,-0.7,-0.7,0.0,69.0,69.0,0.0
2026,SP+,TCU,2026-07-16,2026-07-17,9.1,9.1,0.0,34.0,34.0,0.0
2026,SP+,Temple,2026-07-16,2026-07-17,-8.7,-8.7,0.0,102.0,102.0,0.0
2026,SP+,Tennessee,2026-07-16,2026-07-17,16.0,16.0,0.0,15.0,15.0,0.0
2026,SP+,Texas,2026-07-16,2026-07-17,23.7,23.7,0.0,6.0,6.0,0.0
2026,SP+,Texas A&M,2026-07-16,2026-07-17,20.3,20.3,0.0,9.0,9.0,0.0
2026,SP+,Texas State,2026-07-16,2026-07-17,-5.9,-5.9,0.0,89.0,89.0,0.0
2026,SP+,Texas Tech,2026-07-16,2026-07-17,23.1,23.1,0.0,7.0,7.0,0.0
2026,SP+,Toledo,2026-07-16,2026-07-17,-11.5,-11.5,0.0,108.0,108.0,0.0
2026,SP+,Troy,2026-07-16,2026-07-17,-6.0,-6.0,0.0,90.0,90.0,0.0
2026,SP+,Tulane,2026-07-16,2026-07-17,-5.5,-5.5,0.0,87.0,87.0,0.0
2026,SP+,Tulsa,2026-07-16,2026-07-17,-7.6,-7.6,0.0,96.0,96.0,0.0
2026,SP+,UAB,2026-07-16,2026-07-17,-18.1,-18.1,0.0,124.0,124.0,0.0
2026,SP+,UCLA,2026-07-16,2026-07-17,5.1,5.1,0.0,46.0,46.0,0.0
2026,SP+,UL-Monroe,2026-07-16,2026-07-17,-24.3,-24.3,0.0,132.0,132.0,0.0
2026,SP+,UNLV,2026-07-16,2026-07-17,2.8,2.8,0.0,59.0,59.0,0.0
2026,SP+,USC,2026-07-16,2026-07-17,16.8,16.8,0.0,13.0,13.0,0.0
2026,SP+,UTEP,2026-07-16,2026-07-17,-20.5,-20.5,0.0,129.0,129.0,0.0
2026,SP+,UTSA,2026-07-16,2026-07-17,-1.5,-1.5,0.0,73.0,73.0,0.0
2026,SP+,Utah,2026-07-16,2026-07-17,11.9,11.9,0.0,25.0,25.0,0.0
2026,SP+,Utah State,2026-07-16,2026-07-17,-7.7,-7.7,0.0,97.0,97.0,0.0
2026,SP+,Vanderbilt,2026-07-16,2026-07-17,10.0,10.0,0.0,31.0,31.0,0.0
2026,SP+,Virginia,2026-07-16,2026-07-17,6.6,6.6,0.0,40.0,40.0,0.0
2026,SP+,Virginia Tech,2026-07-16,2026-07-17,9.4,9.4,0.0,32.0,32.0,0.0
2026,SP+,Wake Forest,2026-07-16,2026-07-17,3.6,3.6,0.0,58.0,58.0,0.0
2026,SP+,Washington,2026-07-16,2026-07-17,14.5,14.5,0.0,21.0,21.0,0.0
2026,SP+,Washington State,2026-07-16,2026-07-17,-5.3,-5.3,0.0,85.0,85.0,0.0
2026,SP+,West Virginia,2026-07-16,2026-07-17,0.8,0.8,0.0,66.0,66.0,0.0
2026,SP+,Western Kentucky,2026-07-16,2026-07-17,-5.3,-5.3,0.0,86.0,86.0,0.0
2026,SP+,Western Michigan,2026-07-16,2026-07-17,-7.2,-7.2,0.0,95.0,95.0,0.0
2026,SP+,Wisconsin,2026-07-16,2026-07-17,1.8,1.8,0.0,61.0,61.0,0.0
2026,SP+,Wyoming,2026-07-16,2026-07-17,-9.6,-9.6,0.0,106.0,106.0,0.0
2026,Sagarin Predictor,Air Force,2026-07-16,2026-07-17,60.58,60.58,0.0,105.0,105.0,0.0
2026,Sagarin Predictor,Akron,2026-07-16,2026-07-17,50.47,50.47,0.0,156.0,156.0,0.0
2026,Sagarin Predictor,Alabama,2026-07-16,2026-07-17,87.2,87.2,0.0,10.0,10.0,0.0
2026,Sagarin Predictor,Appalachian State,2026-07-16,2026-07-17,54.48,54.48,0.0,135.0,135.0,0.0
2026,Sagarin Predictor,Arizona,2026-07-16,2026-07-17,77.81,77.81,0.0,36.0,36.0,0.0
2026,Sagarin Predictor,Arizona State,2026-07-16,2026-07-17,75.19,75.19,0.0,45.0,45.0,0.0
2026,Sagarin Predictor,Arkansas,2026-07-16,2026-07-17,75.47,75.47,0.0,44.0,44.0,0.0
2026,Sagarin Predictor,Arkansas State,2026-07-16,2026-07-17,58.78,58.78,0.0,110.0,110.0,0.0
2026,Sagarin Predictor,Army,2026-07-16,2026-07-17,67.65,67.65,0.0,79.0,79.0,0.0
2026,Sagarin Predictor,Auburn,2026-07-16,2026-07-17,81.14,81.14,0.0,24.0,24.0,0.0
2026,Sagarin Predictor,BYU,2026-07-16,2026-07-17,80.36,80.36,0.0,27.0,27.0,0.0
2026,Sagarin Predictor,Ball State,2026-07-16,2026-07-17,47.39,47.39,0.0,178.0,178.0,0.0
2026,Sagarin Predictor,Baylor,2026-07-16,2026-07-17,70.66,70.66,0.0,66.0,66.0,0.0
2026,Sagarin Predictor,Boise State,2026-07-16,2026-07-17,72.06,72.06,0.0,61.0,61.0,0.0
2026,Sagarin Predictor,Boston College,2026-07-16,2026-07-17,67.91,67.91,0.0,73.0,73.0,0.0
2026,Sagarin Predictor,Bowling Green,2026-07-16,2026-07-17,53.74,53.74,0.0,142.0,142.0,0.0
2026,Sagarin Predictor,Buffalo,2026-07-16,2026-07-17,54.91,54.91,0.0,130.0,130.0,0.0
2026,Sagarin Predictor,California,2026-07-16,2026-07-17,67.7,67.7,0.0,77.0,77.0,0.0
2026,Sagarin Predictor,Central Florida,2026-07-16,2026-07-17,66.26,66.26,0.0,85.0,85.0,0.0
2026,Sagarin Predictor,Central Michigan,2026-07-16,2026-07-17,57.43,57.43,0.0,119.0,119.0,0.0
2026,Sagarin Predictor,Charlotte,2026-07-16,2026-07-17,46.94,46.94,0.0,184.0,184.0,0.0
2026,Sagarin Predictor,Cincinnati,2026-07-16,2026-07-17,70.02,70.02,0.0,68.0,68.0,0.0
2026,Sagarin Predictor,Clemson,2026-07-16,2026-07-17,81.66,81.66,0.0,21.0,21.0,0.0
2026,Sagarin Predictor,Coastal Carolina,2026-07-16,2026-07-17,53.82,53.82,0.0,140.0,140.0,0.0
2026,Sagarin Predictor,Colorado,2026-07-16,2026-07-17,64.44,64.44,0.0,91.0,91.0,0.0
2026,Sagarin Predictor,Colorado State,2026-07-16,2026-07-17,53.97,53.97,0.0,139.0,139.0,0.0
2026,Sagarin Predictor,Connecticut,2026-07-16,2026-07-17,64.01,64.01,0.0,95.0,95.0,0.0
2026,Sagarin Predictor,Delaware,2026-07-16,2026-07-17,54.77,54.77,0.0,133.0,133.0,0.0
2026,Sagarin Predictor,Duke,2026-07-16,2026-07-17,76.53,76.53,0.0,40.0,40.0,0.0
2026,Sagarin Predictor,East Carolina,2026-07-16,2026-07-17,72.57,72.57,0.0,57.0,57.0,0.0
2026,Sagarin Predictor,Eastern Michigan,2026-07-16,2026-07-17,54.57,54.57,0.0,134.0,134.0,0.0
2026,Sagarin Predictor,Florida,2026-07-16,2026-07-17,79.04,79.04,0.0,31.0,31.0,0.0
2026,Sagarin Predictor,Florida Atlantic,2026-07-16,2026-07-17,54.78,54.78,0.0,132.0,132.0,0.0
2026,Sagarin Predictor,Florida International,2026-07-16,2026-07-17,56.51,56.51,0.0,123.0,123.0,0.0
2026,Sagarin Predictor,Florida State,2026-07-16,2026-07-17,78.54,78.54,0.0,33.0,33.0,0.0
2026,Sagarin Predictor,Fresno State,2026-07-16,2026-07-17,66.41,66.41,0.0,84.0,84.0,0.0
2026,Sagarin Predictor,Georgia,2026-07-16,2026-07-17,89.32,89.32,0.0,6.0,6.0,0.0
2026,Sagarin Predictor,Georgia Southern,2026-07-16,2026-07-17,59.74,59.74,0.0,108.0,108.0,0.0
2026,Sagarin Predictor,Georgia State,2026-07-16,2026-07-17,50.17,50.17,0.0,158.0,158.0,0.0
2026,Sagarin Predictor,Georgia Tech,2026-07-16,2026-07-17,77.33,77.33,0.0,37.0,37.0,0.0
2026,Sagarin Predictor,Hawaii,2026-07-16,2026-07-17,64.9,64.9,0.0,87.0,87.0,0.0
2026,Sagarin Predictor,Houston,2026-07-16,2026-07-17,73.61,73.61,0.0,51.0,51.0,0.0
2026,Sagarin Predictor,Illinois,2026-07-16,2026-07-17,79.15,79.15,0.0,30.0,30.0,0.0
2026,Sagarin Predictor,Indiana,2026-07-16,2026-07-17,97.74,97.74,0.0,1.0,1.0,0.0
2026,Sagarin Predictor,Iowa,2026-07-16,2026-07-17,85.21,85.21,0.0,15.0,15.0,0.0
2026,Sagarin Predictor,Iowa State,2026-07-16,2026-07-17,76.02,76.02,0.0,43.0,43.0,0.0
2026,Sagarin Predictor,Jacksonville State,2026-07-16,2026-07-17,57.67,57.67,0.0,118.0,118.0,0.0
2026,Sagarin Predictor,James Madison,2026-07-16,2026-07-17,79.6,79.6,0.0,29.0,29.0,0.0
2026,Sagarin Predictor,Kansas,2026-07-16,2026-07-17,70.91,70.91,0.0,65.0,65.0,0.0
2026,Sagarin Predictor,Kansas State,2026-07-16,2026-07-17,76.37,76.37,0.0,42.0,42.0,0.0
2026,Sagarin Predictor,Kennesaw State,2026-07-16,2026-07-17,56.23,56.23,0.0,127.0,127.0,0.0
2026,Sagarin Predictor,Kent State,2026-07-16,2026-07-17,46.71,46.71,0.0,185.0,185.0,0.0
2026,Sagarin Predictor,Kentucky,2026-07-16,2026-07-17,73.53,73.53,0.0,52.0,52.0,0.0
2026,Sagarin Predictor,LSU,2026-07-16,2026-07-17,80.39,80.39,0.0,26.0,26.0,0.0
2026,Sagarin Predictor,Liberty,2026-07-16,2026-07-17,57.77,57.77,0.0,117.0,117.0,0.0
2026,Sagarin Predictor,Louisiana,2026-07-16,2026-07-17,58.74,58.74,0.0,111.0,111.0,0.0
2026,Sagarin Predictor,Louisiana Tech,2026-07-16,2026-07-17,60.8,60.8,0.0,103.0,103.0,0.0
2026,Sagarin Predictor,Louisville,2026-07-16,2026-07-17,80.69,80.69,0.0,25.0,25.0,0.0
2026,Sagarin Predictor,Marshall,2026-07-16,2026-07-17,61.16,61.16,0.0,101.0,101.0,0.0
2026,Sagarin Predictor,Maryland,2026-07-16,2026-07-17,66.79,66.79,0.0,82.0,82.0,0.0
2026,Sagarin Predictor,Massachusetts,2026-07-16,2026-07-17,35.19,35.19,0.0,240.0,240.0,0.0
2026,Sagarin Predictor,Memphis,2026-07-16,2026-07-17,68.98,68.98,0.0,70.0,70.0,0.0
2026,Sagarin Predictor,Miami-FL,2026-07-16,2026-07-17,92.3,92.3,0.0,5.0,5.0,0.0
2026,Sagarin Predictor,Miami-OH,2026-07-16,2026-07-17,62.63,62.63,0.0,97.0,97.0,0.0
2026,Sagarin Predictor,Michigan,2026-07-16,2026-07-17,81.48,81.48,0.0,22.0,22.0,0.0
2026,Sagarin Predictor,Michigan State,2026-07-16,2026-07-17,72.5,72.5,0.0,58.0,58.0,0.0
2026,Sagarin Predictor,Middle Tennessee,2026-07-16,2026-07-17,49.07,49.07,0.0,165.0,165.0,0.0
2026,Sagarin Predictor,Minnesota,2026-07-16,2026-07-17,72.58,72.58,0.0,56.0,56.0,0.0
2026,Sagarin Predictor,Mississippi State,2026-07-16,2026-07-17,71.78,71.78,0.0,62.0,62.0,0.0
2026,Sagarin Predictor,Missouri,2026-07-16,2026-07-17,81.22,81.22,0.0,23.0,23.0,0.0
2026,Sagarin Predictor,Missouri State,2026-07-16,2026-07-17,55.31,55.31,0.0,129.0,129.0,0.0
2026,Sagarin Predictor,NC State,2026-07-16,2026-07-17,77.97,77.97,0.0,35.0,35.0,0.0
2026,Sagarin Predictor,Navy,2026-07-16,2026-07-17,70.15,70.15,0.0,67.0,67.0,0.0
2026,Sagarin Predictor,Nebraska,2026-07-16,2026-07-17,73.78,73.78,0.0,50.0,50.0,0.0
2026,Sagarin Predictor,Nevada,2026-07-16,2026-07-17,54.38,54.38,0.0,136.0,136.0,0.0
2026,Sagarin Predictor,New Mexico,2026-07-16,2026-07-17,64.65,64.65,0.0,90.0,90.0,0.0
2026,Sagarin Predictor,New Mexico State,2026-07-16,2026-07-17,48.93,48.93,0.0,166.0,166.0,0.0
2026,Sagarin Predictor,North Carolina,2026-07-16,2026-07-17,66.81,66.81,0.0,81.0,81.0,0.0
2026,Sagarin Predictor,North Dakota State,2026-07-16,2026-07-17,76.86,76.86,0.0,39.0,39.0,0.0
2026,Sagarin Predictor,North Texas,2026-07-16,2026-07-17,74.43,74.43,0.0,47.0,47.0,0.0
2026,Sagarin Predictor,Northern Illinois,2026-07-16,2026-07-17,52.77,52.77,0.0,149.0,149.0,0.0
2026,Sagarin Predictor,Northwestern,2026-07-16,2026-07-17,72.8,72.8,0.0,55.0,55.0,0.0
2026,Sagarin Predictor,Notre Dame,2026-07-16,2026-07-17,93.87,93.87,0.0,3.0,3.0,0.0
2026,Sagarin Predictor,Ohio,2026-07-16,2026-07-17,65.15,65.15,0.0,86.0,86.0,0.0
2026,Sagarin Predictor,Ohio State,2026-07-16,2026-07-17,94.76,94.76,0.0,2.0,2.0,0.0
2026,Sagarin Predictor,Oklahoma,2026-07-16,2026-07-17,84.49,84.49,0.0,17.0,17.0,0.0
2026,Sagarin Predictor,Oklahoma State,2026-07-16,2026-07-17,58.1,58.1,0.0,114.0,114.0,0.0
2026,Sagarin Predictor,Old Dominion,2026-07-16,2026-07-17,73.88,73.88,0.0,49.0,49.0,0.0
2026,Sagarin Predictor,Ole Miss,2026-07-16,2026-07-17,88.35,88.35,0.0,8.0,8.0,0.0
2026,Sagarin Predictor,Oregon,2026-07-16,2026-07-17,93.57,93.57,0.0,4.0,4.0,0.0
2026,Sagarin Predictor,Oregon State,2026-07-16,2026-07-17,57.1,57.1,0.0,122.0,122.0,0.0
2026,Sagarin Predictor,Penn State,2026-07-16,2026-07-17,87.69,87.69,0.0,9.0,9.0,0.0
2026,Sagarin Predictor,Pittsburgh,2026-07-16,2026-07-17,78.6,78.6,0.0,32.0,32.0,0.0
2026,Sagarin Predictor,Purdue,2026-07-16,2026-07-17,64.24,64.24,0.0,93.0,93.0,0.0
2026,Sagarin Predictor,Rice,2026-07-16,2026-07-17,48.34,48.34,0.0,174.0,174.0,0.0
2026,Sagarin Predictor,Rutgers,2026-07-16,2026-07-17,71.73,71.73,0.0,63.0,63.0,0.0
2026,Sagarin Predictor,SMU,2026-07-16,2026-07-17,82.7,82.7,0.0,19.0,19.0,0.0
2026,Sagarin Predictor,Sacramento State,2026-07-16,2026-07-17,56.39,56.39,0.0,125.0,125.0,0.0
2026,Sagarin Predictor,Sam Houston,2026-07-16,2026-07-17,42.46,42.46,0.0,206.0,206.0,0.0
2026,Sagarin Predictor,San Diego State,2026-07-16,2026-07-17,67.74,67.74,0.0,76.0,76.0,0.0
2026,Sagarin Predictor,San Jose State,2026-07-16,2026-07-17,53.03,53.03,0.0,148.0,148.0,0.0
2026,Sagarin Predictor,South Alabama,2026-07-16,2026-07-17,58.36,58.36,0.0,113.0,113.0,0.0
2026,Sagarin Predictor,South Carolina,2026-07-16,2026-07-17,79.65,79.65,0.0,28.0,28.0,0.0
2026,Sagarin Predictor,South Florida,2026-07-16,2026-07-17,77.32,77.32,0.0,38.0,38.0,0.0
2026,Sagarin Predictor,Southern Miss,2026-07-16,2026-07-17,58.08,58.08,0.0,115.0,115.0,0.0
2026,Sagarin Predictor,Stanford,2026-07-16,2026-07-17,67.78,67.78,0.0,74.0,74.0,0.0
2026,Sagarin Predictor,Syracuse,2026-07-16,2026-07-17,62.42,62.42,0.0,98.0,98.0,0.0
2026,Sagarin Predictor,TCU,2026-07-16,2026-07-17,76.51,76.51,0.0,41.0,41.0,0.0
2026,Sagarin Predictor,Temple,2026-07-16,2026-07-17,57.95,57.95,0.0,116.0,116.0,0.0
2026,Sagarin Predictor,Tennessee,2026-07-16,2026-07-17,81.79,81.79,0.0,20.0,20.0,0.0
2026,Sagarin Predictor,Texas,2026-07-16,2026-07-17,86.39,86.39,0.0,12.0,12.0,0.0
2026,Sagarin Predictor,Texas A&M,2026-07-16,2026-07-17,86.91,86.91,0.0,11.0,11.0,0.0
2026,Sagarin Predictor,Texas State,2026-07-16,2026-07-17,68.59,68.59,0.0,71.0,71.0,0.0
2026,Sagarin Predictor,Texas Tech,2026-07-16,2026-07-17,89.08,89.08,0.0,7.0,7.0,0.0
2026,Sagarin Predictor,Toledo,2026-07-16,2026-07-17,73.34,73.34,0.0,53.0,53.0,0.0
2026,Sagarin Predictor,Troy,2026-07-16,2026-07-17,60.85,60.85,0.0,102.0,102.0,0.0
2026,Sagarin Predictor,Tulane,2026-07-16,2026-07-17,72.17,72.17,0.0,59.0,59.0,0.0
2026,Sagarin Predictor,Tulsa,2026-07-16,2026-07-17,53.5,53.5,0.0,143.0,143.0,0.0
2026,Sagarin Predictor,UAB,2026-07-16,2026-07-17,52.23,52.23,0.0,150.0,150.0,0.0
2026,Sagarin Predictor,UCLA,2026-07-16,2026-07-17,67.98,67.98,0.0,72.0,72.0,0.0
2026,Sagarin Predictor,UL-Monroe,2026-07-16,2026-07-17,49.09,49.09,0.0,164.0,164.0,0.0
2026,Sagarin Predictor,UNLV,2026-07-16,2026-07-17,67.76,67.76,0.0,75.0,75.0,0.0
2026,Sagarin Predictor,USC,2026-07-16,2026-07-17,83.63,83.63,0.0,18.0,18.0,0.0
2026,Sagarin Predictor,UTEP,2026-07-16,2026-07-17,48.47,48.47,0.0,173.0,173.0,0.0
2026,Sagarin Predictor,UTSA,2026-07-16,2026-07-17,72.08,72.08,0.0,60.0,60.0,0.0
2026,Sagarin Predictor,Utah,2026-07-16,2026-07-17,85.83,85.83,0.0,13.0,13.0,0.0
2026,Sagarin Predictor,Utah State,2026-07-16,2026-07-17,64.79,64.79,0.0,89.0,89.0,0.0
2026,Sagarin Predictor,Vanderbilt,2026-07-16,2026-07-17,84.99,84.99,0.0,16.0,16.0,0.0
2026,Sagarin Predictor,Virginia,2026-07-16,2026-07-17,78.54,78.54,0.0,34.0,34.0,0.0
2026,Sagarin Predictor,Virginia Tech,2026-07-16,2026-07-17,69.85,69.85,0.0,69.0,69.0,0.0
2026,Sagarin Predictor,Wake Forest,2026-07-16,2026-07-17,73.32,73.32,0.0,54.0,54.0,0.0
2026,Sagarin Predictor,Washington,2026-07-16,2026-07-17,85.23,85.23,0.0,14.0,14.0,0.0
2026,Sagarin Predictor,Washington State,2026-07-16,2026-07-17,71.67,71.67,0.0,64.0,64.0,0.0
2026,Sagarin Predictor,West Virginia,2026-07-16,2026-07-17,64.84,64.84,0.0,88.0,88.0,0.0
2026,Sagarin Predictor,Western Kentucky,2026-07-16,2026-07-17,62.42,62.42,0.0,99.0,99.0,0.0
2026,Sagarin Predictor,Western Michigan,2026-07-16,2026-07-17,67.24,67.24,0.0,80.0,80.0,0.0
2026,Sagarin Predictor,Wisconsin,2026-07-16,2026-07-17,74.76,74.76,0.0,46.0,46.0,0.0
2026,Sagarin Predictor,Wyoming,2026-07-16,2026-07-17,56.39,56.39,0.0,124.0,124.0,0.0
2026,TeamRankings,Air Force,2026-07-16,2026-07-17,-7.4,-7.4,0.0,88.0,88.0,0.0
2026,TeamRankings,Akron,2026-07-16,2026-07-17,-17.9,-17.9,0.0,123.0,123.0,0.0
2026,TeamRankings,Alabama,2026-07-16,2026-07-17,21.6,21.6,0.0,13.0,13.0,0.0
2026,TeamRankings,Appalachian State,2026-07-16,2026-07-17,-10.9,-10.9,0.0,108.0,108.0,0.0
2026,TeamRankings,Arizona,2026-07-16,2026-07-17,8.7,8.7,0.0,37.0,37.0,0.0
2026,TeamRankings,Arizona State,2026-07-16,2026-07-17,8.7,8.7,0.0,36.0,36.0,0.0
2026,TeamRankings,Arkansas,2026-07-16,2026-07-17,4.7,4.7,0.0,52.0,52.0,0.0
2026,TeamRankings,Arkansas State,2026-07-16,2026-07-17,-11.0,-11.0,0.0,109.0,109.0,0.0
2026,TeamRankings,Army,2026-07-16,2026-07-17,-1.2,-1.2,0.0,70.0,70.0,0.0
2026,TeamRankings,Auburn,2026-07-16,2026-07-17,13.4,13.4,0.0,25.0,25.0,0.0
2026,TeamRankings,BYU,2026-07-16,2026-07-17,14.6,14.6,0.0,21.0,21.0,0.0
2026,TeamRankings,Ball State,2026-07-16,2026-07-17,-23.0,-23.0,0.0,135.0,135.0,0.0
2026,TeamRankings,Baylor,2026-07-16,2026-07-17,4.6,4.6,0.0,53.0,53.0,0.0
2026,TeamRankings,Boise State,2026-07-16,2026-07-17,6.7,6.7,0.0,46.0,46.0,0.0
2026,TeamRankings,Boston College,2026-07-16,2026-07-17,-6.2,-6.2,0.0,86.0,86.0,0.0
2026,TeamRankings,Bowling Green,2026-07-16,2026-07-17,-17.7,-17.7,0.0,121.0,121.0,0.0
2026,TeamRankings,Buffalo,2026-07-16,2026-07-17,-16.5,-16.5,0.0,120.0,120.0,0.0
2026,TeamRankings,California,2026-07-16,2026-07-17,4.0,4.0,0.0,55.0,55.0,0.0
2026,TeamRankings,Central Florida,2026-07-16,2026-07-17,3.3,3.3,0.0,56.0,56.0,0.0
2026,TeamRankings,Central Michigan,2026-07-16,2026-07-17,-12.6,-12.6,0.0,112.0,112.0,0.0
2026,TeamRankings,Charlotte,2026-07-16,2026-07-17,-23.3,-23.3,0.0,136.0,136.0,0.0
2026,TeamRankings,Cincinnati,2026-07-16,2026-07-17,0.3,0.3,0.0,65.0,65.0,0.0
2026,TeamRankings,Clemson,2026-07-16,2026-07-17,11.6,11.6,0.0,28.0,28.0,0.0
2026,TeamRankings,Coastal Carolina,2026-07-16,2026-07-17,-13.8,-13.8,0.0,114.0,114.0,0.0
2026,TeamRankings,Colorado,2026-07-16,2026-07-17,-1.4,-1.4,0.0,71.0,71.0,0.0
2026,TeamRankings,Colorado State,2026-07-16,2026-07-17,-10.7,-10.7,0.0,102.0,102.0,0.0
2026,TeamRankings,Connecticut,2026-07-16,2026-07-17,-10.9,-10.9,0.0,107.0,107.0,0.0
2026,TeamRankings,Delaware,2026-07-16,2026-07-17,-12.5,-12.5,0.0,111.0,111.0,0.0
2026,TeamRankings,Duke,2026-07-16,2026-07-17,1.9,1.9,0.0,61.0,61.0,0.0
2026,TeamRankings,East Carolina,2026-07-16,2026-07-17,-3.7,-3.7,0.0,83.0,83.0,0.0
2026,TeamRankings,Eastern Michigan,2026-07-16,2026-07-17,-13.9,-13.9,0.0,115.0,115.0,0.0
2026,TeamRankings,Florida,2026-07-16,2026-07-17,17.4,17.4,0.0,16.0,16.0,0.0
2026,TeamRankings,Florida Atlantic,2026-07-16,2026-07-17,-8.7,-8.7,0.0,96.0,96.0,0.0
2026,TeamRankings,Florida International,2026-07-16,2026-07-17,-15.0,-15.0,0.0,118.0,118.0,0.0
2026,TeamRankings,Florida State,2026-07-16,2026-07-17,7.3,7.3,0.0,44.0,44.0,0.0
2026,TeamRankings,Fresno State,2026-07-16,2026-07-17,2.0,2.0,0.0,60.0,60.0,0.0
2026,TeamRankings,Georgia,2026-07-16,2026-07-17,28.4,28.4,0.0,5.0,5.0,0.0
2026,TeamRankings,Georgia Southern,2026-07-16,2026-07-17,-11.7,-11.7,0.0,110.0,110.0,0.0
2026,TeamRankings,Georgia State,2026-07-16,2026-07-17,-19.4,-19.4,0.0,129.0,129.0,0.0
2026,TeamRankings,Georgia Tech,2026-07-16,2026-07-17,5.8,5.8,0.0,49.0,49.0,0.0
2026,TeamRankings,Hawaii,2026-07-16,2026-07-17,-6.3,-6.3,0.0,87.0,87.0,0.0
2026,TeamRankings,Houston,2026-07-16,2026-07-17,10.6,10.6,0.0,29.0,29.0,0.0
2026,TeamRankings,Illinois,2026-07-16,2026-07-17,9.2,9.2,0.0,33.0,33.0,0.0
2026,TeamRankings,Indiana,2026-07-16,2026-07-17,29.0,29.0,0.0,4.0,4.0,0.0
2026,TeamRankings,Iowa,2026-07-16,2026-07-17,13.9,13.9,0.0,23.0,23.0,0.0
2026,TeamRankings,Iowa State,2026-07-16,2026-07-17,0.0,0.0,0.0,66.0,66.0,0.0
2026,TeamRankings,Jacksonville State,2026-07-16,2026-07-17,-10.7,-10.7,0.0,103.0,103.0,0.0
2026,TeamRankings,James Madison,2026-07-16,2026-07-17,-1.5,-1.5,0.0,73.0,73.0,0.0
2026,TeamRankings,Kansas,2026-07-16,2026-07-17,5.4,5.4,0.0,50.0,50.0,0.0
2026,TeamRankings,Kansas State,2026-07-16,2026-07-17,10.2,10.2,0.0,30.0,30.0,0.0
2026,TeamRankings,Kennesaw State,2026-07-16,2026-07-17,-14.2,-14.2,0.0,116.0,116.0,0.0
2026,TeamRankings,Kent State,2026-07-16,2026-07-17,-22.1,-22.1,0.0,134.0,134.0,0.0
2026,TeamRankings,Kentucky,2026-07-16,2026-07-17,8.9,8.9,0.0,35.0,35.0,0.0
2026,TeamRankings,LSU,2026-07-16,2026-07-17,22.1,22.1,0.0,11.0,11.0,0.0
2026,TeamRankings,Liberty,2026-07-16,2026-07-17,-8.5,-8.5,0.0,92.0,92.0,0.0
2026,TeamRankings,Louisiana,2026-07-16,2026-07-17,-10.3,-10.3,0.0,99.0,99.0,0.0
2026,TeamRankings,Louisiana Tech,2026-07-16,2026-07-17,-8.6,-8.6,0.0,94.0,94.0,0.0
2026,TeamRankings,Louisville,2026-07-16,2026-07-17,13.7,13.7,0.0,24.0,24.0,0.0
2026,TeamRankings,Marshall,2026-07-16,2026-07-17,-8.8,-8.8,0.0,97.0,97.0,0.0
2026,TeamRankings,Maryland,2026-07-16,2026-07-17,2.9,2.9,0.0,57.0,57.0,0.0
2026,TeamRankings,Massachusetts,2026-07-16,2026-07-17,-28.5,-28.5,0.0,138.0,138.0,0.0
2026,TeamRankings,Memphis,2026-07-16,2026-07-17,-1.5,-1.5,0.0,74.0,74.0,0.0
2026,TeamRankings,Miami-FL,2026-07-16,2026-07-17,25.3,25.3,0.0,7.0,7.0,0.0
2026,TeamRankings,Miami-OH,2026-07-16,2026-07-17,-10.6,-10.6,0.0,101.0,101.0,0.0
2026,TeamRankings,Michigan,2026-07-16,2026-07-17,19.8,19.8,0.0,15.0,15.0,0.0
2026,TeamRankings,Michigan State,2026-07-16,2026-07-17,-0.3,-0.3,0.0,68.0,68.0,0.0
2026,TeamRankings,Middle Tennessee,2026-07-16,2026-07-17,-20.9,-20.9,0.0,132.0,132.0,0.0
2026,TeamRankings,Minnesota,2026-07-16,2026-07-17,8.1,8.1,0.0,42.0,42.0,0.0
2026,TeamRankings,Mississippi State,2026-07-16,2026-07-17,6.4,6.4,0.0,47.0,47.0,0.0
2026,TeamRankings,Missouri,2026-07-16,2026-07-17,15.4,15.4,0.0,20.0,20.0,0.0
2026,TeamRankings,Missouri State,2026-07-16,2026-07-17,-18.9,-18.9,0.0,127.0,127.0,0.0
2026,TeamRankings,NC State,2026-07-16,2026-07-17,6.2,6.2,0.0,48.0,48.0,0.0
2026,TeamRankings,Navy,2026-07-16,2026-07-17,0.9,0.9,0.0,63.0,63.0,0.0
2026,TeamRankings,Nebraska,2026-07-16,2026-07-17,8.0,8.0,0.0,43.0,43.0,0.0
2026,TeamRankings,Nevada,2026-07-16,2026-07-17,-18.1,-18.1,0.0,124.0,124.0,0.0
2026,TeamRankings,New Mexico,2026-07-16,2026-07-17,-2.1,-2.1,0.0,77.0,77.0,0.0
2026,TeamRankings,New Mexico State,2026-07-16,2026-07-17,-18.4,-18.4,0.0,126.0,126.0,0.0
2026,TeamRankings,North Carolina,2026-07-16,2026-07-17,2.1,2.1,0.0,59.0,59.0,0.0
2026,TeamRankings,North Dakota State,2026-07-16,2026-07-17,-2.8,-2.8,0.0,80.0,80.0,0.0
2026,TeamRankings,North Texas,2026-07-16,2026-07-17,-8.7,-8.7,0.0,95.0,95.0,0.0
2026,TeamRankings,Northern Illinois,2026-07-16,2026-07-17,-20.6,-20.6,0.0,131.0,131.0,0.0
2026,TeamRankings,Northwestern,2026-07-16,2026-07-17,4.8,4.8,0.0,51.0,51.0,0.0
2026,TeamRankings,Notre Dame,2026-07-16,2026-07-17,29.1,29.1,0.0,3.0,3.0,0.0
2026,TeamRankings,Ohio,2026-07-16,2026-07-17,-10.9,-10.9,0.0,105.0,105.0,0.0
2026,TeamRankings,Ohio State,2026-07-16,2026-07-17,32.3,32.3,0.0,1.0,1.0,0.0
2026,TeamRankings,Oklahoma,2026-07-16,2026-07-17,22.0,22.0,0.0,12.0,12.0,0.0
2026,TeamRankings,Oklahoma State,2026-07-16,2026-07-17,6.7,6.7,0.0,45.0,45.0,0.0
2026,TeamRankings,Old Dominion,2026-07-16,2026-07-17,-4.6,-4.6,0.0,85.0,85.0,0.0
2026,TeamRankings,Ole Miss,2026-07-16,2026-07-17,22.3,22.3,0.0,10.0,10.0,0.0
2026,TeamRankings,Oregon,2026-07-16,2026-07-17,29.5,29.5,0.0,2.0,2.0,0.0
2026,TeamRankings,Oregon State,2026-07-16,2026-07-17,-10.0,-10.0,0.0,98.0,98.0,0.0
2026,TeamRankings,Penn State,2026-07-16,2026-07-17,16.4,16.4,0.0,19.0,19.0,0.0
2026,TeamRankings,Pittsburgh,2026-07-16,2026-07-17,10.0,10.0,0.0,31.0,31.0,0.0
2026,TeamRankings,Purdue,2026-07-16,2026-07-17,-2.1,-2.1,0.0,78.0,78.0,0.0
2026,TeamRankings,Rice,2026-07-16,2026-07-17,-15.2,-15.2,0.0,119.0,119.0,0.0
2026,TeamRankings,Rutgers,2026-07-16,2026-07-17,0.8,0.8,0.0,64.0,64.0,0.0
2026,TeamRankings,SMU,2026-07-16,2026-07-17,14.4,14.4,0.0,22.0,22.0,0.0
2026,TeamRankings,Sacramento State,2026-07-16,2026-07-17,-19.2,-19.2,0.0,128.0,128.0,0.0
2026,TeamRankings,Sam Houston,2026-07-16,2026-07-17,-24.1,-24.1,0.0,137.0,137.0,0.0
2026,TeamRankings,San Diego State,2026-07-16,2026-07-17,1.1,1.1,0.0,62.0,62.0,0.0
2026,TeamRankings,San Jose State,2026-07-16,2026-07-17,-14.9,-14.9,0.0,117.0,117.0,0.0
2026,TeamRankings,South Alabama,2026-07-16,2026-07-17,-10.8,-10.8,0.0,104.0,104.0,0.0
2026,TeamRankings,South Carolina,2026-07-16,2026-07-17,12.2,12.2,0.0,27.0,27.0,0.0
2026,TeamRankings,South Florida,2026-07-16,2026-07-17,-2.4,-2.4,0.0,79.0,79.0,0.0
2026,TeamRankings,Southern Miss,2026-07-16,2026-07-17,-17.7,-17.7,0.0,122.0,122.0,0.0
2026,TeamRankings,Stanford,2026-07-16,2026-07-17,-3.0,-3.0,0.0,82.0,82.0,0.0
2026,TeamRankings,Syracuse,2026-07-16,2026-07-17,-0.2,-0.2,0.0,67.0,67.0,0.0
2026,TeamRankings,TCU,2026-07-16,2026-07-17,8.4,8.4,0.0,38.0,38.0,0.0
2026,TeamRankings,Temple,2026-07-16,2026-07-17,-10.9,-10.9,0.0,106.0,106.0,0.0
2026,TeamRankings,Tennessee,2026-07-16,2026-07-17,16.8,16.8,0.0,17.0,17.0,0.0
2026,TeamRankings,Texas,2026-07-16,2026-07-17,28.4,28.4,0.0,6.0,6.0,0.0
2026,TeamRankings,Texas A&M,2026-07-16,2026-07-17,22.7,22.7,0.0,9.0,9.0,0.0
2026,TeamRankings,Texas State,2026-07-16,2026-07-17,-2.0,-2.0,0.0,76.0,76.0,0.0
2026,TeamRankings,Texas Tech,2026-07-16,2026-07-17,23.8,23.8,0.0,8.0,8.0,0.0
2026,TeamRankings,Toledo,2026-07-16,2026-07-17,-8.6,-8.6,0.0,93.0,93.0,0.0
2026,TeamRankings,Troy,2026-07-16,2026-07-17,-7.7,-7.7,0.0,89.0,89.0,0.0
2026,TeamRankings,Tulane,2026-07-16,2026-07-17,-2.8,-2.8,0.0,81.0,81.0,0.0
2026,TeamRankings,Tulsa,2026-07-16,2026-07-17,-10.3,-10.3,0.0,100.0,100.0,0.0
2026,TeamRankings,UAB,2026-07-16,2026-07-17,-18.2,-18.2,0.0,125.0,125.0,0.0
2026,TeamRankings,UCLA,2026-07-16,2026-07-17,8.2,8.2,0.0,40.0,40.0,0.0
2026,TeamRankings,UL-Monroe,2026-07-16,2026-07-17,-19.8,-19.8,0.0,130.0,130.0,0.0
2026,TeamRankings,UNLV,2026-07-16,2026-07-17,-0.8,-0.8,0.0,69.0,69.0,0.0
2026,TeamRankings,USC,2026-07-16,2026-07-17,20.9,20.9,0.0,14.0,14.0,0.0
2026,TeamRankings,UTEP,2026-07-16,2026-07-17,-21.0,-21.0,0.0,133.0,133.0,0.0
2026,TeamRankings,UTSA,2026-07-16,2026-07-17,-1.5,-1.5,0.0,72.0,72.0,0.0
2026,TeamRankings,Utah,2026-07-16,2026-07-17,12.8,12.8,0.0,26.0,26.0,0.0
2026,TeamRankings,Utah State,2026-07-16,2026-07-17,-3.8,-3.8,0.0,84.0,84.0,0.0
2026,TeamRankings,Vanderbilt,2026-07-16,2026-07-17,9.8,9.8,0.0,32.0,32.0,0.0
2026,TeamRankings,Virginia,2026-07-16,2026-07-17,9.0,9.0,0.0,34.0,34.0,0.0
2026,TeamRankings,Virginia Tech,2026-07-16,2026-07-17,8.2,8.2,0.0,41.0,41.0,0.0
2026,TeamRankings,Wake Forest,2026-07-16,2026-07-17,2.4,2.4,0.0,58.0,58.0,0.0
2026,TeamRankings,Washington,2026-07-16,2026-07-17,16.4,16.4,0.0,18.0,18.0,0.0
2026,TeamRankings,Washington State,2026-07-16,2026-07-17,-1.6,-1.6,0.0,75.0,75.0,0.0
2026,TeamRankings,West Virginia,2026-07-16,2026-07-17,4.5,4.5,0.0,54.0,54.0,0.0
2026,TeamRankings,Western Kentucky,2026-07-16,2026-07-17,-8.4,-8.4,0.0,91.0,91.0,0.0
2026,TeamRankings,Western Michigan,2026-07-16,2026-07-17,-8.3,-8.3,0.0,90.0,90.0,0.0
2026,TeamRankings,Wisconsin,2026-07-16,2026-07-17,8.4,8.4,0.0,39.0,39.0,0.0
2026,TeamRankings,Wyoming,2026-07-16,2026-07-17,-13.3,-13.3,0.0,113.0,113.0,0.0
