conference,team,conference_title_pct,make_title_game_pct,avg_conference_wins,avg_total_wins
ACC,Miami-FL,0.7343,0.9292,8.3039,9.5487
ACC,SMU,0.1064,0.4114,6.8885,7.9396
ACC,Louisville,0.0912,0.3524,6.5912,7.4551
ACC,Clemson,0.0346,0.1044,5.5193,7.2417
ACC,Virginia Tech,0.008,0.0328,4.8086,6.3532
ACC,Pittsburgh,0.0054,0.0305,4.8679,6.5392
ACC,Florida State,0.0026,0.0151,3.8052,5.2045
ACC,Duke,0.0006,0.0049,3.966,5.0445
ACC,NC State,0.0047,0.0401,5.0691,6.3105
ACC,Georgia Tech,0.0009,0.0061,3.9912,4.9195
ACC,Virginia,0.0106,0.0631,5.359,7.053
ACC,California,0.0002,0.0049,3.6581,4.671
ACC,Wake Forest,0.0002,0.0034,3.2561,4.8813
ACC,North Carolina,0.0002,0.0008,2.7007,3.9502
ACC,Syracuse,0.0001,0.0007,2.3642,3.1684
ACC,Stanford,0.0,0.0002,1.4371,2.0533
ACC,Boston College,0.0,0.0,1.4139,2.0495
American,Navy,0.3925,0.631,6.4494,7.7084
American,UTSA,0.0859,0.195,5.2122,6.4927
American,Memphis,0.1156,0.2387,5.1566,6.4731
American,East Carolina,0.1226,0.2708,5.7267,7.1279
American,Army,0.0527,0.1259,4.756,6.3956
American,South Florida,0.0842,0.1914,4.967,7.6796
American,Tulane,0.1316,0.2904,5.5307,7.6363
American,Tulsa,0.0032,0.0109,3.4011,4.4257
American,Florida Atlantic,0.0025,0.0099,2.9504,4.529
American,Temple,0.003,0.0105,3.6034,4.647
American,North Texas,0.0062,0.025,4.1932,4.6851
American,Rice,0.0,0.0004,1.8133,2.2072
American,UAB,0.0,0.0001,1.6717,2.6099
American,Charlotte,0.0,0.0,0.5683,0.7938
B12,Texas Tech,0.7329,0.9556,8.3879,10.3711
B12,BYU,0.1548,0.5054,6.9905,8.1233
B12,Utah,0.0595,0.2604,6.1844,7.9499
B12,Kansas State,0.0184,0.09,5.7067,7.5309
B12,Arizona,0.012,0.0524,4.7564,6.5523
B12,TCU,0.0074,0.0403,4.4309,6.0513
B12,Oklahoma State,0.0021,0.0149,4.3492,5.2977
B12,Houston,0.0068,0.0386,4.9265,6.7774
B12,Arizona State,0.0031,0.0166,4.2408,5.1955
B12,Baylor,0.0017,0.0094,3.8514,5.0244
B12,Cincinnati,0.0002,0.0025,2.8697,4.4785
B12,Kansas,0.0007,0.0055,3.243,4.4623
B12,Iowa State,0.0,0.0014,2.696,3.7219
B12,Central Florida,0.0001,0.0049,3.5396,4.7752
B12,West Virginia,0.0,0.001,3.1877,4.4068
B12,Colorado,0.0003,0.0011,2.6393,3.2798
B1G,Ohio State,0.4947,0.7641,7.947,10.5067
B1G,Oregon,0.2903,0.6031,7.7024,9.6262
B1G,Indiana,0.1764,0.4267,7.5087,9.4985
B1G,Penn State,0.0148,0.0892,6.6301,9.5708
B1G,USC,0.0111,0.0454,5.4206,8.3704
B1G,Michigan,0.0095,0.0426,5.5679,8.1041
B1G,Iowa,0.0016,0.0115,5.2703,7.1741
B1G,Washington,0.0014,0.0129,4.877,6.7962
B1G,Illinois,0.0,0.0024,4.4001,6.0982
B1G,Minnesota,0.0,0.0003,3.0588,4.6282
B1G,UCLA,0.0,0.0004,3.6411,5.7666
B1G,Nebraska,0.0,0.0,3.3592,5.2988
B1G,Maryland,0.0,0.0002,3.129,4.3538
B1G,Wisconsin,0.0002,0.0011,4.1235,5.1196
B1G,Michigan State,0.0,0.0,2.1434,3.9029
B1G,Rutgers,0.0,0.0,2.1343,3.7111
B1G,Northwestern,0.0,0.0001,2.5174,4.1652
B1G,Purdue,0.0,0.0,1.5692,1.9358
CUSA,Western Kentucky,0.3842,0.6468,6.0477,6.7584
CUSA,Liberty,0.285,0.5276,5.7658,7.3396
CUSA,Jacksonville State,0.1416,0.3149,5.3358,6.6652
CUSA,Kennesaw State,0.0928,0.2329,4.8278,6.0508
CUSA,Delaware,0.0696,0.176,4.456,5.2118
CUSA,Florida International,0.0147,0.0539,3.9936,4.912
CUSA,New Mexico State,0.0074,0.0282,3.0789,3.3211
CUSA,Missouri State,0.0042,0.0167,2.8845,3.2027
CUSA,Middle Tennessee,0.0004,0.0024,1.961,2.4307
CUSA,Sam Houston,0.0001,0.0006,1.6489,1.8705
MAC,Miami-OH,0.3044,0.5456,6.0833,7.0698
MAC,Western Michigan,0.272,0.4864,5.7878,6.6627
MAC,Toledo,0.2376,0.4612,5.9608,7.1091
MAC,Buffalo,0.0287,0.0858,4.4173,4.8788
MAC,Central Michigan,0.0335,0.0862,4.2543,4.9512
MAC,Ohio,0.0968,0.2354,5.2154,6.2238
MAC,Bowling Green,0.0086,0.0263,3.8582,4.0905
MAC,Eastern Michigan,0.0093,0.0345,3.8829,4.5391
MAC,Akron,0.0022,0.0066,2.7449,2.8405
MAC,Kent State,0.0009,0.0041,2.5055,2.5496
MAC,Sacramento State,0.0058,0.026,3.7068,4.0011
MAC,Ball State,0.0002,0.0019,2.2617,2.3363
MAC,Massachusetts,0.0,0.0,1.3211,1.4024
MW,UNLV,0.4511,0.6938,6.3168,9.2332
MW,North Dakota State,0.0887,0.2246,5.0391,7.4302
MW,New Mexico,0.1998,0.4292,5.534,7.2771
MW,Air Force,0.0984,0.2533,5.2824,6.8172
MW,Hawaii,0.1544,0.3669,5.5293,7.8592
MW,Wyoming,0.0052,0.0203,3.1865,4.5952
MW,Nevada,0.0013,0.0064,2.6704,3.6526
MW,San Jose State,0.001,0.0047,2.6834,3.4951
MW,Northern Illinois,0.0001,0.0006,1.8882,2.428
MW,UTEP,0.0,0.0002,1.8699,2.0756
PAC12,Boise State,0.6399,0.8775,6.5793,8.261
PAC12,San Diego State,0.1619,0.4472,4.9911,6.6347
PAC12,Fresno State,0.1012,0.285,4.5895,7.3458
PAC12,Washington State,0.0489,0.1664,4.1175,4.4432
PAC12,Texas State,0.0353,0.1441,4.0601,5.3622
PAC12,Oregon State,0.004,0.031,2.797,3.6671
PAC12,Utah State,0.0082,0.0427,2.982,3.6924
PAC12,Colorado State,0.0006,0.0061,1.8835,2.7206
SEC,Georgia,0.3781,0.6466,7.5471,9.5147
SEC,Texas,0.3452,0.593,7.2282,9.6569
SEC,LSU,0.0938,0.2471,6.2701,8.1308
SEC,Texas A&M,0.0525,0.1325,5.6585,7.5857
SEC,Alabama,0.0705,0.1812,6.0912,7.9768
SEC,Oklahoma,0.0251,0.075,5.39,7.8092
SEC,Tennessee,0.0131,0.0439,4.9579,6.742
SEC,Ole Miss,0.0148,0.0457,4.9478,6.6763
SEC,Missouri,0.0019,0.0119,4.1995,5.9421
SEC,Florida,0.0035,0.0138,4.3811,6.0457
SEC,South Carolina,0.0005,0.0038,3.7243,5.1102
SEC,Auburn,0.001,0.004,3.7192,5.4643
SEC,Vanderbilt,0.0,0.0014,3.154,4.8222
SEC,Kentucky,0.0,0.0,1.6868,3.0525
SEC,Mississippi State,0.0,0.0001,1.5865,2.9848
SEC,Arkansas,0.0,0.0,1.4578,2.5734
Sun Belt,James Madison,0.4342,0.6279,6.2382,7.3366
Sun Belt,Louisiana,0.075,0.2086,5.2341,6.9585
Sun Belt,Troy,0.0756,0.1741,4.8174,6.1412
Sun Belt,Old Dominion,0.192,0.3741,5.5224,6.7216
Sun Belt,Arkansas State,0.0525,0.1505,4.9473,5.8066
Sun Belt,Louisiana Tech,0.0505,0.1459,4.5711,5.0277
Sun Belt,Marshall,0.056,0.1442,4.7753,6.3868
Sun Belt,Georgia Southern,0.0325,0.0759,4.1375,4.6269
Sun Belt,South Alabama,0.0139,0.0434,3.8746,4.6043
Sun Belt,Appalachian State,0.0132,0.0376,3.8939,5.0076
Sun Belt,Coastal Carolina,0.0037,0.012,2.9871,3.7233
Sun Belt,UL-Monroe,0.0001,0.0003,1.2608,1.676
Sun Belt,Southern Miss,0.0008,0.0052,2.4683,2.9733
Sun Belt,Georgia State,0.0,0.0003,1.272,1.9094
