season,team,conference,total_ppa,total_passing_ppa,total_receiving_ppa,total_rushing_ppa,percent_ppa,percent_passing_ppa,percent_receiving_ppa,percent_rushing_ppa,usage,passing_usage,receiving_usage,rushing_usage,year
2023,Air Force,Mountain West,121.7,12.9,11.3,97.5,0.358,0.295,0.148,0.444,0.267,0.032,0.339,0.292,2023
2023,Akron,Mid-American,261.0,118.0,124.3,18.7,0.723,0.952,0.586,0.739,0.758,0.996,0.568,0.625,2023
2023,Alabama,SEC,233.1,23.9,158.8,50.3,0.396,0.133,0.519,0.492,0.388,0.147,0.494,0.54,2023
2023,App State,Sun Belt,208.3,11.6,134.2,62.6,0.474,0.089,0.721,0.508,0.392,0.028,0.723,0.468,2023
2023,Arizona,Pac-12,472.7,174.5,222.4,75.8,0.846,0.995,0.72,1.013,0.924,0.996,0.752,0.99,2023
2023,Arizona State,Pac-12,252.0,96.2,150.9,4.8,0.612,0.753,0.685,0.075,0.411,0.482,0.656,0.103,2023
2023,Arkansas,SEC,273.0,132.3,55.1,85.6,0.581,0.904,0.233,0.983,0.777,0.914,0.267,0.928,2023
2023,Arkansas State,Sun Belt,52.0,4.0,54.4,-6.5,0.179,0.045,0.269,5.909,0.221,0.028,0.351,0.361,2023
2023,Army,FBS Independents,122.5,-0.6,52.1,71.0,0.5,-0.019,0.826,0.472,0.485,0.028,0.71,0.543,2023
2023,Auburn,SEC,231.3,32.8,113.9,84.5,0.787,0.794,0.735,0.86,0.657,0.833,0.553,0.573,2023
2023,Ball State,Mid-American,65.9,0.0,60.1,5.8,0.262,0.0,0.461,0.132,0.145,0.0,0.313,0.148,2023
2023,Baylor,Big 12,255.6,89.3,111.1,55.2,0.645,0.755,0.615,0.565,0.691,0.937,0.561,0.578,2023
2023,Boise State,Mountain West,395.3,117.7,156.7,120.9,0.921,0.93,0.849,1.026,0.853,0.743,0.875,0.921,2023
2023,Boston College,ACC,121.9,54.1,88.9,-21.1,0.372,0.511,0.369,1.128,0.526,0.458,0.467,0.669,2023
2023,Bowling Green,Mid-American,100.6,10.1,88.3,2.2,0.299,0.087,0.442,0.104,0.465,0.137,0.491,0.869,2023
2023,Buffalo,Mid-American,196.2,104.8,59.0,32.5,0.575,0.876,0.317,0.915,0.791,0.99,0.307,0.926,2023
2023,BYU,FBS Independents,139.1,12.9,126.7,-0.4,0.294,0.084,0.551,-0.004,0.224,0.017,0.505,0.21,2023
2023,California,Pac-12,178.4,0.0,156.6,21.8,0.443,0.0,0.654,0.58,0.34,0.0,0.593,0.616,2023
2023,Central Michigan,Mid-American,104.3,-4.6,36.6,72.3,0.358,-0.073,0.236,0.997,0.323,0.163,0.302,0.516,2023
2023,Charlotte,Conference USA,59.0,4.1,37.4,17.5,0.144,0.035,0.155,0.33,0.222,0.041,0.186,0.503,2023
2023,Cincinnati,American Athletic,27.6,-3.0,7.8,22.8,0.067,-0.024,0.033,0.429,0.261,0.178,0.048,0.537,2023
2023,Clemson,ACC,238.4,31.4,124.0,83.1,0.551,0.296,0.577,0.741,0.505,0.219,0.621,0.704,2023
2023,Coastal Carolina,Sun Belt,416.2,152.7,196.7,66.8,0.915,0.982,0.819,1.128,0.893,0.971,0.843,0.861,2023
2023,Colorado,Pac-12,16.6,0.0,7.8,8.8,0.077,0.0,0.053,0.272,0.13,0.0,0.066,0.301,2023
2023,Colorado State,Mountain West,159.2,28.8,114.1,16.2,0.92,1.0,0.756,-2.348,0.825,1.0,0.69,0.722,2023
2023,Duke,ACC,428.1,113.9,184.1,130.1,0.989,1.0,0.972,1.005,0.991,1.0,0.987,0.986,2023
2023,East Carolina,American Athletic,46.9,2.9,59.4,-15.5,0.088,0.016,0.202,-0.255,0.209,0.03,0.308,0.345,2023
2023,Eastern Michigan,Mid-American,225.2,37.9,82.7,104.7,0.503,0.281,0.409,0.946,0.536,0.3,0.341,0.879,2023
2023,Florida,SEC,155.7,10.0,100.9,44.8,0.367,0.087,0.513,0.401,0.438,0.074,0.574,0.659,2023
2023,Florida Atlantic,Conference USA,162.8,21.5,102.3,39.0,0.446,0.169,0.524,0.913,0.442,0.024,0.624,0.681,2023
2023,Florida International,Conference USA,186.9,87.5,71.0,28.4,0.68,0.889,0.478,0.993,0.78,0.948,0.625,0.722,2023
2023,Florida State,ACC,411.4,153.5,135.7,122.2,0.785,0.96,0.624,0.832,0.792,0.99,0.577,0.78,2023
2023,Fresno State,Mountain West,81.0,27.3,37.2,16.6,0.171,0.179,0.149,0.23,0.261,0.259,0.203,0.313,2023
2023,Georgia,SEC,300.2,44.4,180.3,75.5,0.43,0.178,0.59,0.532,0.446,0.084,0.647,0.622,2023
2023,Georgia Southern,Sun Belt,250.3,1.4,209.6,39.3,0.454,0.007,0.709,0.617,0.375,0.007,0.672,0.617,2023
2023,Georgia State,Sun Belt,273.8,105.5,99.9,68.5,0.688,1.0,0.489,0.782,0.669,1.0,0.6,0.493,2023
2023,Georgia Tech,ACC,69.9,15.4,36.8,17.7,0.366,0.86,0.27,0.473,0.382,0.439,0.324,0.36,2023
2023,Hawai'i,Mountain West,172.4,48.1,80.5,43.7,0.609,0.92,0.511,0.595,0.665,0.995,0.41,0.487,2023
2023,Houston,American Athletic,154.2,1.2,127.3,25.6,0.234,0.005,0.372,0.333,0.269,0.008,0.424,0.471,2023
2023,Illinois,Big Ten,93.7,-0.7,98.5,-4.1,0.321,-0.007,0.612,-0.119,0.268,0.005,0.686,0.197,2023
2023,Indiana,Big Ten,75.2,-15.1,61.6,28.8,0.358,-0.362,0.513,0.6,0.345,0.107,0.499,0.504,2023
2023,Iowa,Big Ten,64.2,-1.7,80.1,-14.2,0.409,-0.068,0.524,0.673,0.426,0.065,0.481,0.759,2023
2023,Iowa State,Big 12,224.7,106.0,123.7,-5.0,0.638,0.911,0.523,7.143,0.687,0.987,0.464,0.495,2023
2023,James Madison,Sun Belt,47.7,-3.7,77.4,-25.9,0.101,-0.026,0.242,-1.904,0.244,0.118,0.264,0.311,2023
2023,Kansas,Big 12,565.6,209.4,266.3,89.9,1.003,1.027,0.982,1.015,0.937,0.984,0.976,0.868,2023
2023,Kansas State,Big 12,216.0,89.9,91.7,34.4,0.49,0.763,0.447,0.293,0.369,0.517,0.396,0.239,2023
2023,Kent State,Mid-American,24.9,12.5,7.8,4.6,0.074,0.126,0.055,0.047,0.117,0.159,0.115,0.089,2023
2023,Kentucky,SEC,150.0,-15.3,178.6,-13.3,0.481,-0.182,0.854,-0.7,0.417,0.201,0.858,0.318,2023
2023,Liberty,FBS Independents,189.7,104.5,75.1,10.2,0.448,0.98,0.302,0.151,0.544,0.967,0.229,0.31,2023
2023,Louisiana,Sun Belt,231.7,81.7,105.6,44.4,0.647,0.804,0.484,1.168,0.744,0.987,0.453,0.694,2023
2023,Louisiana Tech,Conference USA,158.9,11.2,116.7,31.0,0.365,0.087,0.437,0.787,0.426,0.066,0.552,0.791,2023
2023,Louisville,ACC,84.2,13.0,49.6,21.5,0.231,0.164,0.247,0.257,0.395,0.379,0.272,0.476,2023
2023,LSU,SEC,519.9,163.4,206.6,149.9,0.845,0.983,0.694,0.993,0.888,0.987,0.681,0.95,2023
2023,Marshall,Sun Belt,113.2,7.6,64.9,40.8,0.468,0.287,0.465,0.535,0.481,0.598,0.494,0.393,2023
2023,Maryland,Big Ten,371.7,137.1,158.8,75.7,0.784,1.011,0.591,1.086,0.88,0.977,0.604,0.978,2023
2023,Massachusetts,FBS Independents,56.8,-4.9,36.1,25.6,0.531,-1.96,0.471,0.905,0.678,0.858,0.518,0.629,2023
2023,Memphis,American Athletic,242.3,125.3,72.3,44.8,0.511,0.9,0.272,0.649,0.692,0.971,0.256,0.726,2023
2023,Miami,ACC,247.0,67.4,148.6,31.1,0.662,0.779,0.617,0.675,0.637,0.72,0.597,0.574,2023
2023,Miami (OH),Mid-American,151.3,46.5,55.4,49.5,0.675,0.863,0.447,1.081,0.784,0.99,0.493,0.787,2023
2023,Michigan,Big Ten,409.3,131.4,110.9,167.0,0.777,0.936,0.519,0.963,0.825,0.898,0.498,0.955,2023
2023,Michigan State,Big Ten,70.3,15.8,65.7,-11.2,0.21,0.152,0.313,-0.536,0.254,0.052,0.311,0.453,2023
2023,Middle Tennessee,Conference USA,130.6,3.4,113.8,13.4,0.337,0.029,0.463,0.609,0.313,0.099,0.32,0.589,2023
2023,Minnesota,Big Ten,170.6,36.2,114.2,20.3,0.409,0.336,0.623,0.161,0.344,0.426,0.677,0.182,2023
2023,Mississippi State,SEC,271.7,133.7,115.5,22.4,0.584,0.96,0.4,0.605,0.715,0.966,0.424,0.63,2023
2023,Missouri,SEC,240.3,112.9,73.8,53.6,0.651,0.984,0.368,1.002,0.83,0.983,0.493,0.92,2023
2023,Navy,American Athletic,100.8,20.6,37.7,42.4,0.611,0.68,0.568,0.624,0.751,0.884,0.341,0.779,2023
2023,NC State,ACC,123.6,31.4,92.0,0.2,0.385,0.268,0.493,0.011,0.449,0.189,0.511,0.705,2023
2023,Nebraska,Big Ten,49.8,-7.1,48.4,8.5,0.14,-0.063,0.249,0.179,0.403,0.142,0.293,0.729,2023
2023,Nevada,Mountain West,38.1,-1.0,46.7,-7.7,0.225,-0.03,0.501,-0.185,0.333,0.425,0.457,0.129,2023
2023,New Mexico,Mountain West,18.9,-18.8,28.4,9.3,0.44,0.396,0.425,0.394,0.312,0.198,0.537,0.318,2023
2023,New Mexico State,FBS Independents,300.2,93.9,146.5,59.8,0.843,0.958,0.746,0.969,0.946,0.993,0.802,0.972,2023
2023,North Carolina,ACC,478.5,212.7,184.6,81.3,0.754,0.959,0.576,0.879,0.819,0.982,0.611,0.83,2023
2023,Northern Illinois,Mid-American,213.3,111.5,62.6,39.1,0.622,0.976,0.416,0.501,0.555,0.997,0.263,0.418,2023
2023,North Texas,Conference USA,226.1,-0.3,146.1,80.3,0.416,-0.002,0.559,0.819,0.535,0.021,0.624,0.914,2023
2023,Northwestern,Big Ten,160.2,68.5,85.4,6.4,0.657,0.958,0.485,-1.882,0.599,0.974,0.324,0.413,2023
2023,Notre Dame,FBS Independents,127.7,10.7,86.2,30.8,0.345,0.118,0.419,0.418,0.324,0.011,0.344,0.535,2023
2023,Ohio,Mid-American,491.8,189.0,238.4,64.4,0.921,1.0,0.85,0.998,0.935,1.0,0.86,0.924,2023
2023,Ohio State,Big Ten,397.3,44.8,236.3,116.3,0.644,0.201,0.868,0.957,0.636,0.074,0.937,0.912,2023
2023,Oklahoma,Big 12,201.7,88.8,82.2,30.6,0.527,0.895,0.42,0.348,0.675,0.974,0.414,0.592,2023
2023,Oklahoma State,Big 12,103.5,24.9,82.5,-3.9,0.3,0.251,0.411,-0.088,0.335,0.293,0.374,0.349,2023
2023,Old Dominion,Sun Belt,63.2,5.8,79.9,-22.5,0.211,0.066,0.387,-4.5,0.223,0.002,0.507,0.287,2023
2023,Ole Miss,SEC,305.2,106.1,83.9,115.2,0.618,0.956,0.37,0.738,0.728,0.93,0.458,0.723,2023
2023,Oregon,Pac-12,442.0,147.6,175.8,118.6,0.807,0.932,0.706,0.844,0.844,0.986,0.642,0.848,2023
2023,Oregon State,Pac-12,244.5,60.3,106.5,77.6,0.527,0.465,0.508,0.624,0.624,0.615,0.463,0.708,2023
2023,Penn State,Big Ten,186.0,16.2,103.7,66.1,0.428,0.118,0.465,0.884,0.489,0.152,0.499,0.807,2023
2023,Pittsburgh,ACC,130.3,25.3,84.7,20.4,0.319,0.244,0.409,0.209,0.292,0.048,0.53,0.352,2023
2023,Purdue,Big Ten,154.6,4.4,121.5,28.8,0.344,0.03,0.441,1.0,0.363,0.003,0.5,0.725,2023
2023,Rice,Conference USA,162.5,22.1,100.6,39.9,0.425,0.195,0.497,0.605,0.464,0.312,0.546,0.553,2023
2023,Rutgers,Big Ten,81.3,26.3,52.0,3.0,0.439,0.765,0.359,0.5,0.765,0.853,0.408,0.888,2023
2023,San Diego State,Mountain West,235.7,102.9,94.1,38.8,0.78,1.07,0.509,1.865,0.611,0.755,0.463,0.574,2023
2023,San José State,Mountain West,275.4,109.1,125.0,41.3,0.685,1.001,0.484,1.183,0.841,0.993,0.55,0.878,2023
2023,SMU,American Athletic,253.0,51.6,140.7,60.7,0.417,0.253,0.431,0.806,0.413,0.148,0.467,0.665,2023
2023,South Alabama,Sun Belt,405.1,163.5,178.3,63.3,0.856,0.985,0.727,1.019,0.856,0.998,0.716,0.816,2023
2023,South Carolina,SEC,278.0,128.8,118.1,31.1,0.636,0.935,0.502,0.49,0.644,0.995,0.501,0.365,2023
2023,Southern Miss,Sun Belt,213.8,42.7,127.5,43.5,0.579,0.402,0.544,1.548,0.633,0.597,0.545,0.725,2023
2023,South Florida,American Athletic,163.1,52.1,49.5,61.5,0.463,0.699,0.321,0.497,0.446,0.643,0.248,0.401,2023
2023,Stanford,Pac-12,144.1,12.1,94.2,37.9,0.392,0.133,0.395,0.984,0.382,0.038,0.481,0.787,2023
2023,Syracuse,ACC,283.7,78.7,149.2,55.8,0.767,0.938,0.747,0.649,0.706,0.995,0.6,0.474,2023
2023,TCU,Big 12,80.4,14.7,67.5,-1.8,0.144,0.084,0.259,-0.015,0.125,0.061,0.236,0.099,2023
2023,Temple,American Athletic,277.4,153.4,137.9,-13.8,0.758,1.0,0.601,0.831,0.819,1.0,0.564,0.855,2023
2023,Tennessee,SEC,271.4,58.2,128.5,84.7,0.422,0.271,0.456,0.578,0.508,0.203,0.501,0.793,2023
2023,Texas,Big 12,266.7,96.2,159.3,11.1,0.61,0.71,0.858,0.096,0.561,0.722,0.822,0.19,2023
2023,Texas A&M,SEC,196.3,44.6,140.8,10.9,0.648,0.559,0.794,0.239,0.516,0.536,0.698,0.326,2023
2023,Texas State,Sun Belt,115.8,2.3,80.5,33.0,0.469,0.028,0.604,1.068,0.447,0.004,0.551,0.915,2023
2023,Texas Tech,Big 12,337.1,38.4,220.7,78.0,0.764,0.521,0.897,0.646,0.65,0.592,0.838,0.568,2023
2023,Toledo,Mid-American,351.3,136.0,138.0,77.2,0.789,1.0,0.605,0.951,0.91,1.0,0.641,0.996,2023
2023,Troy,Sun Belt,234.3,92.5,115.3,26.5,0.561,0.765,0.44,0.766,0.674,0.843,0.545,0.586,2023
2023,Tulane,American Athletic,311.3,138.8,111.2,61.3,0.574,0.917,0.442,0.44,0.625,0.993,0.383,0.472,2023
2023,Tulsa,American Athletic,107.9,30.3,47.4,30.3,0.262,0.231,0.227,0.423,0.351,0.391,0.259,0.391,2023
2023,UAB,Conference USA,178.0,23.2,109.1,45.8,0.394,0.21,0.565,0.309,0.439,0.314,0.611,0.44,2023
2023,UCF,American Athletic,345.6,90.9,151.8,102.9,0.68,0.695,0.685,0.663,0.666,0.767,0.698,0.561,2023
2023,UCLA,Pac-12,174.8,21.6,122.3,30.9,0.281,0.129,0.468,0.161,0.277,0.1,0.412,0.339,2023
2023,UConn,FBS Independents,133.3,12.9,64.7,55.7,0.629,0.606,0.597,0.68,0.753,0.993,0.54,0.693,2023
2023,UL Monroe,Sun Belt,89.6,6.2,88.6,-5.1,0.311,0.085,0.485,-0.155,0.123,0.003,0.419,0.049,2023
2023,UNLV,Mountain West,166.0,81.4,52.4,32.2,0.624,1.059,0.408,0.529,0.621,0.925,0.458,0.426,2023
2023,USC,Pac-12,599.9,248.9,266.2,84.8,0.742,0.925,0.666,0.605,0.764,0.987,0.59,0.648,2023
2023,Utah,Pac-12,364.9,120.4,128.5,116.0,0.72,1.0,0.552,0.752,0.781,1.0,0.586,0.719,2023
2023,Utah State,Mountain West,125.7,27.5,69.0,29.3,0.467,0.559,0.366,0.927,0.451,0.614,0.369,0.36,2023
2023,UTEP,Conference USA,188.9,62.8,98.0,28.1,0.537,0.715,0.479,0.471,0.658,0.888,0.59,0.478,2023
2023,UTSA,Conference USA,487.5,201.8,186.6,99.1,0.852,1.001,0.705,0.932,0.734,0.994,0.638,0.551,2023
2023,Vanderbilt,SEC,139.7,44.5,104.9,-9.7,0.519,0.501,0.701,-0.319,0.604,0.628,0.793,0.398,2023
2023,Virginia,ACC,31.6,2.9,39.7,-11.0,0.211,0.111,0.413,-0.393,0.302,0.003,0.324,0.647,2023
2023,Virginia Tech,ACC,134.7,40.6,78.6,15.5,0.651,0.762,0.61,0.635,0.691,0.947,0.538,0.537,2023
2023,Wake Forest,ACC,235.8,16.6,221.9,-2.7,0.412,0.075,0.657,-0.186,0.363,0.095,0.588,0.462,2023
2023,Washington,Pac-12,610.9,256.9,287.6,66.4,0.887,1.004,0.925,0.544,0.851,0.995,0.857,0.625,2023
2023,Washington State,Pac-12,231.9,67.2,99.6,65.0,0.581,0.805,0.402,0.97,0.828,0.987,0.448,0.973,2023
2023,Western Kentucky,Conference USA,327.8,165.0,129.6,33.2,0.468,0.514,0.448,0.364,0.521,0.499,0.521,0.578,2023
2023,Western Michigan,Mid-American,92.9,53.5,39.1,0.3,0.57,0.901,0.393,0.075,0.605,0.994,0.488,0.335,2023
2023,West Virginia,Big 12,151.7,28.8,43.3,79.7,0.351,0.231,0.189,1.034,0.362,0.212,0.201,0.639,2023
2023,Wisconsin,Big Ten,205.8,32.4,125.9,47.5,0.572,0.309,0.678,0.684,0.498,0.046,0.638,0.762,2023
2023,Wyoming,Mountain West,172.3,22.0,87.0,63.3,0.739,0.894,0.674,0.797,0.643,0.997,0.515,0.449,2023
2024,Air Force,Mountain West,100.6,5.3,55.4,39.9,0.338,0.106,0.683,0.238,0.217,0.206,0.515,0.187,2024
2024,Akron,Mid-American,65.6,5.3,39.4,20.9,0.27,0.074,0.297,0.536,0.215,0.16,0.272,0.227,2024
2024,Alabama,SEC,303.8,140.9,70.9,92.0,0.602,1.009,0.303,0.699,0.547,0.946,0.268,0.404,2024
2024,App State,Sun Belt,503.6,201.9,238.0,63.6,0.879,0.966,0.82,0.859,0.792,0.971,0.768,0.64,2024
2024,Arizona,Pac-12,295.2,152.2,139.9,3.1,0.616,0.909,0.576,0.045,0.542,0.98,0.453,0.169,2024
2024,Arizona State,Pac-12,145.1,35.2,40.8,69.1,0.615,0.905,0.337,0.907,0.595,0.585,0.426,0.796,2024
2024,Arkansas,SEC,182.3,2.6,179.3,0.5,0.527,0.027,0.944,0.008,0.307,0.003,0.893,0.205,2024
2024,Arkansas State,Sun Belt,341.0,113.3,173.9,53.7,0.859,1.045,0.737,1.021,0.849,0.769,0.823,0.938,2024
2024,Army,FBS Independents,140.4,44.2,44.6,51.6,0.702,1.035,0.56,0.662,0.743,0.723,0.646,0.772,2024
2024,Auburn,SEC,233.5,55.2,80.8,97.6,0.712,1.047,0.494,0.872,0.845,0.921,0.607,0.903,2024
2024,Ball State,Mid-American,108.0,16.1,49.1,42.8,0.557,0.553,0.58,0.534,0.563,0.668,0.703,0.403,2024
2024,Baylor,Big 12,204.8,31.8,134.0,39.0,0.552,0.308,0.654,0.617,0.596,0.283,0.736,0.855,2024
2024,Boise State,Mountain West,249.8,78.2,103.7,67.8,0.5,0.562,0.437,0.548,0.486,0.377,0.383,0.611,2024
2024,Boston College,ACC,352.0,84.0,126.9,141.1,0.882,1.024,0.738,0.972,0.84,0.915,0.725,0.834,2024
2024,Bowling Green,Mid-American,246.8,101.3,74.7,70.8,0.66,0.969,0.43,0.741,0.721,0.972,0.319,0.782,2024
2024,Buffalo,Mid-American,38.1,5.6,13.9,18.6,0.141,0.067,0.096,0.455,0.168,0.056,0.119,0.301,2024
2024,BYU,Big 12,109.5,-12.7,98.6,23.6,0.564,-0.407,0.765,0.698,0.561,0.367,0.756,0.613,2024
2024,California,Pac-12,205.4,75.0,88.0,42.4,0.594,0.84,0.505,0.512,0.661,0.718,0.477,0.716,2024
2024,Central Michigan,Mid-American,174.4,17.6,127.1,29.7,0.518,0.174,0.833,0.357,0.519,0.025,0.801,0.702,2024
2024,Charlotte,American Athletic,134.6,10.4,108.9,15.3,0.623,0.575,0.721,0.328,0.545,0.607,0.692,0.424,2024
2024,Cincinnati,Big 12,121.2,-1.3,75.1,47.5,0.308,-0.016,0.389,0.399,0.33,0.095,0.45,0.452,2024
2024,Clemson,ACC,256.2,75.6,117.1,63.5,0.774,0.872,0.743,0.732,0.778,0.969,0.738,0.617,2024
2024,Coastal Carolina,Sun Belt,126.6,29.2,73.1,24.3,0.268,0.168,0.292,0.518,0.393,0.296,0.376,0.501,2024
2024,Colorado,Pac-12,287.1,138.8,134.5,13.9,0.665,0.994,0.502,0.567,0.621,0.992,0.414,0.232,2024
2024,Colorado State,Mountain West,306.5,163.8,151.7,-9.1,0.635,0.914,0.483,0.91,0.733,0.945,0.452,0.69,2024
2024,Duke,ACC,165.2,52.3,100.0,12.9,0.496,0.533,0.567,0.221,0.496,0.525,0.608,0.399,2024
2024,East Carolina,American Athletic,53.1,-1.7,64.5,-9.7,0.328,-0.101,0.48,-0.924,0.327,0.005,0.511,0.556,2024
2024,Eastern Michigan,Mid-American,35.4,0.0,40.0,-4.6,0.206,0.0,0.385,-0.118,0.112,0.0,0.364,0.037,2024
2024,Florida,SEC,321.2,133.5,144.1,43.6,0.723,0.906,0.64,0.605,0.718,0.909,0.638,0.571,2024
2024,Florida Atlantic,American Athletic,7.8,3.7,8.6,-4.5,0.027,0.037,0.056,-0.107,0.083,0.036,0.132,0.091,2024
2024,Florida International,Conference USA,178.6,70.2,92.3,16.0,0.599,0.93,0.456,0.777,0.804,0.894,0.492,0.934,2024
2024,Florida State,ACC,95.2,-7.4,72.7,29.9,0.211,-0.047,0.317,0.459,0.262,0.127,0.353,0.328,2024
2024,Fresno State,Mountain West,330.4,130.6,165.0,34.8,0.683,0.884,0.564,0.795,0.762,0.803,0.563,0.916,2024
2024,Georgia,SEC,438.1,232.7,148.5,57.0,0.604,0.966,0.455,0.36,0.579,0.959,0.482,0.279,2024
2024,Georgia Southern,Sun Belt,212.6,7.9,142.1,62.6,0.414,0.054,0.469,0.971,0.375,0.036,0.474,0.851,2024
2024,Georgia State,Sun Belt,125.5,6.6,104.2,14.7,0.314,0.057,0.486,0.208,0.136,0.005,0.465,0.063,2024
2024,Georgia Tech,ACC,412.8,151.5,172.7,88.6,0.849,1.0,0.789,0.767,0.852,1.0,0.758,0.789,2024
2024,Hawai'i,Mountain West,396.9,126.2,268.7,2.0,0.896,0.964,0.916,0.106,0.883,0.996,0.871,0.676,2024
2024,Houston,Big 12,231.4,105.4,88.4,37.7,0.636,0.977,0.39,1.282,0.828,0.995,0.452,0.942,2024
2024,Illinois,Big Ten,192.2,78.8,72.9,40.5,0.447,0.547,0.306,0.86,0.554,0.674,0.328,0.614,2024
2024,Indiana,Big Ten,126.1,37.0,96.0,-6.9,0.432,0.432,0.603,-0.148,0.285,0.34,0.526,0.058,2024
2024,Iowa,Big Ten,56.1,1.7,62.4,-7.9,0.545,-0.145,0.526,2.079,0.617,0.272,0.567,0.927,2024
2024,Iowa State,Big 12,385.8,158.9,218.0,9.0,0.901,0.945,0.865,1.25,0.762,0.995,0.832,0.463,2024
2024,Jacksonville State,Conference USA,132.0,16.9,78.9,36.2,0.399,0.366,0.436,0.35,0.405,0.343,0.416,0.438,2024
2024,James Madison,Sun Belt,20.2,-3.4,27.5,-3.9,0.037,-0.016,0.086,-0.241,0.056,0.032,0.094,0.052,2024
2024,Kansas,Big 12,380.3,65.5,210.7,104.1,0.641,0.314,0.84,0.78,0.69,0.367,0.846,0.82,2024
2024,Kansas State,Big 12,206.9,20.0,119.7,67.2,0.387,0.147,0.446,0.515,0.396,0.155,0.435,0.583,2024
2024,Kent State,Mid-American,126.0,29.9,82.6,13.5,0.708,0.558,0.68,5.4,0.502,0.52,0.512,0.481,2024
2024,Kentucky,SEC,135.3,9.0,116.0,10.4,0.36,0.079,0.567,0.18,0.186,0.008,0.57,0.105,2024
2024,Liberty,Conference USA,463.7,174.4,108.1,181.1,0.738,1.03,0.423,0.893,0.821,0.966,0.403,0.881,2024
2024,Louisiana,Sun Belt,189.6,51.8,118.5,19.4,0.476,0.437,0.592,0.244,0.577,0.584,0.661,0.51,2024
2024,Louisiana Tech,Conference USA,101.0,41.3,52.0,7.8,0.261,0.379,0.22,0.191,0.27,0.344,0.256,0.191,2024
2024,Louisville,ACC,76.3,9.5,59.9,6.8,0.153,0.066,0.237,0.068,0.171,0.021,0.392,0.161,2024
2024,LSU,SEC,148.1,30.4,83.4,34.3,0.203,0.121,0.261,0.214,0.302,0.199,0.406,0.317,2024
2024,Marshall,Sun Belt,88.1,19.2,68.4,0.5,0.269,0.206,0.411,0.007,0.26,0.283,0.294,0.207,2024
2024,Maryland,Big Ten,168.7,-5.4,145.1,29.0,0.37,-0.038,0.574,0.472,0.413,0.086,0.612,0.676,2024
2024,Massachusetts,FBS Independents,99.0,36.2,40.9,21.9,0.339,0.501,0.293,0.272,0.393,0.713,0.272,0.176,2024
2024,Memphis,American Athletic,496.5,203.0,244.9,48.6,0.798,0.937,0.73,0.697,0.735,0.988,0.681,0.471,2024
2024,Miami,ACC,234.9,31.0,170.1,33.7,0.474,0.183,0.69,0.418,0.413,0.175,0.657,0.46,2024
2024,Miami (OH),Mid-American,199.9,87.9,78.9,33.1,0.6,0.816,0.466,0.594,0.494,0.693,0.478,0.366,2024
2024,Michigan,Big Ten,145.6,15.7,108.6,21.3,0.26,0.083,0.408,0.204,0.321,0.077,0.471,0.411,2024
2024,Michigan State,Big Ten,75.6,1.6,85.5,-11.5,0.301,0.022,0.47,2.091,0.314,0.005,0.422,0.589,2024
2024,Middle Tennessee,Conference USA,227.1,105.7,76.7,44.7,0.555,0.945,0.313,0.87,0.795,0.98,0.398,0.912,2024
2024,Minnesota,Big Ten,143.5,3.7,95.5,44.3,0.55,0.08,0.621,0.727,0.386,0.003,0.603,0.566,2024
2024,Mississippi State,SEC,50.4,-4.6,33.7,21.4,0.191,-0.081,0.21,0.461,0.223,0.077,0.246,0.354,2024
2024,Missouri,SEC,461.9,169.2,250.8,42.0,0.875,1.0,0.935,0.462,0.659,1.0,0.888,0.228,2024
2024,Navy,American Athletic,89.7,-22.1,71.1,40.6,0.575,-7.621,0.764,0.674,0.603,0.284,0.745,0.711,2024
2024,NC State,ACC,111.0,3.6,94.1,13.2,0.34,0.041,0.539,0.204,0.221,0.01,0.455,0.255,2024
2024,Nebraska,Big Ten,147.4,29.4,81.4,36.6,0.625,0.543,0.692,0.572,0.589,0.632,0.575,0.568,2024
2024,Nevada,Mountain West,111.8,39.7,8.3,63.8,0.493,0.874,0.061,1.43,0.682,0.922,0.18,0.773,2024
2024,New Mexico,Mountain West,163.4,32.4,92.7,38.3,0.349,0.219,0.422,0.381,0.261,0.182,0.369,0.262,2024
2024,New Mexico State,Conference USA,75.4,0.0,40.3,35.0,0.137,0.0,0.148,0.278,0.099,0.0,0.202,0.129,2024
2024,North Carolina,ACC,238.3,-1.5,181.8,58.1,0.451,-0.01,0.713,0.497,0.454,0.088,0.718,0.629,2024
2024,Northern Illinois,Mid-American,200.9,20.4,104.3,76.2,0.596,0.218,0.698,0.806,0.575,0.093,0.784,0.833,2024
2024,North Texas,American Athletic,110.5,8.9,102.4,-0.8,0.195,0.062,0.344,-0.006,0.1,0.006,0.337,0.028,2024
2024,Northwestern,Big Ten,144.2,4.8,133.6,5.7,0.419,0.057,0.608,0.141,0.42,0.024,0.702,0.657,2024
2024,Notre Dame,FBS Independents,214.4,48.5,150.0,15.9,0.373,0.247,0.526,0.17,0.346,0.139,0.514,0.42,2024
2024,Ohio,Mid-American,53.4,10.4,24.9,18.1,0.13,0.073,0.114,0.344,0.095,0.066,0.074,0.132,2024
2024,Ohio State,Big Ten,120.7,4.9,79.2,36.6,0.224,0.024,0.288,0.626,0.318,0.138,0.382,0.45,2024
2024,Oklahoma,Big 12,269.4,45.2,184.9,39.4,0.394,0.171,0.591,0.373,0.37,0.176,0.519,0.432,2024
2024,Oklahoma State,Big 12,388.4,146.6,179.8,61.9,0.821,0.972,0.712,0.886,0.8,0.933,0.655,0.78,2024
2024,Old Dominion,Sun Belt,190.4,54.4,97.2,38.8,0.562,0.791,0.459,0.668,0.567,0.868,0.477,0.313,2024
2024,Ole Miss,SEC,488.2,179.9,219.2,89.1,0.816,0.896,0.74,0.879,0.642,0.927,0.644,0.402,2024
2024,Oregon,Pac-12,298.2,23.6,213.8,60.8,0.356,0.077,0.568,0.387,0.323,0.037,0.613,0.374,2024
2024,Oregon State,Pac-12,37.2,0.5,32.7,4.0,0.07,0.003,0.122,0.037,0.078,0.081,0.178,0.012,2024
2024,Penn State,Big Ten,346.3,130.0,127.1,89.2,0.737,0.968,0.541,0.885,0.856,0.993,0.509,0.938,2024
2024,Pittsburgh,ACC,171.0,39.4,113.5,18.1,0.561,0.456,0.554,1.321,0.418,0.17,0.625,0.564,2024
2024,Purdue,Big Ten,170.0,70.3,70.2,29.4,0.497,0.909,0.33,0.569,0.688,0.998,0.307,0.613,2024
2024,Rice,American Athletic,216.6,11.7,143.9,61.0,0.47,0.075,0.6,0.919,0.512,0.352,0.647,0.58,2024
2024,Rutgers,Big Ten,124.4,4.5,76.3,43.6,0.433,0.084,0.503,0.535,0.421,0.01,0.491,0.686,2024
2024,Sam Houston,Conference USA,119.5,-0.4,135.4,-15.5,0.425,-0.004,0.742,3.69,0.48,0.065,0.826,0.682,2024
2024,San Diego State,Mountain West,84.5,0.0,59.7,24.8,0.382,0.0,0.511,0.523,0.408,0.0,0.505,0.654,2024
2024,San José State,Mountain West,104.6,-0.7,109.3,-4.0,0.24,-0.006,0.479,-0.044,0.118,0.003,0.407,0.044,2024
2024,SMU,American Athletic,585.2,219.1,292.1,74.0,0.924,0.989,0.908,0.825,0.915,0.982,0.901,0.865,2024
2024,South Alabama,Sun Belt,207.3,25.5,122.8,58.9,0.374,0.153,0.491,0.428,0.343,0.139,0.545,0.385,2024
2024,South Carolina,SEC,79.8,15.4,61.2,3.2,0.191,0.099,0.258,0.134,0.138,0.027,0.256,0.16,2024
2024,Southern Miss,Sun Belt,66.8,8.5,40.8,17.5,0.223,0.161,0.235,0.24,0.283,0.123,0.363,0.385,2024
2024,South Florida,American Athletic,395.1,116.7,200.3,78.1,0.859,1.0,0.784,0.886,0.905,1.0,0.812,0.878,2024
2024,Stanford,Pac-12,252.8,51.7,163.2,37.9,0.848,1.006,0.792,0.936,0.834,0.976,0.761,0.708,2024
2024,Syracuse,ACC,91.3,14.2,71.5,5.6,0.315,0.163,0.435,0.146,0.48,0.292,0.529,0.603,2024
2024,TCU,Big 12,287.1,115.6,168.2,3.3,0.544,0.585,0.612,0.06,0.522,0.594,0.638,0.306,2024
2024,Temple,American Athletic,94.7,-1.8,101.3,-4.8,0.236,-0.016,0.385,-0.162,0.175,0.036,0.447,0.101,2024
2024,Tennessee,SEC,153.8,9.9,100.6,43.2,0.331,0.071,0.516,0.336,0.357,0.153,0.578,0.367,2024
2024,Texas,Big 12,244.9,138.1,58.7,48.1,0.466,0.814,0.226,0.503,0.561,0.882,0.211,0.516,2024
2024,Texas A&M,SEC,279.7,94.4,128.4,57.0,0.573,0.564,0.488,0.988,0.631,0.558,0.471,0.841,2024
2024,Texas State,Sun Belt,228.0,1.5,176.7,49.8,0.391,0.008,0.682,0.372,0.362,0.002,0.678,0.466,2024
2024,Texas Tech,Big 12,227.1,60.0,66.9,100.2,0.565,0.765,0.31,0.927,0.742,0.76,0.528,0.886,2024
2024,Toledo,Mid-American,249.9,31.3,206.5,12.1,0.459,0.168,0.847,0.106,0.421,0.164,0.844,0.357,2024
2024,Troy,Sun Belt,127.2,11.6,110.6,4.9,0.257,0.079,0.402,0.067,0.169,0.036,0.287,0.228,2024
2024,Tulane,American Athletic,121.0,14.6,61.0,45.3,0.304,0.112,0.304,0.684,0.481,0.229,0.421,0.727,2024
2024,Tulsa,American Athletic,252.4,103.5,106.3,42.6,0.709,0.891,0.572,0.79,0.677,0.753,0.527,0.703,2024
2024,UAB,American Athletic,334.6,148.2,122.0,64.4,0.65,0.934,0.499,0.574,0.709,0.989,0.512,0.565,2024
2024,UCF,Big 12,244.9,-0.2,151.5,93.5,0.4,-0.001,0.567,0.574,0.446,0.033,0.604,0.676,2024
2024,UCLA,Pac-12,276.0,52.1,163.5,60.4,0.617,0.51,0.646,0.656,0.472,0.368,0.626,0.484,2024
2024,UConn,FBS Independents,85.2,0.9,57.5,26.7,0.291,0.01,0.32,1.072,0.397,0.109,0.358,0.705,2024
2024,UL Monroe,Sun Belt,39.0,-7.0,9.9,36.1,0.166,-0.417,0.057,0.811,0.239,0.089,0.066,0.468,2024
2024,UNLV,Mountain West,234.0,13.0,196.7,24.3,0.433,0.071,0.762,0.241,0.305,0.008,0.755,0.254,2024
2024,USC,Pac-12,150.8,41.5,91.1,18.1,0.223,0.19,0.264,0.159,0.196,0.146,0.349,0.105,2024
2024,Utah,Pac-12,91.2,12.6,77.6,1.0,0.319,0.244,0.467,0.015,0.276,0.032,0.464,0.362,2024
2024,Utah State,Mountain West,200.0,2.2,172.7,25.1,0.466,0.02,0.721,0.324,0.312,0.008,0.594,0.445,2024
2024,UTEP,Conference USA,85.5,65.2,30.9,-10.7,0.236,0.57,0.139,-0.404,0.3,0.596,0.125,0.138,2024
2024,UTSA,American Athletic,149.4,14.2,94.0,41.2,0.327,0.094,0.401,0.572,0.531,0.233,0.512,0.828,2024
2024,Vanderbilt,SEC,47.5,0.0,57.8,-10.3,0.163,0.0,0.299,-0.332,0.238,0.0,0.349,0.455,2024
2024,Virginia,ACC,230.7,109.2,101.5,19.9,0.618,0.918,0.5,0.389,0.716,0.986,0.511,0.595,2024
2024,Virginia Tech,ACC,318.4,61.5,173.7,83.2,0.838,0.684,0.837,1.004,0.869,0.816,0.825,0.933,2024
2024,Wake Forest,ACC,92.2,18.3,68.6,5.2,0.327,0.258,0.358,0.263,0.391,0.292,0.325,0.516,2024
2024,Washington,Pac-12,18.2,2.5,14.1,1.6,0.025,0.009,0.039,0.021,0.035,0.002,0.069,0.042,2024
2024,Washington State,Pac-12,134.4,14.0,101.7,18.7,0.282,0.093,0.374,0.342,0.217,0.028,0.382,0.341,2024
2024,Western Kentucky,Conference USA,191.4,25.3,154.8,11.3,0.381,0.131,0.548,0.425,0.345,0.134,0.499,0.485,2024
2024,Western Michigan,Mid-American,202.5,45.3,106.9,50.2,0.794,0.754,0.801,0.812,0.702,0.577,0.699,0.822,2024
2024,West Virginia,Big 12,369.2,82.2,122.4,164.6,0.883,0.966,0.695,1.05,0.899,0.997,0.738,0.902,2024
2024,Wisconsin,Big Ten,179.5,7.6,148.1,23.8,0.51,0.104,0.741,0.301,0.446,0.331,0.663,0.408,2024
2024,Wyoming,Mountain West,77.1,8.4,47.8,20.8,0.257,0.108,0.302,0.323,0.448,0.14,0.404,0.69,2024
2025,Air Force,Mountain West,132.2,2.8,78.1,51.3,0.63,0.226,0.818,0.501,0.556,0.075,0.828,0.64,2025
2025,Akron,Mid-American,105.8,56.5,46.2,3.0,0.371,0.788,0.277,0.064,0.531,0.909,0.339,0.208,2025
2025,Alabama,SEC,187.5,46.4,118.8,22.3,0.433,0.394,0.571,0.208,0.395,0.098,0.647,0.482,2025
2025,App State,Sun Belt,48.8,0.0,52.9,-4.2,0.141,0.0,0.244,-0.092,0.127,0.0,0.192,0.223,2025
2025,Arizona,Big 12,199.6,87.8,98.3,13.5,0.561,1.044,0.379,1.089,0.675,0.985,0.44,0.41,2025
2025,Arizona State,Big 12,367.1,128.0,181.9,57.2,0.695,0.903,0.76,0.389,0.687,0.987,0.691,0.469,2025
2025,Arkansas,SEC,204.1,131.9,13.6,58.6,0.361,0.848,0.048,0.47,0.553,0.926,0.091,0.492,2025
2025,Arkansas State,Sun Belt,258.9,87.7,146.2,25.0,0.586,0.896,0.534,0.354,0.701,0.945,0.443,0.596,2025
2025,Army,American Athletic,92.9,5.0,29.7,58.2,0.252,0.106,0.354,0.245,0.297,0.151,0.451,0.305,2025
2025,Auburn,SEC,97.6,0.0,95.0,2.6,0.218,0.0,0.383,0.037,0.19,0.0,0.426,0.232,2025
2025,Ball State,Mid-American,27.1,-0.6,34.2,-6.5,0.077,-0.007,0.146,-0.207,0.109,0.024,0.161,0.179,2025
2025,Baylor,Big 12,428.0,144.0,199.9,84.0,0.825,0.978,0.691,1.021,0.929,0.998,0.711,0.994,2025
2025,Boise State,Mountain West,363.0,160.8,151.4,50.8,0.579,0.957,0.518,0.305,0.545,0.955,0.521,0.223,2025
2025,Boston College,ACC,257.8,44.5,173.5,39.8,0.62,0.394,0.675,0.871,0.448,0.504,0.682,0.301,2025
2025,Bowling Green,Mid-American,34.7,3.0,18.1,13.6,0.079,0.024,0.076,0.173,0.056,0.03,0.073,0.073,2025
2025,Buffalo,Mid-American,165.4,14.4,91.8,59.2,0.659,0.364,0.616,0.95,0.684,0.667,0.517,0.777,2025
2025,BYU,Big 12,345.6,85.4,170.5,89.6,0.871,0.926,0.786,1.015,0.931,0.995,0.761,0.983,2025
2025,California,ACC,84.6,-14.6,95.6,3.6,0.225,-0.129,0.434,0.084,0.236,0.166,0.381,0.189,2025
2025,Central Michigan,Mid-American,26.0,7.9,6.9,11.3,0.103,0.572,0.047,0.123,0.342,0.77,0.098,0.117,2025
2025,Charlotte,American Athletic,61.8,0.0,59.4,2.5,0.238,0.0,0.294,0.077,0.095,0.0,0.341,0.067,2025
2025,Cincinnati,Big 12,337.5,100.8,197.8,38.9,0.794,1.0,0.782,0.546,0.758,1.0,0.781,0.492,2025
2025,Clemson,ACC,374.4,120.1,181.5,72.7,0.826,1.0,0.793,0.696,0.753,1.0,0.714,0.478,2025
2025,Coastal Carolina,Sun Belt,375.9,74.8,230.7,70.3,0.969,0.84,1.0,1.025,0.933,0.842,1.0,0.978,2025
2025,Colorado,Big 12,37.0,-4.3,46.6,-5.3,0.073,-0.026,0.152,-0.143,0.198,0.01,0.236,0.488,2025
2025,Colorado State,Mountain West,194.5,98.4,82.6,13.4,0.504,0.85,0.354,0.363,0.649,0.982,0.353,0.521,2025
2025,Duke,ACC,65.9,2.2,76.0,-12.3,0.179,0.017,0.288,0.479,0.267,0.101,0.417,0.354,2025
2025,East Carolina,American Athletic,225.5,87.9,113.5,24.1,0.506,0.762,0.438,0.336,0.453,0.542,0.394,0.403,2025
2025,Eastern Michigan,Mid-American,77.6,2.8,73.6,1.2,0.249,0.04,0.352,0.036,0.124,0.024,0.271,0.131,2025
2025,Florida,SEC,199.6,66.4,66.5,66.7,0.55,0.73,0.371,0.716,0.651,0.728,0.434,0.725,2025
2025,Florida Atlantic,American Athletic,72.8,-3.9,48.0,28.6,0.208,-0.068,0.256,0.273,0.179,0.208,0.156,0.165,2025
2025,Florida International,Conference USA,142.7,96.3,23.1,23.3,0.422,1.009,0.104,1.153,0.595,0.914,0.123,0.555,2025
2025,Florida State,ACC,26.1,-6.1,34.1,-1.9,0.131,-0.884,0.207,-0.07,0.34,0.316,0.241,0.44,2025
2025,Fresno State,Mountain West,58.8,2.9,33.4,22.4,0.172,0.037,0.138,1.087,0.3,0.026,0.33,0.635,2025
2025,Georgia,SEC,194.1,25.9,143.2,25.0,0.374,0.159,0.504,0.344,0.392,0.169,0.507,0.57,2025
2025,Georgia Southern,Sun Belt,400.0,92.5,258.2,49.3,0.922,0.846,1.016,0.702,0.804,0.933,0.921,0.569,2025
2025,Georgia State,Sun Belt,273.3,65.8,188.9,18.5,0.685,0.649,0.708,0.607,0.741,0.655,0.697,0.903,2025
2025,Georgia Tech,ACC,391.9,148.5,176.3,67.1,0.811,0.997,0.696,0.827,0.828,0.838,0.714,0.887,2025
2025,Hawai'i,Mountain West,202.6,45.2,151.7,5.7,0.459,0.438,0.524,0.119,0.349,0.14,0.555,0.518,2025
2025,Houston,Big 12,149.4,4.7,114.0,30.8,1.052,1.0,1.014,1.237,0.977,1.0,0.984,0.956,2025
2025,Illinois,Big Ten,251.6,124.8,84.4,42.4,0.525,0.912,0.324,0.518,0.74,0.977,0.419,0.707,2025
2025,Indiana,Big Ten,154.3,6.3,137.6,10.4,0.251,0.031,0.446,0.099,0.148,0.008,0.354,0.146,2025
2025,Iowa,Big Ten,126.8,5.3,106.3,15.2,0.488,0.113,0.773,0.202,0.357,0.137,0.684,0.373,2025
2025,Iowa State,Big 12,292.2,125.9,96.0,70.2,0.584,0.953,0.327,0.95,0.838,0.99,0.373,0.978,2025
2025,Jacksonville State,Conference USA,436.7,115.3,203.9,117.5,0.843,1.0,0.913,0.657,0.736,1.0,0.894,0.543,2025
2025,James Madison,Sun Belt,337.2,76.1,147.5,113.5,0.784,0.963,0.627,0.984,0.908,0.998,0.614,0.989,2025
2025,Kansas,Big 12,197.2,113.1,13.2,70.9,0.41,0.952,0.063,0.466,0.512,0.997,0.036,0.385,2025
2025,Kansas State,Big 12,349.1,116.5,147.5,85.2,0.69,0.933,0.597,0.635,0.691,0.977,0.551,0.508,2025
2025,Kennesaw State,Conference USA,54.1,-5.2,46.3,13.0,0.458,0.338,0.341,-5.909,0.511,0.873,0.418,0.279,2025
2025,Kent State,Mid-American,19.5,-2.1,27.3,-5.6,0.113,-0.052,0.181,0.284,0.299,0.384,0.232,0.255,2025
2025,Kentucky,SEC,71.5,-9.6,68.8,12.3,0.27,-0.322,0.365,0.261,0.253,0.173,0.317,0.292,2025
2025,Liberty,Conference USA,347.5,71.4,156.8,119.3,0.996,1.0,1.0,0.986,0.989,1.0,1.0,0.978,2025
2025,Louisiana,Sun Belt,322.7,53.3,216.6,52.8,0.572,0.336,0.725,0.494,0.578,0.296,0.781,0.725,2025
2025,Louisiana Tech,Conference USA,159.6,62.3,116.6,-19.3,0.543,0.975,0.47,1.038,0.841,0.996,0.533,0.878,2025
2025,Louisville,ACC,256.4,16.2,161.1,79.1,0.464,0.094,0.555,0.874,0.493,0.063,0.64,0.857,2025
2025,LSU,SEC,331.2,174.0,131.2,26.0,0.66,0.951,0.469,0.672,0.711,0.976,0.45,0.625,2025
2025,Marshall,Sun Belt,382.6,84.1,194.1,104.4,1.004,1.0,1.0,1.011,0.998,1.0,1.0,0.996,2025
2025,Maryland,Big Ten,49.7,4.7,45.5,-0.5,0.128,0.05,0.177,-0.014,0.119,0.004,0.185,0.229,2025
2025,Massachusetts,FBS Independents,270.0,77.3,120.4,72.3,0.763,0.948,0.599,1.006,0.941,0.997,0.722,0.995,2025
2025,Memphis,American Athletic,66.7,2.8,46.2,17.7,0.119,0.017,0.156,0.173,0.078,0.002,0.128,0.13,2025
2025,Miami,ACC,94.6,13.6,14.9,66.1,0.125,0.059,0.041,0.401,0.189,0.053,0.118,0.426,2025
2025,Miami (OH),Mid-American,175.1,12.4,123.1,39.6,0.48,0.136,0.537,0.874,0.488,0.056,0.567,0.926,2025
2025,Michigan,Big Ten,99.1,35.9,66.2,-3.1,0.395,0.861,0.454,-0.049,0.395,0.678,0.453,0.173,2025
2025,Michigan State,Big Ten,215.0,82.5,100.0,32.5,0.687,0.974,0.509,1.009,0.712,0.997,0.548,0.402,2025
2025,Middle Tennessee,Conference USA,348.6,83.0,251.2,14.4,0.99,1.0,0.998,0.847,0.989,1.0,0.993,0.969,2025
2025,Minnesota,Big Ten,190.5,14.7,143.8,31.9,0.442,0.112,0.581,0.603,0.39,0.019,0.616,0.646,2025
2025,Mississippi State,SEC,156.9,28.7,84.1,44.2,0.416,0.321,0.385,0.637,0.495,0.295,0.399,0.768,2025
2025,Missouri,SEC,80.4,-0.9,64.5,16.8,0.201,-0.009,0.303,0.184,0.131,0.002,0.312,0.14,2025
2025,Navy,American Athletic,331.9,68.8,121.0,142.1,0.973,1.0,0.957,0.972,0.909,1.0,0.948,0.87,2025
2025,NC State,ACC,439.0,132.0,246.9,60.2,0.948,0.982,0.947,0.888,0.896,0.997,0.942,0.755,2025
2025,Nebraska,Big Ten,218.2,76.5,99.9,41.8,0.593,0.877,0.489,0.543,0.756,0.993,0.579,0.637,2025
2025,Nevada,Mountain West,282.3,17.3,233.2,31.8,0.658,0.178,0.991,0.33,0.547,0.137,0.967,0.686,2025
2025,New Mexico,Mountain West,55.5,0.0,46.0,9.5,0.125,0.0,0.223,0.063,0.1,0.0,0.2,0.14,2025
2025,New Mexico State,Conference USA,117.1,15.7,79.9,21.5,0.555,-26.167,0.541,0.336,0.339,0.499,0.479,0.172,2025
2025,North Carolina,ACC,68.5,-6.4,53.9,21.1,0.159,-0.079,0.238,0.17,0.173,0.059,0.267,0.224,2025
2025,Northern Illinois,Mid-American,199.8,35.9,101.6,62.3,0.531,0.402,0.555,0.599,0.654,0.348,0.612,0.89,2025
2025,North Texas,American Athletic,329.2,29.8,253.0,46.5,0.563,0.181,0.734,0.621,0.507,0.102,0.804,0.849,2025
2025,Northwestern,Big Ten,144.9,5.2,113.2,26.4,0.68,0.413,0.654,0.967,0.825,0.828,0.671,0.93,2025
2025,Notre Dame,FBS Independents,211.6,8.4,119.7,83.5,0.368,0.064,0.463,0.449,0.384,0.008,0.484,0.65,2025
2025,Ohio,Mid-American,282.4,81.6,95.9,104.8,0.648,0.968,0.458,0.739,0.606,0.997,0.523,0.375,2025
2025,Ohio State,Big Ten,221.2,9.6,204.0,7.6,0.308,0.04,0.604,0.053,0.195,0.03,0.488,0.131,2025
2025,Oklahoma,SEC,145.8,23.3,88.6,34.0,0.528,0.635,0.523,0.486,0.489,0.324,0.509,0.624,2025
2025,Oklahoma State,Big 12,189.2,92.3,81.3,15.6,0.445,0.647,0.338,0.373,0.519,0.804,0.253,0.387,2025
2025,Old Dominion,Sun Belt,294.5,80.9,133.1,80.5,0.742,0.921,0.702,0.673,0.653,0.761,0.756,0.516,2025
2025,Ole Miss,SEC,117.2,10.1,100.7,6.4,0.175,0.043,0.302,0.061,0.146,0.071,0.292,0.108,2025
2025,Oregon,Big Ten,116.9,1.8,102.6,12.5,0.187,0.009,0.328,0.113,0.246,0.022,0.38,0.368,2025
2025,Oregon State,Pac-12,179.7,-1.1,141.1,39.7,0.522,-0.027,0.695,0.395,0.498,0.094,0.751,0.723,2025
2025,Penn State,Big Ten,354.9,154.8,94.1,106.0,0.565,0.88,0.311,0.71,0.773,0.908,0.368,0.891,2025
2025,Pittsburgh,ACC,347.4,93.5,168.1,85.8,0.749,1.003,0.589,1.002,0.908,0.998,0.656,0.997,2025
2025,Purdue,Big Ten,125.9,39.8,65.9,20.2,0.543,0.884,0.409,0.765,0.853,0.994,0.418,0.981,2025
2025,Rice,American Athletic,211.1,-0.9,182.1,29.9,0.751,-0.016,0.93,0.997,0.551,0.09,0.915,0.918,2025
2025,Rutgers,Big Ten,260.0,89.8,140.5,29.8,0.674,1.0,0.587,0.528,0.664,1.0,0.524,0.426,2025
2025,Sam Houston,Conference USA,240.5,43.1,141.6,55.8,0.901,0.937,0.892,0.901,0.965,0.997,0.866,0.986,2025
2025,San Diego State,Mountain West,228.8,22.8,169.0,37.0,0.803,0.352,0.955,0.864,0.626,0.129,0.985,0.881,2025
2025,San José State,Mountain West,329.8,149.7,159.4,20.7,0.587,0.892,0.423,1.203,0.862,0.987,0.515,0.997,2025
2025,SMU,ACC,282.3,166.7,95.5,20.0,0.501,0.914,0.318,0.244,0.498,0.866,0.384,0.236,2025
2025,South Alabama,Sun Belt,135.4,31.6,57.2,46.6,0.254,0.24,0.223,0.319,0.332,0.207,0.248,0.5,2025
2025,South Carolina,SEC,283.6,101.5,129.4,52.7,0.625,0.837,0.552,0.534,0.634,0.879,0.507,0.522,2025
2025,Southern Miss,Sun Belt,76.9,-14.9,96.5,-4.7,0.523,0.556,0.638,-0.207,0.599,0.597,0.665,0.57,2025
2025,South Florida,American Athletic,391.5,69.7,229.3,92.5,0.999,1.0,1.0,1.0,1.0,1.0,1.0,1.0,2025
2025,Stanford,ACC,38.6,8.9,37.1,-7.3,0.189,1.236,0.25,-0.15,0.321,0.137,0.346,0.48,2025
2025,Syracuse,ACC,96.9,3.0,102.3,-8.4,0.143,0.013,0.251,-0.222,0.133,0.002,0.25,0.213,2025
2025,TCU,Big 12,350.5,213.4,115.5,21.6,0.606,0.956,0.381,0.415,0.755,0.988,0.364,0.853,2025
2025,Temple,American Athletic,246.7,57.8,182.6,6.3,0.999,1.0,1.0,1.0,1.0,1.0,1.0,1.0,2025
2025,Tennessee,SEC,95.0,2.5,62.3,30.2,0.221,0.025,0.312,0.237,0.225,0.028,0.385,0.278,2025
2025,Texas,SEC,172.5,55.1,66.0,51.4,0.283,0.266,0.207,0.614,0.395,0.172,0.352,0.675,2025
2025,Texas A&M,SEC,302.0,83.9,108.6,109.5,0.753,0.969,0.531,0.993,0.891,0.997,0.551,0.985,2025
2025,Texas State,Sun Belt,493.1,161.3,254.4,77.4,0.927,1.0,0.949,0.754,0.788,1.0,0.923,0.517,2025
2025,Texas Tech,Big 12,332.6,147.9,153.7,31.1,0.589,0.962,0.498,0.304,0.622,0.974,0.487,0.295,2025
2025,Toledo,Mid-American,266.6,110.7,142.2,13.7,0.685,0.81,0.55,-2.175,0.756,0.982,0.532,0.669,2025
2025,Troy,Sun Belt,140.1,31.3,86.4,22.4,0.334,0.274,0.365,0.327,0.406,0.331,0.434,0.458,2025
2025,Tulane,American Athletic,75.2,2.7,23.8,48.8,0.146,0.017,0.102,0.388,0.203,0.118,0.126,0.293,2025
2025,Tulsa,American Athletic,311.0,51.0,213.4,46.6,0.99,0.924,1.011,0.975,0.907,0.98,0.956,0.795,2025
2025,UAB,American Athletic,326.3,121.3,183.8,21.2,0.727,1.0,0.67,0.398,0.734,1.0,0.588,0.51,2025
2025,UCF,Big 12,117.0,-0.7,36.0,81.7,0.31,-0.022,0.207,0.475,0.5,0.634,0.325,0.479,2025
2025,UCLA,Big Ten,76.3,0.0,80.2,-3.9,0.219,0.0,0.357,-0.339,0.213,0.0,0.467,0.388,2025
2025,UConn,FBS Independents,258.5,81.4,132.3,44.8,0.68,0.963,0.646,0.492,0.757,0.985,0.504,0.668,2025
2025,UL Monroe,Sun Belt,190.7,33.5,136.6,20.6,0.782,1.0,0.957,0.306,0.658,1.0,0.918,0.362,2025
2025,UNLV,Mountain West,64.3,10.1,20.8,33.5,0.152,0.14,0.104,0.222,0.195,0.021,0.146,0.314,2025
2025,USC,Big Ten,192.5,17.9,154.3,20.2,0.368,0.151,0.492,0.222,0.29,0.31,0.399,0.147,2025
2025,Utah,Big 12,36.0,6.8,27.2,2.0,0.14,0.116,0.154,0.092,0.303,0.626,0.07,0.113,2025
2025,Utah State,Mountain West,291.3,112.3,116.1,62.9,0.631,0.962,0.457,0.686,0.672,0.995,0.446,0.479,2025
2025,UTEP,Conference USA,218.9,38.9,161.1,19.0,1.0,1.0,1.0,1.0,1.0,1.0,1.0,1.0,2025
2025,UTSA,American Athletic,430.8,107.8,236.0,86.9,0.962,1.0,0.922,1.03,0.99,1.0,0.963,0.998,2025
2025,Vanderbilt,SEC,318.7,105.3,169.8,43.6,0.859,0.992,0.784,0.906,0.924,0.991,0.745,0.955,2025
2025,Virginia,ACC,88.4,4.6,62.4,21.4,0.28,0.133,0.292,0.315,0.202,0.005,0.332,0.344,2025
2025,Virginia Tech,ACC,152.1,41.0,69.8,41.3,0.495,0.893,0.43,0.421,0.582,0.838,0.415,0.459,2025
2025,Wake Forest,ACC,97.5,0.0,62.0,35.5,0.262,0.0,0.268,0.575,0.359,0.0,0.245,0.834,2025
2025,Washington,Big Ten,206.8,34.8,125.8,46.3,0.424,0.237,0.442,0.818,0.491,0.288,0.405,0.801,2025
2025,Washington State,Pac-12,141.7,35.9,90.5,15.3,0.249,0.217,0.299,0.152,0.237,0.127,0.295,0.307,2025
2025,Western Kentucky,Conference USA,161.3,29.4,133.1,-1.3,0.332,0.175,0.446,-0.066,0.267,0.17,0.415,0.253,2025
2025,Western Michigan,Mid-American,379.7,103.3,195.0,81.3,0.999,1.0,1.0,1.0,1.0,1.0,1.0,1.0,2025
2025,West Virginia,Big 12,127.0,17.2,86.2,23.6,0.261,0.157,0.323,0.216,0.328,0.156,0.395,0.436,2025
2025,Wisconsin,Big Ten,132.3,4.6,107.3,20.4,0.402,0.061,0.564,0.324,0.248,0.003,0.516,0.333,2025
2025,Wyoming,Mountain West,195.9,34.1,158.7,3.1,0.774,1.0,0.801,0.147,0.876,1.0,0.789,0.804,2025
