game_id,week,date,away_team,home_team,away_rp_found,home_rp_found,spread_like_field_count,spread_like_fields,away_overall,away_offense,away_defense,home_overall,home_offense,home_defense,away_off_vs_def,away_def_vs_off,home_off_vs_def,home_def_vs_off,away_candidate_a_rp_only,home_candidate_a_rp_only,away_candidate_b_rp_only,home_candidate_b_rp_only
g9,1.0,2026-09-03,UAlbany,Buffalo,False,True,0,{},,,,,,,,,,,,,,
g10,1.0,2026-09-03,Bethune-Cookman,Central Florida,False,True,0,{},,,,,,,,,,,,,,
g11,1.0,2026-09-03,Merrimack,Delaware,False,True,9,"{""market_best_away_spread_home"": -28.5, ""market_best_away_spread_price"": -105.0, ""market_best_home_spread_home"": -28.5, ""market_best_home_spread_price"": -115.0, ""market_spread_hold_away_line"": 28.5, ""market_spread_hold_home_line"": -28.5, ""market_spread_hold_pct"": 4.71, ""market_spread_home"": -28.5, ""market_spread_price"": -115.0}",,,,,,,,,,,,,,
g12,1.0,2026-09-03,Colorado,Georgia Tech,True,True,12,"{""blend_spread_home"": 7.66, ""market_best_away_spread_home"": -7.5, ""market_best_away_spread_price"": -120.0, ""market_best_home_spread_home"": -6.5, ""market_best_home_spread_price"": -115.0, ""market_spread_hold_pct"": 2.38, ""market_spread_home"": -6.5, ""market_spread_open_home"": -7.0, ""market_spread_price"": -115.0, ""projected_margin_home"": 7.66, ""projection_spread_home"": 7.66, ""site_spread_home"": 7.66}",55.0,,,49.0,,,,,,,False,False,False,False
g13,1.0,2026-09-03,West Georgia,Kennesaw State,False,True,0,{},,,,,,,,,,,,,,
g14,1.0,2026-09-03,Eastern Illinois,Minnesota,False,True,8,"{""market_best_away_spread_home"": -45.5, ""market_best_away_spread_price"": -110.0, ""market_best_home_spread_home"": -45.5, ""market_best_home_spread_price"": -110.0, ""market_spread_hold_pct"": 4.76, ""market_spread_home"": -45.5, ""market_spread_open_home"": -43.5, ""market_spread_price"": -110.0}",,,,,,,,,,,,,,
g15,1.0,2026-09-03,UAPB,Missouri,False,True,0,{},,,,,,,,,,,,,,
g16,1.0,2026-09-03,Massachusetts,Rutgers,True,True,12,"{""blend_spread_home"": 31.105, ""market_best_away_spread_home"": -30.5, ""market_best_away_spread_price"": -105.0, ""market_best_home_spread_home"": -30.5, ""market_best_home_spread_price"": -110.0, ""market_spread_hold_pct"": 3.6, ""market_spread_home"": -30.5, ""market_spread_open_home"": -30.5, ""market_spread_price"": -115.0, ""projected_margin_home"": 31.105, ""projection_spread_home"": 31.105, ""site_spread_home"": 31.105}",46.0,,,47.0,,,,,,,False,False,False,False
g17,1.0,2026-09-03,Idaho,Utah,False,True,8,"{""market_best_away_spread_home"": -34.5, ""market_best_away_spread_price"": -110.0, ""market_best_home_spread_home"": -34.5, ""market_best_home_spread_price"": -110.0, ""market_spread_hold_pct"": 4.76, ""market_spread_home"": -34.5, ""market_spread_open_home"": -35.5, ""market_spread_price"": -110.0}",,,,,,,,,,,,,,
g18,1.0,2026-09-03,Akron,Wake Forest,True,True,14,"{""blend_spread_home"": 24.805, ""market_best_away_spread_home"": -22.5, ""market_best_away_spread_price"": -105.0, ""market_best_home_spread_home"": -22.5, ""market_best_home_spread_price"": -110.0, ""market_spread_hold_away_line"": 22.5, ""market_spread_hold_home_line"": -22.5, ""market_spread_hold_pct"": 3.6, ""market_spread_home"": -22.5, ""market_spread_open_home"": -22.5, ""market_spread_price"": -110.0, ""projected_margin_home"": 24.805, ""projection_spread_home"": 24.805, ""site_spread_home"": 24.805}",40.0,,,53.0,,,,,,,False,False,False,False
g19,1.0,2026-09-04,San Jose State,Eastern Michigan,True,True,14,"{""blend_spread_home"": 0.6075, ""market_best_away_spread_home"": -4.5, ""market_best_away_spread_price"": -110.0, ""market_best_home_spread_home"": -4.0, ""market_best_home_spread_price"": -110.0, ""market_spread_hold_away_line"": 4.25, ""market_spread_hold_home_line"": -4.25, ""market_spread_hold_pct"": 3.76, ""market_spread_home"": -4.0, ""market_spread_open_home"": -3.5, ""market_spread_price"": -110.0, ""projected_margin_home"": 0.608, ""projection_spread_home"": 0.6075, ""site_spread_home"": 0.6075}",24.0,,,62.0,,,,,,,False,False,False,False
g20,1.0,2026-09-04,North Carolina A&T,Georgia State,False,True,9,"{""market_best_away_spread_home"": -26.5, ""market_best_away_spread_price"": -105.0, ""market_best_home_spread_home"": -26.5, ""market_best_home_spread_price"": -115.0, ""market_spread_hold_away_line"": 26.5, ""market_spread_hold_home_line"": -26.5, ""market_spread_hold_pct"": 4.71, ""market_spread_home"": -26.5, ""market_spread_price"": -115.0}",,,,,,,,,,,,,,
g21,1.0,2026-09-04,LIU,Kansas,False,True,6,"{""market_best_away_spread_home"": -40.5, ""market_best_away_spread_price"": -115.0, ""market_best_home_spread_home"": -40.5, ""market_best_home_spread_price"": -105.0, ""market_spread_home"": -40.5, ""market_spread_price"": -105.0}",,,,,,,,,,,,,,
g22,1.0,2026-09-04,Miami-FL,Stanford,True,True,12,"{""blend_spread_home"": -24.8075, ""market_best_away_spread_home"": 22.5, ""market_best_away_spread_price"": -110.0, ""market_best_home_spread_home"": 23.5, ""market_best_home_spread_price"": -105.0, ""market_spread_hold_pct"": 3.6, ""market_spread_home"": 22.5, ""market_spread_open_home"": 22.5, ""market_spread_price"": -110.0, ""projected_margin_home"": -24.808, ""projection_spread_home"": -24.8075, ""site_spread_home"": -24.8075}",49.0,,,60.0,,,,,,,False,False,False,False
g23,1.0,2026-09-05,Duquesne,Air Force,False,True,0,{},,,,,,,,,,,,,,
g24,1.0,2026-09-05,East Carolina,Alabama,True,True,14,"{""blend_spread_home"": 23.7925, ""market_best_away_spread_home"": -27.5, ""market_best_away_spread_price"": -105.0, ""market_best_home_spread_home"": -26.5, ""market_best_home_spread_price"": -105.0, ""market_spread_hold_away_line"": 27.0, ""market_spread_hold_home_line"": -27.0, ""market_spread_hold_pct"": 0.44, ""market_spread_home"": -26.5, ""market_spread_open_home"": -25.5, ""market_spread_price"": -105.0, ""projected_margin_home"": 23.793, ""projection_spread_home"": 23.7925, ""site_spread_home"": 23.7925}",42.0,,,48.0,,,,,,,False,False,False,False
g25,1.0,2026-09-05,Maine,Appalachian State,False,True,9,"{""market_best_away_spread_home"": -22.5, ""market_best_away_spread_price"": -115.0, ""market_best_home_spread_home"": -22.5, ""market_best_home_spread_price"": -105.0, ""market_spread_hold_away_line"": 22.5, ""market_spread_hold_home_line"": -22.5, ""market_spread_hold_pct"": 4.71, ""market_spread_home"": -22.5, ""market_spread_price"": -105.0}",,,,,,,,,,,,,,
g26,1.0,2026-09-05,Northern Arizona,Arizona,False,True,0,{},,,,,,,,,,,,,,
g27,1.0,2026-09-05,Morgan State,Arizona State,False,True,0,{},,,,,,,,,,,,,,
g28,1.0,2026-09-05,North Alabama,Arkansas,False,True,9,"{""market_best_away_spread_home"": -40.5, ""market_best_away_spread_price"": -110.0, ""market_best_home_spread_home"": -40.5, ""market_best_home_spread_price"": -110.0, ""market_spread_hold_away_line"": 40.5, ""market_spread_hold_home_line"": -40.5, ""market_spread_hold_pct"": 4.76, ""market_spread_home"": -40.5, ""market_spread_price"": -110.0}",,,,,,,,,,,,,,
g29,1.0,2026-09-05,Bryant,Army,False,True,9,"{""market_best_away_spread_home"": -37.5, ""market_best_away_spread_price"": -105.0, ""market_best_home_spread_home"": -37.5, ""market_best_home_spread_price"": -115.0, ""market_spread_hold_away_line"": 37.5, ""market_spread_hold_home_line"": -37.5, ""market_spread_hold_pct"": 4.71, ""market_spread_home"": -37.5, ""market_spread_price"": -115.0}",,,,,,,,,,,,,,
g30,1.0,2026-09-05,Baylor,Auburn,True,True,14,"{""blend_spread_home"": 7.255, ""market_best_away_spread_home"": -7.5, ""market_best_away_spread_price"": -115.0, ""market_best_home_spread_home"": -7.0, ""market_best_home_spread_price"": -110.0, ""market_spread_hold_away_line"": 7.25, ""market_spread_hold_home_line"": -7.25, ""market_spread_hold_pct"": 4.87, ""market_spread_home"": -7.0, ""market_spread_open_home"": -6.5, ""market_spread_price"": -110.0, ""projected_margin_home"": 7.255, ""projection_spread_home"": 7.255, ""site_spread_home"": 7.255}",53.0,,,57.0,,,,,,,False,False,False,False
g31,1.0,2026-09-05,Utah Tech,BYU,False,True,0,{},,,,,,,,,,,,,,
g32,1.0,2026-09-05,Tarleton State,Bowling Green,False,True,0,{},,,,,,,,,,,,,,
g33,1.0,2026-09-05,UCLA,California,True,True,12,"{""blend_spread_home"": 1.6675, ""market_best_away_spread_home"": -1.5, ""market_best_away_spread_price"": -115.0, ""market_best_home_spread_home"": 1.5, ""market_best_home_spread_price"": -108.0, ""market_spread_hold_pct"": 6.32, ""market_spread_home"": -1.0, ""market_spread_open_home"": -1.5, ""market_spread_price"": -112.0, ""projected_margin_home"": 1.667, ""projection_spread_home"": 1.6675, ""site_spread_home"": 1.6675}",67.0,,,58.0,,,,,,,False,False,False,False
g34,1.0,2026-09-05,The Citadel,Charlotte,False,True,9,"{""market_best_away_spread_home"": -14.5, ""market_best_away_spread_price"": -122.0, ""market_best_home_spread_home"": -14.5, ""market_best_home_spread_price"": -100.0, ""market_spread_hold_away_line"": 14.5, ""market_spread_hold_home_line"": -14.5, ""market_spread_hold_pct"": 4.95, ""market_spread_home"": -14.5, ""market_spread_price"": -100.0}",,,,,,,,,,,,,,
g35,1.0,2026-09-05,Boston College,Cincinnati,True,True,14,"{""blend_spread_home"": 9.44, ""market_best_away_spread_home"": -7.5, ""market_best_away_spread_price"": -105.0, ""market_best_home_spread_home"": -7.5, ""market_best_home_spread_price"": -100.0, ""market_spread_hold_away_line"": 7.5, ""market_spread_hold_home_line"": -7.5, ""market_spread_hold_pct"": 1.22, ""market_spread_home"": -7.5, ""market_spread_open_home"": -9.5, ""market_spread_price"": -100.0, ""projected_margin_home"": 9.44, ""projection_spread_home"": 9.44, ""site_spread_home"": 9.44}",50.0,,,57.0,,,,,,,False,False,False,False
g36,1.0,2026-09-05,Wyoming,Colorado State,True,True,14,"{""blend_spread_home"": 1.995, ""market_best_away_spread_home"": -4.0, ""market_best_away_spread_price"": -112.0, ""market_best_home_spread_home"": -3.5, ""market_best_home_spread_price"": -114.0, ""market_spread_hold_away_line"": 3.75, ""market_spread_hold_home_line"": -3.75, ""market_spread_hold_pct"": 5.1, ""market_spread_home"": -3.5, ""market_spread_open_home"": -4.0, ""market_spread_price"": -114.0, ""projected_margin_home"": 1.995, ""projection_spread_home"": 1.995, ""site_spread_home"": 1.995}",40.0,,,46.0,,,,,,,False,False,False,False
g37,1.0,2026-09-05,Lafayette,Connecticut,False,True,0,{},,,,,,,,,,,,,,
g38,1.0,2026-09-05,Tulane,Duke,True,True,14,"{""blend_spread_home"": 7.9325, ""market_best_away_spread_home"": -10.5, ""market_best_away_spread_price"": -110.0, ""market_best_home_spread_home"": -9.5, ""market_best_home_spread_price"": -110.0, ""market_spread_hold_away_line"": 10.0, ""market_spread_hold_home_line"": -10.0, ""market_spread_hold_pct"": 2.76, ""market_spread_home"": -9.5, ""market_spread_open_home"": -8.5, ""market_spread_price"": -110.0, ""projected_margin_home"": 7.933, ""projection_spread_home"": 7.9325, ""site_spread_home"": 7.9325}",40.0,,,49.0,,,,,,,False,False,False,False
g39,1.0,2026-09-05,Florida Atlantic,Florida,True,True,14,"{""blend_spread_home"": 26.1075, ""market_best_away_spread_home"": -26.5, ""market_best_away_spread_price"": -110.0, ""market_best_home_spread_home"": -26.5, ""market_best_home_spread_price"": -105.0, ""market_spread_hold_away_line"": 26.5, ""market_spread_hold_home_line"": -26.5, ""market_spread_hold_pct"": 3.6, ""market_spread_home"": -26.5, ""market_spread_open_home"": -25.5, ""market_spread_price"": -105.0, ""projected_margin_home"": 26.108, ""projection_spread_home"": 26.1075, ""site_spread_home"": 26.1075}",64.0,,,66.0,,,,,,,False,False,False,False
g40,1.0,2026-09-05,Tennessee State,Georgia,False,True,9,"{""market_best_away_spread_home"": -50.5, ""market_best_away_spread_price"": -110.0, ""market_best_home_spread_home"": -50.5, ""market_best_home_spread_price"": -110.0, ""market_spread_hold_away_line"": 50.5, ""market_spread_hold_home_line"": -50.5, ""market_spread_hold_pct"": 4.76, ""market_spread_home"": -50.5, ""market_spread_price"": -110.0}",,,,,,,,,,,,,,
g41,1.0,2026-09-05,Charleston So.,Georgia Southern,False,True,0,{},,,,,,,,,,,,,,
g42,1.0,2026-09-05,UNLV,Hawaii,True,True,12,"{""blend_spread_home"": -2.2725, ""market_best_away_spread_home"": 1.5, ""market_best_away_spread_price"": -105.0, ""market_best_home_spread_home"": 2.5, ""market_best_home_spread_price"": -110.0, ""market_spread_hold_pct"": 3.6, ""market_spread_home"": 1.5, ""market_spread_open_home"": 1.5, ""market_spread_price"": -115.0, ""projected_margin_home"": -2.272, ""projection_spread_home"": -2.2725, ""site_spread_home"": -2.2725}",40.0,,,45.0,,,,,,,False,False,False,False
g43,1.0,2026-09-05,Oregon State,Houston,True,True,14,"{""blend_spread_home"": 19.235, ""market_best_away_spread_home"": -19.5, ""market_best_away_spread_price"": -108.0, ""market_best_home_spread_home"": -18.5, ""market_best_home_spread_price"": -110.0, ""market_spread_hold_away_line"": 19.0, ""market_spread_hold_home_line"": -19.0, ""market_spread_hold_pct"": 2.3, ""market_spread_home"": -18.5, ""market_spread_open_home"": -18.5, ""market_spread_price"": -110.0, ""projected_margin_home"": 19.235, ""projection_spread_home"": 19.235, ""site_spread_home"": 19.235}",47.0,,,65.0,,,,,,,False,False,False,False
g44,1.0,2026-09-05,UAB,Illinois,True,True,12,"{""blend_spread_home"": 27.395, ""market_best_away_spread_home"": -27.5, ""market_best_away_spread_price"": -105.0, ""market_best_home_spread_home"": -27.5, ""market_best_home_spread_price"": -108.0, ""market_spread_hold_pct"": 3.14, ""market_spread_home"": -27.5, ""market_spread_open_home"": -27.5, ""market_spread_price"": -108.0, ""projected_margin_home"": 27.395, ""projection_spread_home"": 27.395, ""site_spread_home"": 27.395}",35.0,,,50.0,,,,,,,False,False,False,False
g45,1.0,2026-09-05,North Texas,Indiana,True,True,14,"{""blend_spread_home"": 33.8875, ""market_best_away_spread_home"": -40.5, ""market_best_away_spread_price"": -108.0, ""market_best_home_spread_home"": -39.5, ""market_best_home_spread_price"": -110.0, ""market_spread_hold_away_line"": 40.0, ""market_spread_hold_home_line"": -40.0, ""market_spread_hold_pct"": 2.3, ""market_spread_home"": -39.5, ""market_spread_open_home"": -40.5, ""market_spread_price"": -110.0, ""projected_margin_home"": 33.888, ""projection_spread_home"": 33.8875, ""site_spread_home"": 33.8875}",32.0,,,56.0,,,,,,,False,False,False,False
g46,1.0,2026-09-05,Northern Illinois,Iowa,True,True,14,"{""blend_spread_home"": 34.0475, ""market_best_away_spread_home"": -30.5, ""market_best_away_spread_price"": -109.0, ""market_best_home_spread_home"": -30.5, ""market_best_home_spread_price"": -110.0, ""market_spread_hold_away_line"": 30.5, ""market_spread_hold_home_line"": -30.5, ""market_spread_hold_pct"": 4.53, ""market_spread_home"": -30.5, ""market_spread_open_home"": -29.5, ""market_spread_price"": -110.0, ""projected_margin_home"": 34.047, ""projection_spread_home"": 34.0475, ""site_spread_home"": 34.0475}",48.0,,,44.0,,,,,,,False,False,False,False
g47,1.0,2026-09-05,Southeast Missouri,Iowa State,False,True,0,{},,,,,,,,,,,,,,
g48,1.0,2026-09-05,Liberty,James Madison,True,True,14,"{""blend_spread_home"": 12.19, ""market_best_away_spread_home"": -6.5, ""market_best_away_spread_price"": -110.0, ""market_best_home_spread_home"": -6.5, ""market_best_home_spread_price"": -105.0, ""market_spread_hold_away_line"": 6.5, ""market_spread_hold_home_line"": -6.5, ""market_spread_hold_pct"": 3.6, ""market_spread_home"": -6.5, ""market_spread_open_home"": -6.0, ""market_spread_price"": -105.0, ""projected_margin_home"": 12.19, ""projection_spread_home"": 12.19, ""site_spread_home"": 12.19}",57.0,,,30.0,,,,,,,False,False,False,False
g49,1.0,2026-09-05,Eastern Kentucky,Jacksonville State,False,True,0,{},,,,,,,,,,,,,,
g50,1.0,2026-09-05,Nicholls,Kansas State,False,True,0,{},,,,,,,,,,,,,,
g51,1.0,2026-09-05,Youngstown State,Kentucky,False,True,9,"{""market_best_away_spread_home"": -24.5, ""market_best_away_spread_price"": -106.0, ""market_best_home_spread_home"": -24.5, ""market_best_home_spread_price"": -114.0, ""market_spread_hold_away_line"": 24.5, ""market_spread_hold_home_line"": -24.5, ""market_spread_hold_pct"": 4.73, ""market_spread_home"": -24.5, ""market_spread_price"": -114.0}",,,,,,,,,,,,,,
g52,1.0,2026-09-05,Clemson,LSU,True,True,14,"{""blend_spread_home"": 9.8, ""market_best_away_spread_home"": -10.5, ""market_best_away_spread_price"": -105.0, ""market_best_home_spread_home"": -10.5, ""market_best_home_spread_price"": -106.0, ""market_spread_hold_away_line"": 10.5, ""market_spread_hold_home_line"": -10.5, ""market_spread_hold_pct"": 2.68, ""market_spread_home"": -10.5, ""market_spread_open_home"": -11.5, ""market_spread_price"": -106.0, ""projected_margin_home"": 9.8, ""projection_spread_home"": 9.8, ""site_spread_home"": 9.8}",53.0,,,61.0,,,,,,,False,False,False,False
g53,1.0,2026-09-05,Lamar,Louisiana,False,False,6,"{""market_best_away_spread_home"": -17.5, ""market_best_away_spread_price"": -110.0, ""market_best_home_spread_home"": -17.5, ""market_best_home_spread_price"": -110.0, ""market_spread_home"": -17.5, ""market_spread_price"": -110.0}",,,,,,,,,,,,,,
g54,1.0,2026-09-05,Northwestern State,Louisiana Tech,False,True,0,{},,,,,,,,,,,,,,
g55,1.0,2026-09-05,Hampton,Maryland,False,True,6,"{""market_best_away_spread_home"": -43.5, ""market_best_away_spread_price"": -110.0, ""market_best_home_spread_home"": -43.5, ""market_best_home_spread_price"": -110.0, ""market_spread_home"": -43.5, ""market_spread_price"": -110.0}",,,,,,,,,,,,,,
g56,1.0,2026-09-05,Arkansas State,Memphis,True,True,14,"{""blend_spread_home"": 11.03, ""market_best_away_spread_home"": -10.5, ""market_best_away_spread_price"": -110.0, ""market_best_home_spread_home"": -10.5, ""market_best_home_spread_price"": -109.0, ""market_spread_hold_away_line"": 10.5, ""market_spread_hold_home_line"": -10.5, ""market_spread_hold_pct"": 4.53, ""market_spread_home"": -10.5, ""market_spread_open_home"": -10.5, ""market_spread_price"": -109.0, ""projected_margin_home"": 11.03, ""projection_spread_home"": 11.03, ""site_spread_home"": 11.03}",49.0,,,42.0,,,,,,,False,False,False,False
g57,1.0,2026-09-05,Western Michigan,Michigan,True,True,14,"{""blend_spread_home"": 25.26, ""market_best_away_spread_home"": -26.5, ""market_best_away_spread_price"": -105.0, ""market_best_home_spread_home"": -26.5, ""market_best_home_spread_price"": -110.0, ""market_spread_hold_away_line"": 26.5, ""market_spread_hold_home_line"": -26.5, ""market_spread_hold_pct"": 3.6, ""market_spread_home"": -26.5, ""market_spread_open_home"": -26.5, ""market_spread_price"": -110.0, ""projected_margin_home"": 25.26, ""projection_spread_home"": 25.26, ""site_spread_home"": 25.26}",51.0,,,63.0,,,,,,,False,False,False,False
g58,1.0,2026-09-05,Toledo,Michigan State,True,True,14,"{""blend_spread_home"": 7.785, ""market_best_away_spread_home"": -12.5, ""market_best_away_spread_price"": -110.0, ""market_best_home_spread_home"": -10.5, ""market_best_home_spread_price"": -115.0, ""market_spread_hold_away_line"": 11.5, ""market_spread_hold_home_line"": -11.5, ""market_spread_hold_pct"": 1.87, ""market_spread_home"": -10.5, ""market_spread_open_home"": -10.5, ""market_spread_price"": -115.0, ""projected_margin_home"": 7.785, ""projection_spread_home"": 7.785, ""site_spread_home"": 7.785}",33.0,,,46.0,,,,,,,False,False,False,False
g59,1.0,2026-09-05,Murray State,Middle Tennessee,False,True,0,{},,,,,,,,,,,,,,
g60,1.0,2026-09-05,UL-Monroe,Mississippi State,True,True,12,"{""blend_spread_home"": 28.3225, ""market_best_away_spread_home"": -28.5, ""market_best_away_spread_price"": -108.0, ""market_best_home_spread_home"": -28.5, ""market_best_home_spread_price"": -110.0, ""market_spread_hold_pct"": 4.3, ""market_spread_home"": -29.5, ""market_spread_open_home"": -28.5, ""market_spread_price"": -108.0, ""projected_margin_home"": 28.323, ""projection_spread_home"": 28.3225, ""site_spread_home"": 28.3225}",51.0,,,48.0,,,,,,,False,False,False,False
g61,1.0,2026-09-05,Towson,Navy,False,True,9,"{""market_best_away_spread_home"": -30.5, ""market_best_away_spread_price"": -105.0, ""market_best_home_spread_home"": -30.5, ""market_best_home_spread_price"": -115.0, ""market_spread_hold_away_line"": 30.5, ""market_spread_hold_home_line"": -30.5, ""market_spread_hold_pct"": 4.71, ""market_spread_home"": -30.5, ""market_spread_price"": -115.0}",,,,,,,,,,,,,,
g62,1.0,2026-09-05,Ohio,Nebraska,True,True,14,"{""blend_spread_home"": 17.5575, ""market_best_away_spread_home"": -23.5, ""market_best_away_spread_price"": -102.0, ""market_best_home_spread_home"": -23.5, ""market_best_home_spread_price"": -105.0, ""market_spread_hold_away_line"": 23.5, ""market_spread_hold_home_line"": -23.5, ""market_spread_hold_pct"": 1.71, ""market_spread_home"": -23.5, ""market_spread_open_home"": -23.5, ""market_spread_price"": -105.0, ""projected_margin_home"": 17.558, ""projection_spread_home"": 17.5575, ""site_spread_home"": 17.5575}",33.0,,,69.0,,,,,,,False,False,False,False
g63,1.0,2026-09-05,Western Kentucky,Nevada,True,True,12,"{""blend_spread_home"": -5.43, ""market_best_away_spread_home"": 2.5, ""market_best_away_spread_price"": -124.0, ""market_best_home_spread_home"": 3.0, ""market_best_home_spread_price"": -109.0, ""market_spread_hold_pct"": 7.51, ""market_spread_home"": 2.5, ""market_spread_open_home"": 4.5, ""market_spread_price"": -124.0, ""projected_margin_home"": -5.43, ""projection_spread_home"": -5.43, ""site_spread_home"": -5.43}",32.0,,,48.0,,,,,,,False,False,False,False
g64,1.0,2026-09-05,Central Michigan,New Mexico,True,True,12,"{""blend_spread_home"": 11.1875, ""market_best_away_spread_home"": -12.5, ""market_best_away_spread_price"": -108.0, ""market_best_home_spread_home"": -12.5, ""market_best_home_spread_price"": -108.0, ""market_spread_hold_pct"": 3.85, ""market_spread_home"": -12.5, ""market_spread_open_home"": -12.5, ""market_spread_price"": -108.0, ""projected_margin_home"": 11.188, ""projection_spread_home"": 11.1875, ""site_spread_home"": 11.1875}",46.0,,,63.0,,,,,,,False,False,False,False
g65,1.0,2026-09-05,Mercyhurst,New Mexico State,False,True,6,"{""market_best_away_spread_home"": -26.5, ""market_best_away_spread_price"": -110.0, ""market_best_home_spread_home"": -26.5, ""market_best_home_spread_price"": -110.0, ""market_spread_home"": -26.5, ""market_spread_price"": -110.0}",,,,,,,,,,,,,,
g66,1.0,2026-09-05,Fordham,North Dakota State,False,True,9,"{""market_best_away_spread_home"": -37.5, ""market_best_away_spread_price"": -105.0, ""market_best_home_spread_home"": -37.5, ""market_best_home_spread_price"": -115.0, ""market_spread_hold_away_line"": 37.5, ""market_spread_hold_home_line"": -37.5, ""market_spread_hold_pct"": 4.71, ""market_spread_home"": -37.5, ""market_spread_price"": -115.0}",,,,,,,,,,,,,,
g67,1.0,2026-09-05,South Dakota State,Northwestern,False,True,0,{},,,,,,,,,,,,,,
g68,1.0,2026-09-05,Ball State,Ohio State,True,True,14,"{""blend_spread_home"": 55.85, ""market_best_away_spread_home"": -50.5, ""market_best_away_spread_price"": -110.0, ""market_best_home_spread_home"": -49.5, ""market_best_home_spread_price"": -112.0, ""market_spread_hold_away_line"": 50.0, ""market_spread_hold_home_line"": -50.0, ""market_spread_hold_pct"": 3.21, ""market_spread_home"": -49.5, ""market_spread_open_home"": -49.5, ""market_spread_price"": -112.0, ""projected_margin_home"": 55.85, ""projection_spread_home"": 55.85, ""site_spread_home"": 55.85}",36.0,,,60.0,,,,,,,False,False,False,False
g69,1.0,2026-09-05,UTEP,Oklahoma,True,True,14,"{""blend_spread_home"": 41.1825, ""market_best_away_spread_home"": -40.5, ""market_best_away_spread_price"": -110.0, ""market_best_home_spread_home"": -39.5, ""market_best_home_spread_price"": -115.0, ""market_spread_hold_away_line"": 40.0, ""market_spread_hold_home_line"": -40.0, ""market_spread_hold_pct"": 3.87, ""market_spread_home"": -39.5, ""market_spread_open_home"": -40.5, ""market_spread_price"": -115.0, ""projected_margin_home"": 41.182, ""projection_spread_home"": 41.1825, ""site_spread_home"": 41.1825}",35.0,,,65.0,,,,,,,False,False,False,False
g70,1.0,2026-09-05,Norfolk State,Old Dominion,False,True,0,{},,,,,,,,,,,,,,
g71,1.0,2026-09-05,Boise State,Oregon,True,True,14,"{""blend_spread_home"": 24.4675, ""market_best_away_spread_home"": -24.5, ""market_best_away_spread_price"": -109.0, ""market_best_home_spread_home"": -24.5, ""market_best_home_spread_price"": -108.0, ""market_spread_hold_away_line"": 24.5, ""market_spread_hold_home_line"": -24.5, ""market_spread_hold_pct"": 4.08, ""market_spread_home"": -24.5, ""market_spread_open_home"": -24.5, ""market_spread_price"": -108.0, ""projected_margin_home"": 24.468, ""projection_spread_home"": 24.4675, ""site_spread_home"": 24.4675}",57.0,,,66.0,,,,,,,False,False,False,False
g72,1.0,2026-09-05,Marshall,Penn State,True,True,14,"{""blend_spread_home"": 27.0225, ""market_best_away_spread_home"": -24.5, ""market_best_away_spread_price"": -110.0, ""market_best_home_spread_home"": -23.5, ""market_best_home_spread_price"": -115.0, ""market_spread_hold_away_line"": 24.0, ""market_spread_hold_home_line"": -24.0, ""market_spread_hold_pct"": 3.87, ""market_spread_home"": -23.5, ""market_spread_open_home"": -23.5, ""market_spread_price"": -115.0, ""projected_margin_home"": 27.023, ""projection_spread_home"": 27.0225, ""site_spread_home"": 27.0225}",48.0,,,52.0,,,,,,,False,False,False,False
g73,1.0,2026-09-05,Miami-OH,Pittsburgh,True,True,14,"{""blend_spread_home"": 17.395, ""market_best_away_spread_home"": -16.5, ""market_best_away_spread_price"": -105.0, ""market_best_home_spread_home"": -16.5, ""market_best_home_spread_price"": -105.0, ""market_spread_hold_away_line"": 16.5, ""market_spread_hold_home_line"": -16.5, ""market_spread_hold_pct"": 2.44, ""market_spread_home"": -16.5, ""market_spread_open_home"": -16.5, ""market_spread_price"": -105.0, ""projected_margin_home"": 17.395, ""projection_spread_home"": 17.395, ""site_spread_home"": 17.395}",49.0,,,58.0,,,,,,,False,False,False,False
g74,1.0,2026-09-05,Indiana State,Purdue,False,True,6,"{""market_best_away_spread_home"": -34.5, ""market_best_away_spread_price"": -110.0, ""market_best_home_spread_home"": -34.5, ""market_best_home_spread_price"": -110.0, ""market_spread_home"": -34.5, ""market_spread_price"": -110.0}",,,,,,,,,,,,,,
g75,1.0,2026-09-05,HCU,Rice,False,True,0,{},,,,,,,,,,,,,,
g76,1.0,2026-09-05,MVSU,Sacramento State,False,True,0,{},,,,,,,,,,,,,,
g77,1.0,2026-09-05,Portland State,San Diego State,False,False,0,{},,,,,,,,,,,,,,
g78,1.0,2026-09-05,Southeastern La.,South Alabama,False,True,0,{},,,,,,,,,,,,,,
g79,1.0,2026-09-05,Kent State,South Carolina,True,True,14,"{""blend_spread_home"": 33.8425, ""market_best_away_spread_home"": -34.5, ""market_best_away_spread_price"": -102.0, ""market_best_home_spread_home"": -34.5, ""market_best_home_spread_price"": -112.0, ""market_spread_hold_away_line"": 34.5, ""market_spread_hold_home_line"": -34.5, ""market_spread_hold_pct"": 3.33, ""market_spread_home"": -34.5, ""market_spread_open_home"": -33.5, ""market_spread_price"": -112.0, ""projected_margin_home"": 33.843, ""projection_spread_home"": 33.8425, ""site_spread_home"": 33.8425}",48.0,,,68.0,,,,,,,False,False,False,False
g80,1.0,2026-09-05,Florida International,South Florida,True,False,14,"{""blend_spread_home"": 16.605, ""market_best_away_spread_home"": -12.5, ""market_best_away_spread_price"": -110.0, ""market_best_home_spread_home"": -12.5, ""market_best_home_spread_price"": -110.0, ""market_spread_hold_away_line"": 12.5, ""market_spread_hold_home_line"": -12.5, ""market_spread_hold_pct"": 4.76, ""market_spread_home"": -12.5, ""market_spread_open_home"": -12.5, ""market_spread_price"": -110.0, ""projected_margin_home"": 16.605, ""projection_spread_home"": 16.605, ""site_spread_home"": 16.605}",,,,,,,,,,,,,,
g81,1.0,2026-09-05,Alcorn State,Southern Miss,False,True,9,"{""market_best_away_spread_home"": -22.5, ""market_best_away_spread_price"": -110.0, ""market_best_home_spread_home"": -22.5, ""market_best_home_spread_price"": -110.0, ""market_spread_hold_away_line"": 22.5, ""market_spread_hold_home_line"": -22.5, ""market_spread_hold_pct"": 4.76, ""market_spread_home"": -22.5, ""market_spread_price"": -110.0}",,,,,,,,,,,,,,
g82,1.0,2026-09-05,New Hampshire,Syracuse,False,True,9,"{""market_best_away_spread_home"": -30.5, ""market_best_away_spread_price"": -110.0, ""market_best_home_spread_home"": -30.5, ""market_best_home_spread_price"": -110.0, ""market_spread_hold_away_line"": 30.5, ""market_spread_hold_home_line"": -30.5, ""market_spread_hold_pct"": 4.76, ""market_spread_home"": -30.5, ""market_spread_price"": -110.0}",,,,,,,,,,,,,,
g83,1.0,2026-09-05,Rhode Island,Temple,False,True,0,{},,,,,,,,,,,,,,
g84,1.0,2026-09-05,Furman,Tennessee,False,True,9,"{""market_best_away_spread_home"": -47.5, ""market_best_away_spread_price"": -108.0, ""market_best_home_spread_home"": -47.5, ""market_best_home_spread_price"": -112.0, ""market_spread_hold_away_line"": 47.5, ""market_spread_hold_home_line"": -47.5, ""market_spread_hold_pct"": 4.75, ""market_spread_home"": -47.5, ""market_spread_price"": -112.0}",,,,,,,,,,,,,,
g85,1.0,2026-09-05,Texas State,Texas,True,True,14,"{""blend_spread_home"": 31.1375, ""market_best_away_spread_home"": -31.5, ""market_best_away_spread_price"": -110.0, ""market_best_home_spread_home"": -30.5, ""market_best_home_spread_price"": -110.0, ""market_spread_hold_away_line"": 31.0, ""market_spread_hold_home_line"": -31.0, ""market_spread_hold_pct"": 2.76, ""market_spread_home"": -30.5, ""market_spread_open_home"": -30.5, ""market_spread_price"": -110.0, ""projected_margin_home"": 31.137, ""projection_spread_home"": 31.1375, ""site_spread_home"": 31.1375}",56.0,,,68.0,,,,,,,False,False,False,False
g86,1.0,2026-09-05,Missouri State,Texas A&M,True,True,14,"{""blend_spread_home"": 38.89, ""market_best_away_spread_home"": -39.5, ""market_best_away_spread_price"": -110.0, ""market_best_home_spread_home"": -39.0, ""market_best_home_spread_price"": -110.0, ""market_spread_hold_away_line"": 39.25, ""market_spread_hold_home_line"": -39.25, ""market_spread_hold_pct"": 3.76, ""market_spread_home"": -39.0, ""market_spread_open_home"": -38.5, ""market_spread_price"": -110.0, ""projected_margin_home"": 38.89, ""projection_spread_home"": 38.89, ""site_spread_home"": 38.89}",34.0,,,65.0,,,,,,,False,False,False,False
g87,1.0,2026-09-05,Abilene Christian,Texas Tech,False,True,0,{},,,,,,,,,,,,,,
g88,1.0,2026-09-05,Sam Houston,Troy,False,True,14,"{""blend_spread_home"": 17.455, ""market_best_away_spread_home"": -16.5, ""market_best_away_spread_price"": -108.0, ""market_best_home_spread_home"": -15.5, ""market_best_home_spread_price"": -110.0, ""market_spread_hold_away_line"": 16.0, ""market_spread_hold_home_line"": -16.0, ""market_spread_hold_pct"": 2.3, ""market_spread_home"": -15.5, ""market_spread_open_home"": -17.5, ""market_spread_price"": -110.0, ""projected_margin_home"": 17.455, ""projection_spread_home"": 17.455, ""site_spread_home"": 17.455}",,,,,,,,,,,,,,
g89,1.0,2026-09-05,Oklahoma State,Tulsa,True,True,14,"{""blend_spread_home"": -10.5925, ""market_best_away_spread_home"": 12.5, ""market_best_away_spread_price"": -110.0, ""market_best_home_spread_home"": 13.5, ""market_best_home_spread_price"": -115.0, ""market_spread_hold_away_line"": -13.0, ""market_spread_hold_home_line"": 13.0, ""market_spread_hold_pct"": 3.87, ""market_spread_home"": 12.5, ""market_spread_open_home"": 11.5, ""market_spread_price"": -110.0, ""projected_margin_home"": -10.592, ""projection_spread_home"": -10.5925, ""site_spread_home"": -10.5925}",58.0,,,62.0,,,,,,,False,False,False,False
g90,1.0,2026-09-05,Fresno State,USC,False,True,14,"{""blend_spread_home"": 22.35, ""market_best_away_spread_home"": -23.5, ""market_best_away_spread_price"": -110.0, ""market_best_home_spread_home"": -23.5, ""market_best_home_spread_price"": -102.0, ""market_spread_hold_away_line"": 23.5, ""market_spread_hold_home_line"": -23.5, ""market_spread_hold_pct"": 2.88, ""market_spread_home"": -23.5, ""market_spread_open_home"": -23.5, ""market_spread_price"": -102.0, ""projected_margin_home"": 22.35, ""projection_spread_home"": 22.35, ""site_spread_home"": 22.35}",,,,,,,,,,,,,,
g91,1.0,2026-09-05,UTRGV,UTSA,False,True,0,{},,,,,,,,,,,,,,
g92,1.0,2026-09-05,Idaho State,Utah State,False,True,0,{},,,,,,,,,,,,,,
g93,1.0,2026-09-05,Austin Peay,Vanderbilt,False,True,9,"{""market_best_away_spread_home"": -35.5, ""market_best_away_spread_price"": -115.0, ""market_best_home_spread_home"": -35.5, ""market_best_home_spread_price"": -105.0, ""market_spread_hold_away_line"": 35.5, ""market_spread_hold_home_line"": -35.5, ""market_spread_hold_pct"": 4.71, ""market_spread_home"": -35.5, ""market_spread_price"": -105.0}",,,,,,,,,,,,,,
g94,1.0,2026-09-05,VMI,Virginia Tech,False,True,9,"{""market_best_away_spread_home"": -50.5, ""market_best_away_spread_price"": -105.0, ""market_best_home_spread_home"": -50.5, ""market_best_home_spread_price"": -115.0, ""market_spread_hold_away_line"": 50.5, ""market_spread_hold_home_line"": -50.5, ""market_spread_hold_pct"": 4.71, ""market_spread_home"": -50.5, ""market_spread_price"": -115.0}",,,,,,,,,,,,,,
g95,1.0,2026-09-05,Washington State,Washington,True,True,12,"{""blend_spread_home"": 18.41, ""market_best_away_spread_home"": -21.5, ""market_best_away_spread_price"": -110.0, ""market_best_home_spread_home"": -21.5, ""market_best_home_spread_price"": -105.0, ""market_spread_hold_pct"": 3.6, ""market_spread_home"": -21.5, ""market_spread_open_home"": -21.5, ""market_spread_price"": -105.0, ""projected_margin_home"": 18.41, ""projection_spread_home"": 18.41, ""site_spread_home"": 18.41}",42.0,,,65.0,,,,,,,False,False,False,False
g96,1.0,2026-09-05,Coastal Carolina,West Virginia,True,True,14,"{""blend_spread_home"": 18.4125, ""market_best_away_spread_home"": -21.0, ""market_best_away_spread_price"": -105.0, ""market_best_home_spread_home"": -20.5, ""market_best_home_spread_price"": -110.0, ""market_spread_hold_away_line"": 20.75, ""market_spread_hold_home_line"": -20.75, ""market_spread_hold_pct"": 2.6, ""market_spread_home"": -20.5, ""market_spread_open_home"": -17.5, ""market_spread_price"": -110.0, ""projected_margin_home"": 18.413, ""projection_spread_home"": 18.4125, ""site_spread_home"": 18.4125}",42.0,,,52.0,,,,,,,False,False,False,False
g97,1.0,2026-09-06,Wisconsin,Notre Dame,True,True,14,"{""blend_spread_home"": 22.88, ""market_best_away_spread_home"": -20.5, ""market_best_away_spread_price"": -110.0, ""market_best_home_spread_home"": -20.5, ""market_best_home_spread_price"": -108.0, ""market_spread_hold_away_line"": 20.5, ""market_spread_hold_home_line"": -20.5, ""market_spread_hold_pct"": 4.3, ""market_spread_home"": -20.5, ""market_spread_open_home"": -20.5, ""market_spread_price"": -108.0, ""projected_margin_home"": 22.88, ""projection_spread_home"": 22.88, ""site_spread_home"": 22.88}",59.0,,,72.0,,,,,,,False,False,False,False
g98,1.0,2026-09-06,Louisville,Ole Miss,True,True,14,"{""blend_spread_home"": 7.6225, ""market_best_away_spread_home"": -6.5, ""market_best_away_spread_price"": -104.0, ""market_best_home_spread_home"": -6.5, ""market_best_home_spread_price"": -105.0, ""market_spread_hold_away_line"": 6.5, ""market_spread_hold_home_line"": -6.5, ""market_spread_hold_pct"": 2.2, ""market_spread_home"": -6.5, ""market_spread_open_home"": -6.5, ""market_spread_price"": -105.0, ""projected_margin_home"": 7.622, ""projection_spread_home"": 7.6225, ""site_spread_home"": 7.6225}",53.0,,,61.0,,,,,,,False,False,False,False
g99,1.0,2026-09-07,SMU,Florida State,True,True,14,"{""blend_spread_home"": -1.445, ""market_best_away_spread_home"": 1.5, ""market_best_away_spread_price"": -110.0, ""market_best_home_spread_home"": 2.5, ""market_best_home_spread_price"": -105.0, ""market_spread_hold_away_line"": -2.0, ""market_spread_hold_home_line"": 2.0, ""market_spread_hold_pct"": 1.6, ""market_spread_home"": 1.5, ""market_spread_open_home"": 2.5, ""market_spread_price"": -110.0, ""projected_margin_home"": -1.445, ""projection_spread_home"": -1.445, ""site_spread_home"": -1.445}",62.0,,,57.0,,,,,,,False,False,False,False
g100,2.0,2026-09-10,Florida A&M,Miami-FL,False,True,0,{},,,,,,,,,,,,,,
g101,2.0,2026-09-11,Rutgers,Boston College,True,True,4,"{""blend_spread_home"": -2.6275, ""projected_margin_home"": -2.627, ""projection_spread_home"": -2.6275, ""site_spread_home"": -2.6275}",47.0,,,50.0,,,,,,,False,False,False,False
g102,2.0,2026-09-11,Missouri,Kansas,True,True,12,"{""blend_spread_home"": -7.905, ""market_best_away_spread_home"": 6.5, ""market_best_away_spread_price"": -112.0, ""market_best_home_spread_home"": 7.0, ""market_best_home_spread_price"": -108.0, ""market_spread_hold_pct"": 5.21, ""market_spread_home"": 6.5, ""market_spread_open_home"": 6.5, ""market_spread_price"": -112.0, ""projected_margin_home"": -7.905, ""projection_spread_home"": -7.905, ""site_spread_home"": -7.905}",49.0,,,58.0,,,,,,,False,False,False,False
g103,2.0,2026-09-11,Villanova,Louisville,False,True,0,{},,,,,,,,,,,,,,
g104,2.0,2026-09-12,North Dakota State,Air Force,True,True,4,"{""blend_spread_home"": 0.4362, ""projected_margin_home"": 0.436, ""projection_spread_home"": 0.4362, ""site_spread_home"": 0.4362}",52.0,,,59.0,,,,,,,False,False,False,False
g105,2.0,2026-09-12,Robert Morris,Akron,False,True,0,{},,,,,,,,,,,,,,
g106,2.0,2026-09-12,West Georgia,Arkansas State,False,True,0,{},,,,,,,,,,,,,,
g107,2.0,2026-09-12,South Florida,Army,False,True,4,"{""blend_spread_home"": -2.1275, ""projected_margin_home"": -2.127, ""projection_spread_home"": -2.1275, ""site_spread_home"": -2.1275}",,,,,,,,,,,,,,
g108,2.0,2026-09-12,Southern Miss,Auburn,True,True,4,"{""blend_spread_home"": 28.87, ""projected_margin_home"": 28.87, ""projection_spread_home"": 28.87, ""site_spread_home"": 28.87}",22.0,,,57.0,,,,,,,False,False,False,False
g109,2.0,2026-09-12,Arizona,BYU,True,True,4,"{""blend_spread_home"": 6.8875, ""projected_margin_home"": 6.888, ""projection_spread_home"": 6.8875, ""site_spread_home"": 6.8875}",60.0,,,64.0,,,,,,,False,False,False,False
g110,2.0,2026-09-12,Stony Brook,Ball State,False,True,0,{},,,,,,,,,,,,,,
g111,2.0,2026-09-12,Prairie View A&M,Baylor,False,True,0,{},,,,,,,,,,,,,,
g112,2.0,2026-09-12,Memphis,Boise State,True,True,4,"{""blend_spread_home"": 9.2625, ""projected_margin_home"": 9.262, ""projection_spread_home"": 9.2625, ""site_spread_home"": 9.2625}",42.0,,,57.0,,,,,,,False,False,False,False
g113,2.0,2026-09-12,Colgate,Central Michigan,False,True,0,{},,,,,,,,,,,,,,
g114,2.0,2026-09-12,Western Carolina,Cincinnati,False,True,0,{},,,,,,,,,,,,,,
g115,2.0,2026-09-12,Georgia Southern,Clemson,True,True,4,"{""blend_spread_home"": 24.74, ""projected_margin_home"": 24.74, ""projection_spread_home"": 24.74, ""site_spread_home"": 24.74}",43.0,,,53.0,,,,,,,False,False,False,False
g116,2.0,2026-09-12,Fordham,Coastal Carolina,False,True,0,{},,,,,,,,,,,,,,
g117,2.0,2026-09-12,Weber State,Colorado,False,True,0,{},,,,,,,,,,,,,,
g118,2.0,2026-09-12,Southern Utah,Colorado State,False,True,0,{},,,,,,,,,,,,,,
g119,2.0,2026-09-12,Maryland,Connecticut,True,True,4,"{""blend_spread_home"": -8.9575, ""projected_margin_home"": -8.957, ""projection_spread_home"": -8.9575, ""site_spread_home"": -8.9575}",71.0,,,31.0,,,,,,,False,False,False,False
g120,2.0,2026-09-12,Appalachian State,East Carolina,True,True,4,"{""blend_spread_home"": 12.515, ""projected_margin_home"": 12.515, ""projection_spread_home"": 12.515, ""site_spread_home"": 12.515}",34.0,,,42.0,,,,,,,False,False,False,False
g121,2.0,2026-09-12,Campbell,Florida,False,True,0,{},,,,,,,,,,,,,,
g122,2.0,2026-09-12,Navy,Florida Atlantic,True,True,4,"{""blend_spread_home"": -8.805, ""projected_margin_home"": -8.805, ""projection_spread_home"": -8.805, ""site_spread_home"": -8.805}",47.0,,,64.0,,,,,,,False,False,False,False
g123,2.0,2026-09-12,Buffalo,Florida International,True,True,4,"{""blend_spread_home"": 1.9575, ""projected_margin_home"": 1.958, ""projection_spread_home"": 1.9575, ""site_spread_home"": 1.9575}",30.0,,,47.0,,,,,,,False,False,False,False
g124,2.0,2026-09-12,Sacramento State,Fresno State,True,False,4,"{""blend_spread_home"": 18.1428, ""projected_margin_home"": 18.143, ""projection_spread_home"": 18.1428, ""site_spread_home"": 18.1428}",,,,,,,,,,,,,,
g125,2.0,2026-09-12,Western Kentucky,Georgia,True,True,4,"{""blend_spread_home"": 33.9125, ""projected_margin_home"": 33.913, ""projection_spread_home"": 33.9125, ""site_spread_home"": 33.9125}",32.0,,,68.0,,,,,,,False,False,False,False
g126,2.0,2026-09-12,Tennessee,Georgia Tech,True,True,4,"{""blend_spread_home"": -8.24, ""projected_margin_home"": -8.24, ""projection_spread_home"": -8.24, ""site_spread_home"": -8.24}",62.0,,,49.0,,,,,,,False,False,False,False
g127,2.0,2026-09-12,New Mexico State,Hawaii,True,True,4,"{""blend_spread_home"": 15.4825, ""projected_margin_home"": 15.482, ""projection_spread_home"": 15.4825, ""site_spread_home"": 15.4825}",51.0,,,45.0,,,,,,,False,False,False,False
g128,2.0,2026-09-12,Southern,Houston,False,True,0,{},,,,,,,,,,,,,,
g129,2.0,2026-09-12,Duke,Illinois,True,True,4,"{""blend_spread_home"": 6.1625, ""projected_margin_home"": 6.162, ""projection_spread_home"": 6.1625, ""site_spread_home"": 6.1625}",49.0,,,50.0,,,,,,,False,False,False,False
g130,2.0,2026-09-12,Howard,Indiana,False,True,0,{},,,,,,,,,,,,,,
g131,2.0,2026-09-12,Iowa State,Iowa,True,True,12,"{""blend_spread_home"": 13.9825, ""market_best_away_spread_home"": -12.5, ""market_best_away_spread_price"": 100.0, ""market_best_home_spread_home"": -11.5, ""market_best_home_spread_price"": -110.0, ""market_spread_hold_pct"": 2.38, ""market_spread_home"": -12.5, ""market_spread_open_home"": -12.5, ""market_spread_price"": -122.0, ""projected_margin_home"": 13.982, ""projection_spread_home"": 13.9825, ""site_spread_home"": 13.9825}",45.0,,,44.0,,,,,,,False,False,False,False
g132,2.0,2026-09-12,Wagner,James Madison,False,True,0,{},,,,,,,,,,,,,,
g133,2.0,2026-09-12,Washington State,Kansas State,True,True,4,"{""blend_spread_home"": 14.8375, ""projected_margin_home"": 14.838, ""projection_spread_home"": 14.8375, ""site_spread_home"": 14.8375}",42.0,,,58.0,,,,,,,False,False,False,False
g134,2.0,2026-09-12,Georgia State,Kennesaw State,True,True,4,"{""blend_spread_home"": 11.5625, ""projected_margin_home"": 11.562, ""projection_spread_home"": 11.5625, ""site_spread_home"": 11.5625}",38.0,,,49.0,,,,,,,False,False,False,False
g135,2.0,2026-09-12,Wofford,Kent State,False,True,0,{},,,,,,,,,,,,,,
g136,2.0,2026-09-12,Alabama,Kentucky,True,True,4,"{""blend_spread_home"": -10.8675, ""projected_margin_home"": -10.867, ""projection_spread_home"": -10.8675, ""site_spread_home"": -10.8675}",48.0,,,46.0,,,,,,,False,False,False,False
g137,2.0,2026-09-12,Louisiana Tech,LSU,True,True,4,"{""blend_spread_home"": 31.17, ""projected_margin_home"": 31.17, ""projection_spread_home"": 31.17, ""site_spread_home"": 31.17}",56.0,,,61.0,,,,,,,False,False,False,False
g138,2.0,2026-09-12,Gardner-Webb,Liberty,False,True,0,{},,,,,,,,,,,,,,
g139,2.0,2026-09-12,Middle Tennessee,Marshall,True,True,4,"{""blend_spread_home"": 13.3325, ""projected_margin_home"": 13.332, ""projection_spread_home"": 13.3325, ""site_spread_home"": 13.3325}",36.0,,,48.0,,,,,,,False,False,False,False
g140,2.0,2026-09-12,Sacred Heart,Massachusetts,False,True,0,{},,,,,,,,,,,,,,
g141,2.0,2026-09-12,Holy Cross,Miami-OH,False,True,0,{},,,,,,,,,,,,,,
g142,2.0,2026-09-12,Oklahoma,Michigan,True,True,14,"{""blend_spread_home"": 0.81, ""market_best_away_spread_home"": -2.5, ""market_best_away_spread_price"": -110.0, ""market_best_home_spread_home"": -2.5, ""market_best_home_spread_price"": -105.0, ""market_spread_hold_away_line"": 2.5, ""market_spread_hold_home_line"": -2.5, ""market_spread_hold_pct"": 3.6, ""market_spread_home"": -2.5, ""market_spread_open_home"": -1.5, ""market_spread_price"": -105.0, ""projected_margin_home"": 0.81, ""projection_spread_home"": 0.81, ""site_spread_home"": 0.81}",65.0,,,63.0,,,,,,,False,False,False,False
g143,2.0,2026-09-12,Eastern Michigan,Michigan State,True,True,4,"{""blend_spread_home"": 17.85, ""projected_margin_home"": 17.85, ""projection_spread_home"": 17.85, ""site_spread_home"": 17.85}",62.0,,,46.0,,,,,,,False,False,False,False
g144,2.0,2026-09-12,Mississippi State,Minnesota,True,True,4,"{""blend_spread_home"": 0.5025, ""projected_margin_home"": 0.502, ""projection_spread_home"": 0.5025, ""site_spread_home"": 0.5025}",48.0,,,68.0,,,,,,,False,False,False,False
g145,2.0,2026-09-12,Lindenwood,Missouri State,False,True,0,{},,,,,,,,,,,,,,
g146,2.0,2026-09-12,Richmond,NC State,False,True,0,{},,,,,,,,,,,,,,
g147,2.0,2026-09-12,Bowling Green,Nebraska,True,True,4,"{""blend_spread_home"": 23.8875, ""projected_margin_home"": 23.887, ""projection_spread_home"": 23.8875, ""site_spread_home"": 23.8875}",35.0,,,69.0,,,,,,,False,False,False,False
g148,2.0,2026-09-12,Montana State,Nevada,False,True,0,{},,,,,,,,,,,,,,
g149,2.0,2026-09-12,Mercyhurst,New Mexico,False,True,0,{},,,,,,,,,,,,,,
g150,2.0,2026-09-12,ETSU,North Carolina,False,True,0,{},,,,,,,,,,,,,,
g151,2.0,2026-09-12,UNLV,North Texas,True,True,4,"{""blend_spread_home"": -2.155, ""projected_margin_home"": -2.155, ""projection_spread_home"": -2.155, ""site_spread_home"": -2.155}",40.0,,,32.0,,,,,,,False,False,False,False
g152,2.0,2026-09-12,Illinois State,Northern Illinois,False,True,0,{},,,,,,,,,,,,,,
g153,2.0,2026-09-12,Rice,Notre Dame,True,True,4,"{""blend_spread_home"": 45.6475, ""projected_margin_home"": 45.648, ""projection_spread_home"": 45.6475, ""site_spread_home"": 45.6475}",39.0,,,72.0,,,,,,,False,False,False,False
g154,2.0,2026-09-12,Jacksonville State,Ohio,True,True,4,"{""blend_spread_home"": 3.2075, ""projected_margin_home"": 3.208, ""projection_spread_home"": 3.2075, ""site_spread_home"": 3.2075}",57.0,,,33.0,,,,,,,False,False,False,False
g155,2.0,2026-09-12,Oregon,Oklahoma State,True,True,12,"{""blend_spread_home"": -22.6725, ""market_best_away_spread_home"": 17.5, ""market_best_away_spread_price"": -105.0, ""market_best_home_spread_home"": 18.5, ""market_best_home_spread_price"": -110.0, ""market_spread_hold_pct"": 3.6, ""market_spread_home"": 17.5, ""market_spread_open_home"": 18.0, ""market_spread_price"": -115.0, ""projected_margin_home"": -22.672, ""projection_spread_home"": -22.6725, ""site_spread_home"": -22.6725}",66.0,,,58.0,,,,,,,False,False,False,False
g156,2.0,2026-09-12,Charlotte,Ole Miss,True,True,4,"{""blend_spread_home"": 44.1125, ""projected_margin_home"": 44.112, ""projection_spread_home"": 44.1125, ""site_spread_home"": 44.1125}",43.0,,,61.0,,,,,,,False,False,False,False
g157,2.0,2026-09-12,Texas Tech,Oregon State,True,True,4,"{""blend_spread_home"": -28.7725, ""projected_margin_home"": -28.773, ""projection_spread_home"": -28.7725, ""site_spread_home"": -28.7725}",65.0,,,47.0,,,,,,,False,False,False,False
g158,2.0,2026-09-12,Central Florida,Pittsburgh,True,True,4,"{""blend_spread_home"": 7.8975, ""projected_margin_home"": 7.897, ""projection_spread_home"": 7.8975, ""site_spread_home"": 7.8975}",61.0,,,58.0,,,,,,,False,False,False,False
g159,2.0,2026-09-12,Wake Forest,Purdue,True,True,4,"{""blend_spread_home"": -5.1675, ""projected_margin_home"": -5.168, ""projection_spread_home"": -5.1675, ""site_spread_home"": -5.1675}",53.0,,,58.0,,,,,,,False,False,False,False
g160,2.0,2026-09-12,UC Davis,SMU,False,True,0,{},,,,,,,,,,,,,,
g161,2.0,2026-09-12,Tulsa,Sam Houston,True,False,4,"{""blend_spread_home"": -11.5375, ""projected_margin_home"": -11.537, ""projection_spread_home"": -11.5375, ""site_spread_home"": -11.5375}",,,,,,,,,,,,,,
g162,2.0,2026-09-12,Cal Poly,San Jose State,False,True,0,{},,,,,,,,,,,,,,
g163,2.0,2026-09-12,Towson,South Carolina,False,True,0,{},,,,,,,,,,,,,,
g164,2.0,2026-09-12,California,Syracuse,True,True,4,"{""blend_spread_home"": -2.1125, ""projected_margin_home"": -2.112, ""projection_spread_home"": -2.1125, ""site_spread_home"": -2.1125}",58.0,,,62.0,,,,,,,False,False,False,False
g165,2.0,2026-09-12,Grambling State,TCU,False,True,0,{},,,,,,,,,,,,,,
g166,2.0,2026-09-12,Penn State,Temple,True,True,4,"{""blend_spread_home"": -21.915, ""projected_margin_home"": -21.915, ""projection_spread_home"": -21.915, ""site_spread_home"": -21.915}",52.0,,,53.0,,,,,,,False,False,False,False
g167,2.0,2026-09-12,Ohio State,Texas,True,True,14,"{""blend_spread_home"": -2.7225, ""market_best_away_spread_home"": -1.5, ""market_best_away_spread_price"": -108.0, ""market_best_home_spread_home"": -1.5, ""market_best_home_spread_price"": -105.0, ""market_spread_hold_away_line"": 1.5, ""market_spread_hold_home_line"": -1.5, ""market_spread_hold_pct"": 3.14, ""market_spread_home"": -1.5, ""market_spread_open_home"": -2.5, ""market_spread_price"": -105.0, ""projected_margin_home"": -2.723, ""projection_spread_home"": -2.7225, ""site_spread_home"": -2.7225}",60.0,,,68.0,,,,,,,False,False,False,False
g168,2.0,2026-09-12,Arizona State,Texas A&M,True,True,14,"{""blend_spread_home"": 17.1675, ""market_best_away_spread_home"": -14.5, ""market_best_away_spread_price"": -110.0, ""market_best_home_spread_home"": -14.5, ""market_best_home_spread_price"": -110.0, ""market_spread_hold_away_line"": 14.5, ""market_spread_hold_home_line"": -14.5, ""market_spread_hold_pct"": 4.76, ""market_spread_home"": -14.5, ""market_spread_open_home"": -14.5, ""market_spread_price"": -110.0, ""projected_margin_home"": 17.168, ""projection_spread_home"": 17.1675, ""site_spread_home"": 17.1675}",51.0,,,65.0,,,,,,,False,False,False,False
g169,2.0,2026-09-12,UTSA,Texas State,True,True,4,"{""blend_spread_home"": 1.2425, ""projected_margin_home"": 1.242, ""projection_spread_home"": 1.2425, ""site_spread_home"": 1.2425}",54.0,,,56.0,,,,,,,False,False,False,False
g170,2.0,2026-09-12,CCSU,Toledo,False,True,0,{},,,,,,,,,,,,,,
g171,2.0,2026-09-12,Alabama State,Troy,False,True,0,{},,,,,,,,,,,,,,
g172,2.0,2026-09-12,South Alabama,Tulane,True,True,4,"{""blend_spread_home"": 13.7625, ""projected_margin_home"": 13.762, ""projection_spread_home"": 13.7625, ""site_spread_home"": 13.7625}",44.0,,,40.0,,,,,,,False,False,False,False
g173,2.0,2026-09-12,UL-Monroe,UAB,True,True,4,"{""blend_spread_home"": 7.2625, ""projected_margin_home"": 7.263, ""projection_spread_home"": 7.2625, ""site_spread_home"": 7.2625}",51.0,,,35.0,,,,,,,False,False,False,False
g174,2.0,2026-09-12,San Diego State,UCLA,False,True,4,"{""blend_spread_home"": 4.695, ""projected_margin_home"": 4.695, ""projection_spread_home"": 4.695, ""site_spread_home"": 4.695}",,,,,,,,,,,,,,
g175,2.0,2026-09-12,Louisiana,USC,False,True,4,"{""blend_spread_home"": 30.22, ""projected_margin_home"": 30.22, ""projection_spread_home"": 30.22, ""site_spread_home"": 30.22}",,,,,,,,,,,,,,
g176,2.0,2026-09-12,Texas Southern,UTEP,False,True,0,{},,,,,,,,,,,,,,
g177,2.0,2026-09-12,Arkansas,Utah,True,True,12,"{""blend_spread_home"": 10.43, ""market_best_away_spread_home"": -10.0, ""market_best_away_spread_price"": -110.0, ""market_best_home_spread_home"": -7.5, ""market_best_home_spread_price"": -115.0, ""market_spread_hold_pct"": 5.87, ""market_spread_home"": -7.5, ""market_spread_open_home"": -8.5, ""market_spread_price"": -115.0, ""projected_margin_home"": 10.43, ""projection_spread_home"": 10.43, ""site_spread_home"": 10.43}",55.0,,,55.0,,,,,,,False,False,False,False
g178,2.0,2026-09-12,Delaware,Vanderbilt,True,True,4,"{""blend_spread_home"": 23.9925, ""projected_margin_home"": 23.992, ""projection_spread_home"": 23.9925, ""site_spread_home"": 23.9925}",62.0,,,44.0,,,,,,,False,False,False,False
g179,2.0,2026-09-12,Norfolk State,Virginia,False,True,0,{},,,,,,,,,,,,,,
g180,2.0,2026-09-12,Old Dominion,Virginia Tech,True,True,4,"{""blend_spread_home"": 10.5025, ""projected_margin_home"": 10.502, ""projection_spread_home"": 10.5025, ""site_spread_home"": 10.5025}",40.0,,,69.0,,,,,,,False,False,False,False
g181,2.0,2026-09-12,Utah State,Washington,True,True,4,"{""blend_spread_home"": 21.635, ""projected_margin_home"": 21.635, ""projection_spread_home"": 21.635, ""site_spread_home"": 21.635}",48.0,,,65.0,,,,,,,False,False,False,False
g182,2.0,2026-09-12,UT Martin,West Virginia,False,True,0,{},,,,,,,,,,,,,,
g183,2.0,2026-09-12,Monmouth,Western Michigan,False,True,0,{},,,,,,,,,,,,,,
g184,2.0,2026-09-12,Western Illinois,Wisconsin,False,True,0,{},,,,,,,,,,,,,,
g185,2.0,2026-09-12,Northern Colorado,Wyoming,False,True,0,{},,,,,,,,,,,,,,
g186,3.0,2026-09-17,Syracuse,Pittsburgh,True,True,4,"{""blend_spread_home"": 12.8775, ""projected_margin_home"": 12.877, ""projection_spread_home"": 12.8775, ""site_spread_home"": 12.8775}",62.0,,,58.0,,,,,,,False,False,False,False
g187,3.0,2026-09-18,Houston,Texas Tech,True,True,12,"{""blend_spread_home"": 17.9375, ""market_best_away_spread_home"": -13.5, ""market_best_away_spread_price"": -105.0, ""market_best_home_spread_home"": -13.5, ""market_best_home_spread_price"": -115.0, ""market_spread_hold_pct"": 5.87, ""market_spread_home"": -13.5, ""market_spread_open_home"": -12.5, ""market_spread_price"": -115.0, ""projected_margin_home"": 17.938, ""projection_spread_home"": 17.9375, ""site_spread_home"": 17.9375}",65.0,,,65.0,,,,,,,False,False,False,False
g188,3.0,2026-09-18,Miami-FL,Wake Forest,True,True,4,"{""blend_spread_home"": -16.29, ""projected_margin_home"": -16.29, ""projection_spread_home"": -16.29, ""site_spread_home"": -16.29}",49.0,,,53.0,,,,,,,False,False,False,False
g189,3.0,2026-09-19,Florida State,Alabama,True,True,14,"{""blend_spread_home"": 14.07, ""market_best_away_spread_home"": -15.5, ""market_best_away_spread_price"": -110.0, ""market_best_home_spread_home"": -15.5, ""market_best_home_spread_price"": -110.0, ""market_spread_hold_away_line"": 15.5, ""market_spread_hold_home_line"": -15.5, ""market_spread_hold_pct"": 4.76, ""market_spread_home"": -15.5, ""market_spread_open_home"": -15.5, ""market_spread_price"": -110.0, ""projected_margin_home"": 14.07, ""projection_spread_home"": 14.07, ""site_spread_home"": 14.07}",57.0,,,48.0,,,,,,,False,False,False,False
g190,3.0,2026-09-19,Charlotte,Appalachian State,True,True,4,"{""blend_spread_home"": 13.29, ""projected_margin_home"": 13.29, ""projection_spread_home"": 13.29, ""site_spread_home"": 13.29}",43.0,,,34.0,,,,,,,False,False,False,False
g191,3.0,2026-09-19,Northern Illinois,Arizona,True,True,4,"{""blend_spread_home"": 30.08, ""projected_margin_home"": 30.08, ""projection_spread_home"": 30.08, ""site_spread_home"": 30.08}",48.0,,,60.0,,,,,,,False,False,False,False
g192,3.0,2026-09-19,Georgia,Arkansas,True,True,12,"{""blend_spread_home"": -17.0775, ""market_best_away_spread_home"": 13.5, ""market_best_away_spread_price"": -122.0, ""market_best_home_spread_home"": 13.5, ""market_best_home_spread_price"": 100.0, ""market_spread_hold_pct"": 4.95, ""market_spread_home"": 13.5, ""market_spread_open_home"": 13.5, ""market_spread_price"": 100.0, ""projected_margin_home"": -17.078, ""projection_spread_home"": -17.0775, ""site_spread_home"": -17.0775}",68.0,,,55.0,,,,,,,False,False,False,False
g193,3.0,2026-09-19,Florida,Auburn,True,True,14,"{""blend_spread_home"": 1.0875, ""market_best_away_spread_home"": -1.5, ""market_best_away_spread_price"": -115.0, ""market_best_home_spread_home"": -1.5, ""market_best_home_spread_price"": -105.0, ""market_spread_hold_away_line"": 1.5, ""market_spread_hold_home_line"": -1.5, ""market_spread_hold_pct"": 4.71, ""market_spread_home"": -1.5, ""market_spread_open_home"": 0.0, ""market_spread_price"": -105.0, ""projected_margin_home"": 1.087, ""projection_spread_home"": 1.0875, ""site_spread_home"": 1.0875}",66.0,,,57.0,,,,,,,False,False,False,False
g194,3.0,2026-09-19,Louisiana Tech,Baylor,True,True,4,"{""blend_spread_home"": 17.08, ""projected_margin_home"": 17.08, ""projection_spread_home"": 17.08, ""site_spread_home"": 17.08}",56.0,,,53.0,,,,,,,False,False,False,False
g195,3.0,2026-09-19,South Dakota,Boise State,False,True,0,{},,,,,,,,,,,,,,
g196,3.0,2026-09-19,Maine,Boston College,False,True,0,{},,,,,,,,,,,,,,
g197,3.0,2026-09-19,Wagner,California,False,True,0,{},,,,,,,,,,,,,,
g198,3.0,2026-09-19,Georgia State,Central Florida,True,True,4,"{""blend_spread_home"": 24.0075, ""projected_margin_home"": 24.008, ""projection_spread_home"": 24.0075, ""site_spread_home"": 24.0075}",38.0,,,61.0,,,,,,,False,False,False,False
g199,3.0,2026-09-19,Wyoming,Central Michigan,True,True,4,"{""blend_spread_home"": 1.4125, ""projected_margin_home"": 1.413, ""projection_spread_home"": 1.4125, ""site_spread_home"": 1.4125}",40.0,,,46.0,,,,,,,False,False,False,False
g200,3.0,2026-09-19,Miami-OH,Cincinnati,True,True,4,"{""blend_spread_home"": 11.4875, ""projected_margin_home"": 11.488, ""projection_spread_home"": 11.4875, ""site_spread_home"": 11.4875}",49.0,,,57.0,,,,,,,False,False,False,False
g201,3.0,2026-09-19,North Carolina,Clemson,True,True,4,"{""blend_spread_home"": 12.685, ""projected_margin_home"": 12.685, ""projection_spread_home"": 12.685, ""site_spread_home"": 12.685}",44.0,,,53.0,,,,,,,False,False,False,False
g202,3.0,2026-09-19,BYU,Colorado State,True,True,4,"{""blend_spread_home"": -24.305, ""projected_margin_home"": -24.305, ""projection_spread_home"": -24.305, ""site_spread_home"": -24.305}",64.0,,,46.0,,,,,,,False,False,False,False
g203,3.0,2026-09-19,Coastal Carolina,Delaware,True,True,4,"{""blend_spread_home"": 5.4025, ""projected_margin_home"": 5.402, ""projection_spread_home"": 5.4025, ""site_spread_home"": 5.4025}",42.0,,,62.0,,,,,,,False,False,False,False
g204,3.0,2026-09-19,Stanford,Duke,True,True,4,"{""blend_spread_home"": 10.635, ""projected_margin_home"": 10.635, ""projection_spread_home"": 10.635, ""site_spread_home"": 10.635}",60.0,,,49.0,,,,,,,False,False,False,False
g205,3.0,2026-09-19,Florida International,Florida Atlantic,True,True,4,"{""blend_spread_home"": 5.53, ""projected_margin_home"": 5.53, ""projection_spread_home"": 5.53, ""site_spread_home"": 5.53}",47.0,,,64.0,,,,,,,False,False,False,False
g206,3.0,2026-09-19,Mercer,Georgia Tech,False,True,0,{},,,,,,,,,,,,,,
g207,3.0,2026-09-19,Southern Illinois,Illinois,False,True,0,{},,,,,,,,,,,,,,
g208,3.0,2026-09-19,Western Kentucky,Indiana,True,True,4,"{""blend_spread_home"": 35.9, ""projected_margin_home"": 35.9, ""projection_spread_home"": 35.9, ""site_spread_home"": 35.9}",32.0,,,56.0,,,,,,,False,False,False,False
g209,3.0,2026-09-19,Northern Iowa,Iowa,False,True,0,{},,,,,,,,,,,,,,
g210,3.0,2026-09-19,Bowling Green,Iowa State,True,True,4,"{""blend_spread_home"": 20.2025, ""projected_margin_home"": 20.203, ""projection_spread_home"": 20.2025, ""site_spread_home"": 20.2025}",35.0,,,45.0,,,,,,,False,False,False,False
g211,3.0,2026-09-19,Georgia Southern,Jacksonville State,True,True,4,"{""blend_spread_home"": 3.2025, ""projected_margin_home"": 3.203, ""projection_spread_home"": 3.2025, ""site_spread_home"": 3.2025}",43.0,,,57.0,,,,,,,False,False,False,False
g212,3.0,2026-09-19,Arizona State,Kansas,True,True,4,"{""blend_spread_home"": -2.2225, ""projected_margin_home"": -2.223, ""projection_spread_home"": -2.2225, ""site_spread_home"": -2.2225}",51.0,,,58.0,,,,,,,False,False,False,False
g213,3.0,2026-09-19,Tulane,Kansas State,True,True,4,"{""blend_spread_home"": 12.4975, ""projected_margin_home"": 12.498, ""projection_spread_home"": 12.4975, ""site_spread_home"": 12.4975}",40.0,,,58.0,,,,,,,False,False,False,False
g214,3.0,2026-09-19,Ball State,Liberty,True,True,4,"{""blend_spread_home"": 17.3625, ""projected_margin_home"": 17.363, ""projection_spread_home"": 17.3625, ""site_spread_home"": 17.3625}",36.0,,,57.0,,,,,,,False,False,False,False
g215,3.0,2026-09-19,UAB,Louisiana,True,False,4,"{""blend_spread_home"": 9.645, ""projected_margin_home"": 9.645, ""projection_spread_home"": 9.645, ""site_spread_home"": 9.645}",,,,,,,,,,,,,,
g216,3.0,2026-09-19,SMU,Louisville,True,True,14,"{""blend_spread_home"": 1.8175, ""market_best_away_spread_home"": -1.5, ""market_best_away_spread_price"": -115.0, ""market_best_home_spread_home"": -1.5, ""market_best_home_spread_price"": -105.0, ""market_spread_hold_away_line"": 1.5, ""market_spread_hold_home_line"": -1.5, ""market_spread_hold_pct"": 4.71, ""market_spread_home"": -1.5, ""market_spread_open_home"": -1.5, ""market_spread_price"": -105.0, ""projected_margin_home"": 1.817, ""projection_spread_home"": 1.8175, ""site_spread_home"": 1.8175}",62.0,,,53.0,,,,,,,False,False,False,False
g217,3.0,2026-09-19,Virginia Tech,Maryland,True,True,4,"{""blend_spread_home"": -1.95, ""projected_margin_home"": -1.95, ""projection_spread_home"": -1.95, ""site_spread_home"": -1.95}",69.0,,,71.0,,,,,,,False,False,False,False
g218,3.0,2026-09-19,Stonehill,Massachusetts,False,True,0,{},,,,,,,,,,,,,,
g219,3.0,2026-09-19,UT Martin,Memphis,False,True,0,{},,,,,,,,,,,,,,
g220,3.0,2026-09-19,UTEP,Michigan,True,True,4,"{""blend_spread_home"": 38.6925, ""projected_margin_home"": 38.693, ""projection_spread_home"": 38.6925, ""site_spread_home"": 38.6925}",35.0,,,63.0,,,,,,,False,False,False,False
g221,3.0,2026-09-19,Nevada,Middle Tennessee,True,True,4,"{""blend_spread_home"": -2.9025, ""projected_margin_home"": -2.902, ""projection_spread_home"": -2.9025, ""site_spread_home"": -2.9025}",48.0,,,36.0,,,,,,,False,False,False,False
g222,3.0,2026-09-19,Akron,Minnesota,True,True,4,"{""blend_spread_home"": 23.8525, ""projected_margin_home"": 23.852, ""projection_spread_home"": 23.8525, ""site_spread_home"": 23.8525}",40.0,,,68.0,,,,,,,False,False,False,False
g223,3.0,2026-09-19,Troy,Missouri,True,True,4,"{""blend_spread_home"": 24.9125, ""projected_margin_home"": 24.913, ""projection_spread_home"": 24.9125, ""site_spread_home"": 24.9125}",39.0,,,49.0,,,,,,,False,False,False,False
g224,3.0,2026-09-19,Marshall,Missouri State,True,True,4,"{""blend_spread_home"": -4.44, ""projected_margin_home"": -4.44, ""projection_spread_home"": -4.44, ""site_spread_home"": -4.44}",48.0,,,34.0,,,,,,,False,False,False,False
g225,3.0,2026-09-19,North Dakota,Nebraska,False,True,0,{},,,,,,,,,,,,,,
g226,3.0,2026-09-19,Colorado,Northwestern,True,True,4,"{""blend_spread_home"": 6.265, ""projected_margin_home"": 6.265, ""projection_spread_home"": 6.265, ""site_spread_home"": 6.265}",55.0,,,57.0,,,,,,,False,False,False,False
g227,3.0,2026-09-19,Michigan State,Notre Dame,True,True,4,"{""blend_spread_home"": 29.95, ""projected_margin_home"": 29.95, ""projection_spread_home"": 29.95, ""site_spread_home"": 29.95}",46.0,,,72.0,,,,,,,False,False,False,False
g228,3.0,2026-09-19,Kent State,Ohio State,True,True,4,"{""blend_spread_home"": 53.5225, ""projected_margin_home"": 53.523, ""projection_spread_home"": 53.5225, ""site_spread_home"": 53.5225}",48.0,,,60.0,,,,,,,False,False,False,False
g229,3.0,2026-09-19,New Mexico,Oklahoma,True,True,4,"{""blend_spread_home"": 24.1275, ""projected_margin_home"": 24.128, ""projection_spread_home"": 24.1275, ""site_spread_home"": 24.1275}",63.0,,,65.0,,,,,,,False,False,False,False
g230,3.0,2026-09-19,Murray State,Oklahoma State,False,True,0,{},,,,,,,,,,,,,,
g231,3.0,2026-09-19,East Carolina,Old Dominion,True,True,4,"{""blend_spread_home"": 0.56, ""projected_margin_home"": 0.56, ""projection_spread_home"": 0.56, ""site_spread_home"": 0.56}",42.0,,,40.0,,,,,,,False,False,False,False
g232,3.0,2026-09-19,LSU,Ole Miss,True,True,14,"{""blend_spread_home"": 2.9275, ""market_best_away_spread_home"": -1.5, ""market_best_away_spread_price"": -105.0, ""market_best_home_spread_home"": -1.5, ""market_best_home_spread_price"": -115.0, ""market_spread_hold_away_line"": 1.5, ""market_spread_hold_home_line"": -1.5, ""market_spread_hold_pct"": 4.71, ""market_spread_home"": -1.5, ""market_spread_open_home"": -2.5, ""market_spread_price"": -115.0, ""projected_margin_home"": 2.928, ""projection_spread_home"": 2.9275, ""site_spread_home"": 2.9275}",61.0,,,61.0,,,,,,,False,False,False,False
g233,3.0,2026-09-19,Portland State,Oregon,False,True,0,{},,,,,,,,,,,,,,
g234,3.0,2026-09-19,Montana,Oregon State,False,True,0,{},,,,,,,,,,,,,,
g235,3.0,2026-09-19,Buffalo,Penn State,True,True,4,"{""blend_spread_home"": 32.1025, ""projected_margin_home"": 32.102, ""projection_spread_home"": 32.1025, ""site_spread_home"": 32.1025}",30.0,,,52.0,,,,,,,False,False,False,False
g236,3.0,2026-09-19,Western Michigan,Rice,True,True,4,"{""blend_spread_home"": -6.4875, ""projected_margin_home"": -6.487, ""projection_spread_home"": -6.4875, ""site_spread_home"": -6.4875}",51.0,,,39.0,,,,,,,False,False,False,False
g237,3.0,2026-09-19,USC,Rutgers,True,True,4,"{""blend_spread_home"": -14.82, ""projected_margin_home"": -14.82, ""projection_spread_home"": -14.82, ""site_spread_home"": -14.82}",65.0,,,47.0,,,,,,,False,False,False,False
g238,3.0,2026-09-19,North Dakota State,Sacramento State,True,True,4,"{""blend_spread_home"": -10.7666, ""projected_margin_home"": -10.767, ""projection_spread_home"": -10.7666, ""site_spread_home"": -10.7666}",52.0,,,32.0,,,,,,,False,False,False,False
g239,3.0,2026-09-19,Nicholls,Sam Houston,False,False,0,{},,,,,,,,,,,,,,
g240,3.0,2026-09-19,James Madison,San Diego State,True,False,4,"{""blend_spread_home"": 0.915, ""projected_margin_home"": 0.915, ""projection_spread_home"": 0.915, ""site_spread_home"": 0.915}",,,,,,,,,,,,,,
g241,3.0,2026-09-19,Fresno State,San Jose State,False,True,4,"{""blend_spread_home"": -9.92, ""projected_margin_home"": -9.92, ""projection_spread_home"": -9.92, ""site_spread_home"": -9.92}",,,,,,,,,,,,,,
g242,3.0,2026-09-19,Ohio,South Alabama,True,True,4,"{""blend_spread_home"": 0.6475, ""projected_margin_home"": 0.647, ""projection_spread_home"": 0.6475, ""site_spread_home"": 0.6475}",33.0,,,44.0,,,,,,,False,False,False,False
g243,3.0,2026-09-19,Mississippi State,South Carolina,True,True,4,"{""blend_spread_home"": 8.38, ""projected_margin_home"": 8.38, ""projection_spread_home"": 8.38, ""site_spread_home"": 8.38}",48.0,,,68.0,,,,,,,False,False,False,False
g244,3.0,2026-09-19,Delaware State,South Florida,False,False,0,{},,,,,,,,,,,,,,
g245,3.0,2026-09-19,Connecticut,Southern Miss,True,True,4,"{""blend_spread_home"": -2.48, ""projected_margin_home"": -2.48, ""projection_spread_home"": -2.48, ""site_spread_home"": -2.48}",31.0,,,22.0,,,,,,,False,False,False,False
g246,3.0,2026-09-19,Arkansas State,TCU,True,True,4,"{""blend_spread_home"": 20.8925, ""projected_margin_home"": 20.892, ""projection_spread_home"": 20.8925, ""site_spread_home"": 20.8925}",49.0,,,51.0,,,,,,,False,False,False,False
g247,3.0,2026-09-19,Kennesaw State,Tennessee,True,True,4,"{""blend_spread_home"": 28.4525, ""projected_margin_home"": 28.453, ""projection_spread_home"": 28.4525, ""site_spread_home"": 28.4525}",49.0,,,62.0,,,,,,,False,False,False,False
g248,3.0,2026-09-19,UTSA,Texas,True,True,4,"{""blend_spread_home"": 30.08, ""projected_margin_home"": 30.08, ""projection_spread_home"": 30.08, ""site_spread_home"": 30.08}",54.0,,,68.0,,,,,,,False,False,False,False
g249,3.0,2026-09-19,Kentucky,Texas A&M,True,True,4,"{""blend_spread_home"": 17.6675, ""projected_margin_home"": 17.668, ""projection_spread_home"": 17.6675, ""site_spread_home"": 17.6675}",46.0,,,65.0,,,,,,,False,False,False,False
g250,3.0,2026-09-19,North Texas,Texas State,True,True,4,"{""blend_spread_home"": 3.665, ""projected_margin_home"": 3.665, ""projection_spread_home"": 3.665, ""site_spread_home"": 3.665}",32.0,,,56.0,,,,,,,False,False,False,False
g251,3.0,2026-09-19,Temple,Toledo,True,True,4,"{""blend_spread_home"": 6.8775, ""projected_margin_home"": 6.878, ""projection_spread_home"": 6.8775, ""site_spread_home"": 6.8775}",53.0,,,33.0,,,,,,,False,False,False,False
g252,3.0,2026-09-19,East Texas A&M,Tulsa,False,True,0,{},,,,,,,,,,,,,,
g253,3.0,2026-09-19,Purdue,UCLA,True,True,4,"{""blend_spread_home"": 7.285, ""projected_margin_home"": 7.285, ""projection_spread_home"": 7.285, ""site_spread_home"": 7.285}",58.0,,,67.0,,,,,,,False,False,False,False
g254,3.0,2026-09-19,Southeastern La.,UL-Monroe,False,True,0,{},,,,,,,,,,,,,,
g255,3.0,2026-09-19,Utah State,Utah,True,True,4,"{""blend_spread_home"": 22.2125, ""projected_margin_home"": 22.212, ""projection_spread_home"": 22.2125, ""site_spread_home"": 22.2125}",48.0,,,55.0,,,,,,,False,False,False,False
g256,3.0,2026-09-19,NC State,Vanderbilt,True,True,4,"{""blend_spread_home"": 8.06, ""projected_margin_home"": 8.06, ""projection_spread_home"": 8.06, ""site_spread_home"": 8.06}",54.0,,,44.0,,,,,,,False,False,False,False
g257,3.0,2026-09-19,Eastern Washington,Washington,False,True,0,{},,,,,,,,,,,,,,
g258,3.0,2026-09-19,Duquesne,Washington State,False,True,0,{},,,,,,,,,,,,,,
g259,3.0,2026-09-19,Virginia,West Virginia,True,True,4,"{""blend_spread_home"": -7.425, ""projected_margin_home"": -7.425, ""projection_spread_home"": -7.425, ""site_spread_home"": -7.425}",59.0,,,52.0,,,,,,,False,False,False,False
g260,3.0,2026-09-19,Eastern Michigan,Wisconsin,True,True,4,"{""blend_spread_home"": 21.72, ""projected_margin_home"": 21.72, ""projection_spread_home"": 21.72, ""site_spread_home"": 21.72}",62.0,,,59.0,,,,,,,False,False,False,False
g261,4.0,2026-09-24,Liberty,Coastal Carolina,True,True,4,"{""blend_spread_home"": -3.3975, ""projected_margin_home"": -3.397, ""projection_spread_home"": -3.3975, ""site_spread_home"": -3.3975}",57.0,,,42.0,,,,,,,False,False,False,False
g262,4.0,2026-09-25,Clemson,California,True,True,4,"{""blend_spread_home"": -7.42, ""projected_margin_home"": -7.42, ""projection_spread_home"": -7.42, ""site_spread_home"": -7.42}",53.0,,,58.0,,,,,,,False,False,False,False
g263,4.0,2026-09-25,Navy,UAB,True,True,4,"{""blend_spread_home"": -14.095, ""projected_margin_home"": -14.095, ""projection_spread_home"": -14.095, ""site_spread_home"": -14.095}",47.0,,,35.0,,,,,,,False,False,False,False
g264,4.0,2026-09-26,UNLV,Akron,True,True,4,"{""blend_spread_home"": -17.54, ""projected_margin_home"": -17.54, ""projection_spread_home"": -17.54, ""site_spread_home"": -17.54}",40.0,,,40.0,,,,,,,False,False,False,False
g265,4.0,2026-09-26,South Carolina,Alabama,True,True,4,"{""blend_spread_home"": 11.1925, ""projected_margin_home"": 11.193, ""projection_spread_home"": 11.1925, ""site_spread_home"": 11.1925}",68.0,,,48.0,,,,,,,False,False,False,False
g266,4.0,2026-09-26,Tulsa,Arkansas,True,True,4,"{""blend_spread_home"": 17.9, ""projected_margin_home"": 17.9, ""projection_spread_home"": 17.9, ""site_spread_home"": 17.9}",62.0,,,55.0,,,,,,,False,False,False,False
g267,4.0,2026-09-26,Kennesaw State,Arkansas State,True,True,4,"{""blend_spread_home"": 3.5, ""projected_margin_home"": 3.5, ""projection_spread_home"": 3.5, ""site_spread_home"": 3.5}",49.0,,,49.0,,,,,,,False,False,False,False
g268,4.0,2026-09-26,Vanderbilt,Auburn,True,True,4,"{""blend_spread_home"": 3.355, ""projected_margin_home"": 3.355, ""projection_spread_home"": 3.355, ""site_spread_home"": 3.355}",44.0,,,57.0,,,,,,,False,False,False,False
g269,4.0,2026-09-26,Colorado,Baylor,True,True,4,"{""blend_spread_home"": 7.955, ""projected_margin_home"": 7.955, ""projection_spread_home"": 7.955, ""site_spread_home"": 7.955}",55.0,,,53.0,,,,,,,False,False,False,False
g270,4.0,2026-09-26,Virginia Tech,Boston College,True,True,4,"{""blend_spread_home"": -7.585, ""projected_margin_home"": -7.585, ""projection_spread_home"": -7.585, ""site_spread_home"": -7.585}",69.0,,,50.0,,,,,,,False,False,False,False
g271,4.0,2026-09-26,South Florida,Bowling Green,False,True,4,"{""blend_spread_home"": -14.705, ""projected_margin_home"": -14.705, ""projection_spread_home"": -14.705, ""site_spread_home"": -14.705}",,,,,,,,,,,,,,
g272,4.0,2026-09-26,Robert Morris,Buffalo,False,True,0,{},,,,,,,,,,,,,,
g273,4.0,2026-09-26,TCU,Central Florida,True,True,4,"{""blend_spread_home"": -4.3475, ""projected_margin_home"": -4.348, ""projection_spread_home"": -4.3475, ""site_spread_home"": -4.3475}",51.0,,,61.0,,,,,,,False,False,False,False
g274,4.0,2026-09-26,Louisiana,Charlotte,False,True,4,"{""blend_spread_home"": -11.61, ""projected_margin_home"": -11.61, ""projection_spread_home"": -11.61, ""site_spread_home"": -11.61}",,,,,,,,,,,,,,
g275,4.0,2026-09-26,Kansas State,Cincinnati,True,True,4,"{""blend_spread_home"": -2.44, ""projected_margin_home"": -2.44, ""projection_spread_home"": -2.44, ""site_spread_home"": -2.44}",58.0,,,57.0,,,,,,,False,False,False,False
g276,4.0,2026-09-26,William & Mary,Duke,False,True,0,{},,,,,,,,,,,,,,
g277,4.0,2026-09-26,NC Central,East Carolina,False,True,0,{},,,,,,,,,,,,,,
g278,4.0,2026-09-26,Lindenwood,Eastern Michigan,False,True,0,{},,,,,,,,,,,,,,
g279,4.0,2026-09-26,Ole Miss,Florida,True,True,4,"{""blend_spread_home"": -1.95, ""projected_margin_home"": -1.95, ""projection_spread_home"": -1.95, ""site_spread_home"": -1.95}",61.0,,,66.0,,,,,,,False,False,False,False
g280,4.0,2026-09-26,LIU,Florida International,False,True,0,{},,,,,,,,,,,,,,
g281,4.0,2026-09-26,Central Arkansas,Florida State,False,True,0,{},,,,,,,,,,,,,,
g282,4.0,2026-09-26,Rice,Fresno State,True,False,4,"{""blend_spread_home"": 15.86, ""projected_margin_home"": 15.86, ""projection_spread_home"": 15.86, ""site_spread_home"": 15.86}",,,,,,,,,,,,,,
g283,4.0,2026-09-26,Oklahoma,Georgia,True,True,9,"{""blend_spread_home"": 8.5025, ""market_spread_hold_away_line"": 10.0, ""market_spread_hold_home_line"": -10.0, ""market_spread_hold_pct"": 4.76, ""market_spread_home"": -10.0, ""market_spread_price"": -110.0, ""projected_margin_home"": 8.502, ""projection_spread_home"": 8.5025, ""site_spread_home"": 8.5025}",65.0,,,68.0,,,,,,,False,False,False,False
g284,4.0,2026-09-26,Houston,Georgia Southern,True,True,4,"{""blend_spread_home"": -14.9075, ""projected_margin_home"": -14.908, ""projection_spread_home"": -14.9075, ""site_spread_home"": -14.9075}",65.0,,,43.0,,,,,,,False,False,False,False
g285,4.0,2026-09-26,Northern Illinois,Georgia State,True,True,4,"{""blend_spread_home"": 0.2625, ""projected_margin_home"": 0.263, ""projection_spread_home"": 0.2625, ""site_spread_home"": 0.2625}",48.0,,,38.0,,,,,,,False,False,False,False
g286,4.0,2026-09-26,Northwestern,Indiana,True,True,4,"{""blend_spread_home"": 25.1425, ""projected_margin_home"": 25.142, ""projection_spread_home"": 25.1425, ""site_spread_home"": 25.1425}",57.0,,,56.0,,,,,,,False,False,False,False
g287,4.0,2026-09-26,Utah,Iowa State,True,True,4,"{""blend_spread_home"": -8.285, ""projected_margin_home"": -8.285, ""projection_spread_home"": -8.285, ""site_spread_home"": -8.285}",55.0,,,45.0,,,,,,,False,False,False,False
g288,4.0,2026-09-26,Middle Tennessee,Jacksonville State,True,True,4,"{""blend_spread_home"": 13.4325, ""projected_margin_home"": 13.432, ""projection_spread_home"": 13.4325, ""site_spread_home"": 13.4325}",36.0,,,57.0,,,,,,,False,False,False,False
g289,4.0,2026-09-26,Ball State,Kent State,True,True,4,"{""blend_spread_home"": 4.4275, ""projected_margin_home"": 4.428, ""projection_spread_home"": 4.4275, ""site_spread_home"": 4.4275}",36.0,,,48.0,,,,,,,False,False,False,False
g290,4.0,2026-09-26,South Alabama,Kentucky,True,True,4,"{""blend_spread_home"": 19.6275, ""projected_margin_home"": 19.628, ""projection_spread_home"": 19.6275, ""site_spread_home"": 19.6275}",44.0,,,46.0,,,,,,,False,False,False,False
g291,4.0,2026-09-26,Texas A&M,LSU,True,True,13,"{""blend_spread_home"": 0.7875, ""market_best_away_spread_home"": -3.0, ""market_best_away_spread_price"": -108.0, ""market_best_home_spread_home"": -3.0, ""market_best_home_spread_price"": -112.0, ""market_spread_hold_away_line"": 3.0, ""market_spread_hold_home_line"": -3.0, ""market_spread_hold_pct"": 4.75, ""market_spread_home"": -3.0, ""market_spread_price"": -112.0, ""projected_margin_home"": 0.787, ""projection_spread_home"": 0.7875, ""site_spread_home"": 0.7875}",65.0,,,61.0,,,,,,,False,False,False,False
g292,4.0,2026-09-26,Wake Forest,Louisville,True,True,4,"{""blend_spread_home"": 9.91, ""projected_margin_home"": 9.91, ""projection_spread_home"": 9.91, ""site_spread_home"": 9.91}",53.0,,,53.0,,,,,,,False,False,False,False
g293,4.0,2026-09-26,Gardner-Webb,Marshall,False,True,0,{},,,,,,,,,,,,,,
g294,4.0,2026-09-26,UCLA,Maryland,True,True,4,"{""blend_spread_home"": 1.02, ""projected_margin_home"": 1.02, ""projection_spread_home"": 1.02, ""site_spread_home"": 1.02}",67.0,,,71.0,,,,,,,False,False,False,False
g295,4.0,2026-09-26,Central Michigan,Miami-FL,True,True,4,"{""blend_spread_home"": 37.3275, ""projected_margin_home"": 37.328, ""projection_spread_home"": 37.3275, ""site_spread_home"": 37.3275}",46.0,,,49.0,,,,,,,False,False,False,False
g296,4.0,2026-09-26,Connecticut,Miami-OH,True,True,4,"{""blend_spread_home"": 4.175, ""projected_margin_home"": 4.175, ""projection_spread_home"": 4.175, ""site_spread_home"": 4.175}",31.0,,,49.0,,,,,,,False,False,False,False
g297,4.0,2026-09-26,Iowa,Michigan,True,True,4,"{""blend_spread_home"": 5.8575, ""projected_margin_home"": 5.857, ""projection_spread_home"": 5.8575, ""site_spread_home"": 5.8575}",44.0,,,63.0,,,,,,,False,False,False,False
g298,4.0,2026-09-26,Nebraska,Michigan State,True,True,4,"{""blend_spread_home"": -4.395, ""projected_margin_home"": -4.395, ""projection_spread_home"": -4.395, ""site_spread_home"": -4.395}",69.0,,,46.0,,,,,,,False,False,False,False
g299,4.0,2026-09-26,Missouri,Mississippi State,True,True,4,"{""blend_spread_home"": -6.4875, ""projected_margin_home"": -6.487, ""projection_spread_home"": -6.4875, ""site_spread_home"": -6.4875}",49.0,,,48.0,,,,,,,False,False,False,False
g300,4.0,2026-09-26,Appalachian State,NC State,True,True,4,"{""blend_spread_home"": 19.445, ""projected_margin_home"": 19.445, ""projection_spread_home"": 19.445, ""site_spread_home"": 19.445}",34.0,,,54.0,,,,,,,False,False,False,False
g301,4.0,2026-09-26,Air Force,Nevada,True,True,4,"{""blend_spread_home"": -5.2225, ""projected_margin_home"": -5.223, ""projection_spread_home"": -5.2225, ""site_spread_home"": -5.2225}",59.0,,,48.0,,,,,,,False,False,False,False
g302,4.0,2026-09-26,New Mexico,New Mexico State,True,True,4,"{""blend_spread_home"": -12.27, ""projected_margin_home"": -12.27, ""projection_spread_home"": -12.27, ""site_spread_home"": -12.27}",63.0,,,51.0,,,,,,,False,False,False,False
g303,4.0,2026-09-26,HCU,North Texas,False,True,0,{},,,,,,,,,,,,,,
g304,4.0,2026-09-26,Stonehill,Ohio,False,True,0,{},,,,,,,,,,,,,,
g305,4.0,2026-09-26,Illinois,Ohio State,True,True,4,"{""blend_spread_home"": 24.425, ""projected_margin_home"": 24.425, ""projection_spread_home"": 24.425, ""site_spread_home"": 24.425}",50.0,,,60.0,,,,,,,False,False,False,False
g306,4.0,2026-09-26,James Madison,Old Dominion,True,True,4,"{""blend_spread_home"": -1.5225, ""projected_margin_home"": -1.522, ""projection_spread_home"": -1.5225, ""site_spread_home"": -1.5225}",30.0,,,40.0,,,,,,,False,False,False,False
g307,4.0,2026-09-26,Wisconsin,Penn State,True,True,4,"{""blend_spread_home"": 14.2825, ""projected_margin_home"": 14.283, ""projection_spread_home"": 14.2825, ""site_spread_home"": 14.2825}",59.0,,,52.0,,,,,,,False,False,False,False
g308,4.0,2026-09-26,Bucknell,Pittsburgh,False,True,0,{},,,,,,,,,,,,,,
g309,4.0,2026-09-26,Notre Dame,Purdue,True,True,4,"{""blend_spread_home"": -28.555, ""projected_margin_home"": -28.555, ""projection_spread_home"": -28.555, ""site_spread_home"": -28.555}",72.0,,,58.0,,,,,,,False,False,False,False
g310,4.0,2026-09-26,Howard,Rutgers,False,True,0,{},,,,,,,,,,,,,,
g311,4.0,2026-09-26,Missouri State,SMU,True,True,4,"{""blend_spread_home"": 30.665, ""projected_margin_home"": 30.665, ""projection_spread_home"": 30.665, ""site_spread_home"": 30.665}",34.0,,,62.0,,,,,,,False,False,False,False
g312,4.0,2026-09-26,Massachusetts,Sacramento State,True,True,4,"{""blend_spread_home"": 13.0322, ""projected_margin_home"": 13.032, ""projection_spread_home"": 13.0322, ""site_spread_home"": 13.0322}",46.0,,,32.0,,,,,,,False,False,False,False
g313,4.0,2026-09-26,Georgia Tech,Stanford,True,True,4,"{""blend_spread_home"": -7.7375, ""projected_margin_home"": -7.737, ""projection_spread_home"": -7.7375, ""site_spread_home"": -7.7375}",49.0,,,60.0,,,,,,,False,False,False,False
g314,4.0,2026-09-26,Army,Temple,True,True,4,"{""blend_spread_home"": -3.4475, ""projected_margin_home"": -3.447, ""projection_spread_home"": -3.4475, ""site_spread_home"": -3.4475}",50.0,,,53.0,,,,,,,False,False,False,False
g315,4.0,2026-09-26,Texas,Tennessee,True,True,13,"{""blend_spread_home"": -6.7225, ""market_best_away_spread_home"": 6.5, ""market_best_away_spread_price"": -108.0, ""market_best_home_spread_home"": 6.5, ""market_best_home_spread_price"": -112.0, ""market_spread_hold_away_line"": -6.5, ""market_spread_hold_home_line"": 6.5, ""market_spread_hold_pct"": 4.75, ""market_spread_home"": 6.5, ""market_spread_price"": -108.0, ""projected_margin_home"": -6.723, ""projection_spread_home"": -6.7225, ""site_spread_home"": -6.7225}",68.0,,,62.0,,,,,,,False,False,False,False
g316,4.0,2026-09-26,UIW,Texas State,False,True,0,{},,,,,,,,,,,,,,
g317,4.0,2026-09-26,Sam Houston,Texas Tech,False,True,4,"{""blend_spread_home"": 49.945, ""projected_margin_home"": 49.945, ""projection_spread_home"": 49.945, ""site_spread_home"": 49.945}",,,,,,,,,,,,,,
g318,4.0,2026-09-26,San Diego State,Toledo,False,True,4,"{""blend_spread_home"": -2.67, ""projected_margin_home"": -2.67, ""projection_spread_home"": -2.67, ""site_spread_home"": -2.67}",,,,,,,,,,,,,,
g319,4.0,2026-09-26,Southern Miss,Tulane,True,True,4,"{""blend_spread_home"": 16.485, ""projected_margin_home"": 16.485, ""projection_spread_home"": 16.485, ""site_spread_home"": 16.485}",22.0,,,40.0,,,,,,,False,False,False,False
g320,4.0,2026-09-26,Florida Atlantic,UL-Monroe,True,True,4,"{""blend_spread_home"": -9.2525, ""projected_margin_home"": -9.252, ""projection_spread_home"": -9.2525, ""site_spread_home"": -9.2525}",64.0,,,51.0,,,,,,,False,False,False,False
g321,4.0,2026-09-26,Oregon,USC,True,True,9,"{""blend_spread_home"": -6.8175, ""market_spread_hold_away_line"": -5.5, ""market_spread_hold_home_line"": 5.5, ""market_spread_hold_pct"": 4.76, ""market_spread_home"": 5.5, ""market_spread_price"": -110.0, ""projected_margin_home"": -6.817, ""projection_spread_home"": -6.8175, ""site_spread_home"": -6.8175}",66.0,,,65.0,,,,,,,False,False,False,False
g322,4.0,2026-09-26,Oregon State,UTEP,True,True,4,"{""blend_spread_home"": -7.5425, ""projected_margin_home"": -7.543, ""projection_spread_home"": -7.5425, ""site_spread_home"": -7.5425}",47.0,,,35.0,,,,,,,False,False,False,False
g323,4.0,2026-09-26,Colorado State,UTSA,True,True,4,"{""blend_spread_home"": 11.8575, ""projected_margin_home"": 11.857, ""projection_spread_home"": 11.8575, ""site_spread_home"": 11.8575}",46.0,,,54.0,,,,,,,False,False,False,False
g324,4.0,2026-09-26,Troy,Utah State,True,True,4,"{""blend_spread_home"": 4.7, ""projected_margin_home"": 4.7, ""projection_spread_home"": 4.7, ""site_spread_home"": 4.7}",39.0,,,48.0,,,,,,,False,False,False,False
g325,4.0,2026-09-26,Delaware,Virginia,True,True,4,"{""blend_spread_home"": 22.835, ""projected_margin_home"": 22.835, ""projection_spread_home"": 22.835, ""site_spread_home"": 22.835}",62.0,,,59.0,,,,,,,False,False,False,False
g326,4.0,2026-09-26,Minnesota,Washington,True,True,4,"{""blend_spread_home"": 12.2075, ""projected_margin_home"": 12.207, ""projection_spread_home"": 12.2075, ""site_spread_home"": 12.2075}",68.0,,,65.0,,,,,,,False,False,False,False
g327,4.0,2026-09-26,Arizona,Washington State,True,True,4,"{""blend_spread_home"": -8.7175, ""projected_margin_home"": -8.717, ""projection_spread_home"": -8.7175, ""site_spread_home"": -8.7175}",60.0,,,42.0,,,,,,,False,False,False,False
g328,4.0,2026-09-26,Oklahoma State,West Virginia,True,True,4,"{""blend_spread_home"": 2.5375, ""projected_margin_home"": 2.538, ""projection_spread_home"": 2.5375, ""site_spread_home"": 2.5375}",58.0,,,52.0,,,,,,,False,False,False,False
g329,4.0,2026-09-26,Mercyhurst,Western Kentucky,False,True,0,{},,,,,,,,,,,,,,
g330,4.0,2026-09-26,Boise State,Western Michigan,True,True,4,"{""blend_spread_home"": -8.4725, ""projected_margin_home"": -8.473, ""projection_spread_home"": -8.4725, ""site_spread_home"": -8.4725}",57.0,,,51.0,,,,,,,False,False,False,False
g331,4.0,2026-09-26,Hawaii,Wyoming,True,True,4,"{""blend_spread_home"": -5.1125, ""projected_margin_home"": -5.112, ""projection_spread_home"": -5.1125, ""site_spread_home"": -5.1125}",45.0,,,40.0,,,,,,,False,False,False,False
