built_at,game_id,week,date,away_team,home_team,away_injury_score,home_injury_score,game_injury_score,game_injury_tier,injury_edge_home,injury_summary
2026-07-29T12:01:01.218875+00:00,g1,0,2026-08-29,Sacramento State,Eastern Michigan,0.0,0.0,0.0,None,0.0,
2026-07-29T12:01:01.218875+00:00,g2,0,2026-08-29,New Mexico State,Florida State,0.0,0.0,0.0,None,0.0,
2026-07-29T12:01:01.218875+00:00,g3,0,2026-08-29,Jacksonville State,North Dakota State,0.0,0.0,0.0,None,0.0,
2026-07-29T12:01:01.218875+00:00,g4,0,2026-08-29,Hawaii,Stanford,0.0,0.0,0.0,None,0.0,
2026-07-29T12:01:01.218875+00:00,g5,0,2026-08-29,North Carolina,TCU,0.0,0.0,0.0,None,0.0,
2026-07-29T12:01:01.218875+00:00,g6,0,2026-08-29,Memphis,UNLV,0.0,0.0,0.0,None,0.0,
2026-07-29T12:01:01.218875+00:00,g7,0,2026-08-29,San Jose State,USC,0.0,0.0,0.0,None,0.0,
2026-07-29T12:01:01.218875+00:00,g8,0,2026-08-29,NC State,Virginia,0.0,0.0,0.0,None,0.0,
2026-07-29T12:01:01.218875+00:00,g9,1,2026-09-03,UAlbany,Buffalo,0.0,0.0,0.0,None,0.0,
2026-07-29T12:01:01.218875+00:00,g10,1,2026-09-03,Bethune-Cookman,Central Florida,0.0,0.0,0.0,None,0.0,
2026-07-29T12:01:01.218875+00:00,g11,1,2026-09-03,Merrimack,Delaware,0.0,0.0,0.0,None,0.0,
2026-07-29T12:01:01.218875+00:00,g12,1,2026-09-03,Colorado,Georgia Tech,0.0,0.0,0.0,None,0.0,
2026-07-29T12:01:01.218875+00:00,g13,1,2026-09-03,West Georgia,Kennesaw State,0.0,0.0,0.0,None,0.0,
2026-07-29T12:01:01.218875+00:00,g14,1,2026-09-03,Eastern Illinois,Minnesota,0.0,0.0,0.0,None,0.0,
2026-07-29T12:01:01.218875+00:00,g15,1,2026-09-03,UAPB,Missouri,0.0,0.0,0.0,None,0.0,
2026-07-29T12:01:01.218875+00:00,g16,1,2026-09-03,Massachusetts,Rutgers,0.0,0.0,0.0,None,0.0,
2026-07-29T12:01:01.218875+00:00,g17,1,2026-09-03,Idaho,Utah,0.0,0.0,0.0,None,0.0,
2026-07-29T12:01:01.218875+00:00,g18,1,2026-09-03,Akron,Wake Forest,0.0,0.0,0.0,None,0.0,
2026-07-29T12:01:01.218875+00:00,g19,1,2026-09-04,San Jose State,Eastern Michigan,0.0,0.0,0.0,None,0.0,
2026-07-29T12:01:01.218875+00:00,g20,1,2026-09-04,North Carolina A&T,Georgia State,0.0,0.0,0.0,None,0.0,
2026-07-29T12:01:01.218875+00:00,g21,1,2026-09-04,LIU,Kansas,0.0,0.0,0.0,None,0.0,
2026-07-29T12:01:01.218875+00:00,g22,1,2026-09-04,Miami-FL,Stanford,0.0,0.0,0.0,None,0.0,
2026-07-29T12:01:01.218875+00:00,g23,1,2026-09-05,Duquesne,Air Force,0.0,0.0,0.0,None,0.0,
2026-07-29T12:01:01.218875+00:00,g24,1,2026-09-05,East Carolina,Alabama,0.0,0.0,0.0,None,0.0,
2026-07-29T12:01:01.218875+00:00,g25,1,2026-09-05,Maine,Appalachian State,0.0,0.0,0.0,None,0.0,
2026-07-29T12:01:01.218875+00:00,g26,1,2026-09-05,Northern Arizona,Arizona,0.0,0.0,0.0,None,0.0,
2026-07-29T12:01:01.218875+00:00,g27,1,2026-09-05,Morgan State,Arizona State,0.0,0.0,0.0,None,0.0,
2026-07-29T12:01:01.218875+00:00,g28,1,2026-09-05,North Alabama,Arkansas,0.0,0.0,0.0,None,0.0,
2026-07-29T12:01:01.218875+00:00,g29,1,2026-09-05,Bryant,Army,0.0,0.0,0.0,None,0.0,
2026-07-29T12:01:01.218875+00:00,g30,1,2026-09-05,Baylor,Auburn,0.0,0.0,0.0,None,0.0,
2026-07-29T12:01:01.218875+00:00,g31,1,2026-09-05,Utah Tech,BYU,0.0,0.0,0.0,None,0.0,
2026-07-29T12:01:01.218875+00:00,g32,1,2026-09-05,Tarleton State,Bowling Green,0.0,0.0,0.0,None,0.0,
2026-07-29T12:01:01.218875+00:00,g33,1,2026-09-05,UCLA,California,0.0,0.0,0.0,None,0.0,
2026-07-29T12:01:01.218875+00:00,g34,1,2026-09-05,The Citadel,Charlotte,0.0,0.0,0.0,None,0.0,
2026-07-29T12:01:01.218875+00:00,g35,1,2026-09-05,Boston College,Cincinnati,0.0,0.0,0.0,None,0.0,
2026-07-29T12:01:01.218875+00:00,g36,1,2026-09-05,Wyoming,Colorado State,0.0,0.0,0.0,None,0.0,
2026-07-29T12:01:01.218875+00:00,g37,1,2026-09-05,Lafayette,Connecticut,0.0,0.0,0.0,None,0.0,
2026-07-29T12:01:01.218875+00:00,g38,1,2026-09-05,Tulane,Duke,0.0,0.0,0.0,None,0.0,
2026-07-29T12:01:01.218875+00:00,g39,1,2026-09-05,Florida Atlantic,Florida,0.0,0.0,0.0,None,0.0,
2026-07-29T12:01:01.218875+00:00,g40,1,2026-09-05,Tennessee State,Georgia,0.0,0.0,0.0,None,0.0,
2026-07-29T12:01:01.218875+00:00,g41,1,2026-09-05,Charleston So.,Georgia Southern,0.0,0.0,0.0,None,0.0,
2026-07-29T12:01:01.218875+00:00,g42,1,2026-09-05,UNLV,Hawaii,0.0,0.0,0.0,None,0.0,
2026-07-29T12:01:01.218875+00:00,g43,1,2026-09-05,Oregon State,Houston,0.0,0.0,0.0,None,0.0,
2026-07-29T12:01:01.218875+00:00,g44,1,2026-09-05,UAB,Illinois,0.0,0.0,0.0,None,0.0,
2026-07-29T12:01:01.218875+00:00,g45,1,2026-09-05,North Texas,Indiana,0.0,0.0,0.0,None,0.0,
2026-07-29T12:01:01.218875+00:00,g46,1,2026-09-05,Northern Illinois,Iowa,0.0,0.0,0.0,None,0.0,
2026-07-29T12:01:01.218875+00:00,g47,1,2026-09-05,Southeast Missouri,Iowa State,0.0,0.0,0.0,None,0.0,
2026-07-29T12:01:01.218875+00:00,g48,1,2026-09-05,Liberty,James Madison,0.0,0.0,0.0,None,0.0,
2026-07-29T12:01:01.218875+00:00,g49,1,2026-09-05,Eastern Kentucky,Jacksonville State,0.0,0.0,0.0,None,0.0,
2026-07-29T12:01:01.218875+00:00,g50,1,2026-09-05,Nicholls,Kansas State,0.0,0.0,0.0,None,0.0,
2026-07-29T12:01:01.218875+00:00,g51,1,2026-09-05,Youngstown State,Kentucky,0.0,0.0,0.0,None,0.0,
2026-07-29T12:01:01.218875+00:00,g52,1,2026-09-05,Clemson,LSU,0.0,0.0,0.0,None,0.0,
2026-07-29T12:01:01.218875+00:00,g53,1,2026-09-05,Lamar,Louisiana,0.0,0.0,0.0,None,0.0,
2026-07-29T12:01:01.218875+00:00,g54,1,2026-09-05,Northwestern State,Louisiana Tech,0.0,0.0,0.0,None,0.0,
2026-07-29T12:01:01.218875+00:00,g55,1,2026-09-05,Hampton,Maryland,0.0,0.0,0.0,None,0.0,
2026-07-29T12:01:01.218875+00:00,g56,1,2026-09-05,Arkansas State,Memphis,0.0,0.0,0.0,None,0.0,
2026-07-29T12:01:01.218875+00:00,g57,1,2026-09-05,Western Michigan,Michigan,0.0,0.0,0.0,None,0.0,
2026-07-29T12:01:01.218875+00:00,g58,1,2026-09-05,Toledo,Michigan State,0.0,0.0,0.0,None,0.0,
2026-07-29T12:01:01.218875+00:00,g59,1,2026-09-05,Murray State,Middle Tennessee,0.0,0.0,0.0,None,0.0,
2026-07-29T12:01:01.218875+00:00,g60,1,2026-09-05,UL-Monroe,Mississippi State,0.0,0.0,0.0,None,0.0,
2026-07-29T12:01:01.218875+00:00,g61,1,2026-09-05,Towson,Navy,0.0,0.0,0.0,None,0.0,
2026-07-29T12:01:01.218875+00:00,g62,1,2026-09-05,Ohio,Nebraska,0.0,0.0,0.0,None,0.0,
2026-07-29T12:01:01.218875+00:00,g63,1,2026-09-05,Western Kentucky,Nevada,0.0,0.0,0.0,None,0.0,
2026-07-29T12:01:01.218875+00:00,g64,1,2026-09-05,Central Michigan,New Mexico,0.0,0.0,0.0,None,0.0,
2026-07-29T12:01:01.218875+00:00,g65,1,2026-09-05,Mercyhurst,New Mexico State,0.0,0.0,0.0,None,0.0,
2026-07-29T12:01:01.218875+00:00,g66,1,2026-09-05,Fordham,North Dakota State,0.0,0.0,0.0,None,0.0,
2026-07-29T12:01:01.218875+00:00,g67,1,2026-09-05,South Dakota State,Northwestern,0.0,0.0,0.0,None,0.0,
2026-07-29T12:01:01.218875+00:00,g68,1,2026-09-05,Ball State,Ohio State,0.0,0.0,0.0,None,0.0,
2026-07-29T12:01:01.218875+00:00,g69,1,2026-09-05,UTEP,Oklahoma,0.0,0.0,0.0,None,0.0,
2026-07-29T12:01:01.218875+00:00,g70,1,2026-09-05,Norfolk State,Old Dominion,0.0,0.0,0.0,None,0.0,
2026-07-29T12:01:01.218875+00:00,g71,1,2026-09-05,Boise State,Oregon,0.0,0.0,0.0,None,0.0,
2026-07-29T12:01:01.218875+00:00,g72,1,2026-09-05,Marshall,Penn State,0.0,0.0,0.0,None,0.0,
2026-07-29T12:01:01.218875+00:00,g73,1,2026-09-05,Miami-OH,Pittsburgh,0.0,0.0,0.0,None,0.0,
2026-07-29T12:01:01.218875+00:00,g74,1,2026-09-05,Indiana State,Purdue,0.0,0.0,0.0,None,0.0,
2026-07-29T12:01:01.218875+00:00,g75,1,2026-09-05,HCU,Rice,0.0,0.0,0.0,None,0.0,
2026-07-29T12:01:01.218875+00:00,g76,1,2026-09-05,MVSU,Sacramento State,0.0,0.0,0.0,None,0.0,
2026-07-29T12:01:01.218875+00:00,g77,1,2026-09-05,Portland State,San Diego State,0.0,0.0,0.0,None,0.0,
2026-07-29T12:01:01.218875+00:00,g78,1,2026-09-05,Southeastern La.,South Alabama,0.0,0.0,0.0,None,0.0,
2026-07-29T12:01:01.218875+00:00,g79,1,2026-09-05,Kent State,South Carolina,0.0,0.0,0.0,None,0.0,
2026-07-29T12:01:01.218875+00:00,g80,1,2026-09-05,Florida International,South Florida,0.0,0.0,0.0,None,0.0,
2026-07-29T12:01:01.218875+00:00,g81,1,2026-09-05,Alcorn State,Southern Miss,0.0,0.0,0.0,None,0.0,
2026-07-29T12:01:01.218875+00:00,g82,1,2026-09-05,New Hampshire,Syracuse,0.0,0.0,0.0,None,0.0,
2026-07-29T12:01:01.218875+00:00,g83,1,2026-09-05,Rhode Island,Temple,0.0,0.0,0.0,None,0.0,
2026-07-29T12:01:01.218875+00:00,g84,1,2026-09-05,Furman,Tennessee,0.0,0.0,0.0,None,0.0,
2026-07-29T12:01:01.218875+00:00,g85,1,2026-09-05,Texas State,Texas,0.0,0.0,0.0,None,0.0,
2026-07-29T12:01:01.218875+00:00,g86,1,2026-09-05,Missouri State,Texas A&M,0.0,0.0,0.0,None,0.0,
2026-07-29T12:01:01.218875+00:00,g87,1,2026-09-05,Abilene Christian,Texas Tech,0.0,0.0,0.0,None,0.0,
2026-07-29T12:01:01.218875+00:00,g88,1,2026-09-05,Sam Houston,Troy,0.0,0.0,0.0,None,0.0,
2026-07-29T12:01:01.218875+00:00,g89,1,2026-09-05,Oklahoma State,Tulsa,0.0,0.0,0.0,None,0.0,
2026-07-29T12:01:01.218875+00:00,g90,1,2026-09-05,Fresno State,USC,0.0,0.0,0.0,None,0.0,
2026-07-29T12:01:01.218875+00:00,g91,1,2026-09-05,UTRGV,UTSA,0.0,0.0,0.0,None,0.0,
2026-07-29T12:01:01.218875+00:00,g92,1,2026-09-05,Idaho State,Utah State,0.0,0.0,0.0,None,0.0,
2026-07-29T12:01:01.218875+00:00,g93,1,2026-09-05,Austin Peay,Vanderbilt,0.0,0.0,0.0,None,0.0,
2026-07-29T12:01:01.218875+00:00,g94,1,2026-09-05,VMI,Virginia Tech,0.0,0.0,0.0,None,0.0,
2026-07-29T12:01:01.218875+00:00,g95,1,2026-09-05,Washington State,Washington,0.0,0.0,0.0,None,0.0,
2026-07-29T12:01:01.218875+00:00,g96,1,2026-09-05,Coastal Carolina,West Virginia,0.0,0.0,0.0,None,0.0,
2026-07-29T12:01:01.218875+00:00,g97,1,2026-09-06,Wisconsin,Notre Dame,0.0,0.0,0.0,None,0.0,
2026-07-29T12:01:01.218875+00:00,g98,1,2026-09-06,Louisville,Ole Miss,0.0,0.0,0.0,None,0.0,
2026-07-29T12:01:01.218875+00:00,g99,1,2026-09-07,SMU,Florida State,0.0,0.0,0.0,None,0.0,
2026-07-29T12:01:01.218875+00:00,g100,2,2026-09-10,Florida A&M,Miami-FL,0.0,0.0,0.0,None,0.0,
2026-07-29T12:01:01.218875+00:00,g101,2,2026-09-11,Rutgers,Boston College,0.0,0.0,0.0,None,0.0,
2026-07-29T12:01:01.218875+00:00,g102,2,2026-09-11,Missouri,Kansas,0.0,0.0,0.0,None,0.0,
2026-07-29T12:01:01.218875+00:00,g103,2,2026-09-11,Villanova,Louisville,0.0,0.0,0.0,None,0.0,
2026-07-29T12:01:01.218875+00:00,g104,2,2026-09-12,North Dakota State,Air Force,0.0,0.0,0.0,None,0.0,
2026-07-29T12:01:01.218875+00:00,g105,2,2026-09-12,Robert Morris,Akron,0.0,0.0,0.0,None,0.0,
2026-07-29T12:01:01.218875+00:00,g106,2,2026-09-12,West Georgia,Arkansas State,0.0,0.0,0.0,None,0.0,
2026-07-29T12:01:01.218875+00:00,g107,2,2026-09-12,South Florida,Army,0.0,0.0,0.0,None,0.0,
2026-07-29T12:01:01.218875+00:00,g108,2,2026-09-12,Southern Miss,Auburn,0.0,0.0,0.0,None,0.0,
2026-07-29T12:01:01.218875+00:00,g109,2,2026-09-12,Arizona,BYU,0.0,0.0,0.0,None,0.0,
2026-07-29T12:01:01.218875+00:00,g110,2,2026-09-12,Stony Brook,Ball State,0.0,0.0,0.0,None,0.0,
2026-07-29T12:01:01.218875+00:00,g111,2,2026-09-12,Prairie View A&M,Baylor,0.0,0.0,0.0,None,0.0,
2026-07-29T12:01:01.218875+00:00,g112,2,2026-09-12,Memphis,Boise State,0.0,0.0,0.0,None,0.0,
2026-07-29T12:01:01.218875+00:00,g113,2,2026-09-12,Colgate,Central Michigan,0.0,0.0,0.0,None,0.0,
2026-07-29T12:01:01.218875+00:00,g114,2,2026-09-12,Western Carolina,Cincinnati,0.0,0.0,0.0,None,0.0,
2026-07-29T12:01:01.218875+00:00,g115,2,2026-09-12,Georgia Southern,Clemson,0.0,0.0,0.0,None,0.0,
2026-07-29T12:01:01.218875+00:00,g116,2,2026-09-12,Fordham,Coastal Carolina,0.0,0.0,0.0,None,0.0,
2026-07-29T12:01:01.218875+00:00,g117,2,2026-09-12,Weber State,Colorado,0.0,0.0,0.0,None,0.0,
2026-07-29T12:01:01.218875+00:00,g118,2,2026-09-12,Southern Utah,Colorado State,0.0,0.0,0.0,None,0.0,
2026-07-29T12:01:01.218875+00:00,g119,2,2026-09-12,Maryland,Connecticut,0.0,0.0,0.0,None,0.0,
2026-07-29T12:01:01.218875+00:00,g120,2,2026-09-12,Appalachian State,East Carolina,0.0,0.0,0.0,None,0.0,
2026-07-29T12:01:01.218875+00:00,g121,2,2026-09-12,Campbell,Florida,0.0,0.0,0.0,None,0.0,
2026-07-29T12:01:01.218875+00:00,g122,2,2026-09-12,Navy,Florida Atlantic,0.0,0.0,0.0,None,0.0,
2026-07-29T12:01:01.218875+00:00,g123,2,2026-09-12,Buffalo,Florida International,0.0,0.0,0.0,None,0.0,
2026-07-29T12:01:01.218875+00:00,g124,2,2026-09-12,Sacramento State,Fresno State,0.0,0.0,0.0,None,0.0,
2026-07-29T12:01:01.218875+00:00,g125,2,2026-09-12,Western Kentucky,Georgia,0.0,0.0,0.0,None,0.0,
2026-07-29T12:01:01.218875+00:00,g126,2,2026-09-12,Tennessee,Georgia Tech,0.0,0.0,0.0,None,0.0,
2026-07-29T12:01:01.218875+00:00,g127,2,2026-09-12,New Mexico State,Hawaii,0.0,0.0,0.0,None,0.0,
2026-07-29T12:01:01.218875+00:00,g128,2,2026-09-12,Southern,Houston,0.0,0.0,0.0,None,0.0,
2026-07-29T12:01:01.218875+00:00,g129,2,2026-09-12,Duke,Illinois,0.0,0.0,0.0,None,0.0,
2026-07-29T12:01:01.218875+00:00,g130,2,2026-09-12,Howard,Indiana,0.0,0.0,0.0,None,0.0,
2026-07-29T12:01:01.218875+00:00,g131,2,2026-09-12,Iowa State,Iowa,0.0,0.0,0.0,None,0.0,
2026-07-29T12:01:01.218875+00:00,g132,2,2026-09-12,Wagner,James Madison,0.0,0.0,0.0,None,0.0,
2026-07-29T12:01:01.218875+00:00,g133,2,2026-09-12,Washington State,Kansas State,0.0,0.0,0.0,None,0.0,
2026-07-29T12:01:01.218875+00:00,g134,2,2026-09-12,Georgia State,Kennesaw State,0.0,0.0,0.0,None,0.0,
2026-07-29T12:01:01.218875+00:00,g135,2,2026-09-12,Wofford,Kent State,0.0,0.0,0.0,None,0.0,
2026-07-29T12:01:01.218875+00:00,g136,2,2026-09-12,Alabama,Kentucky,0.0,0.0,0.0,None,0.0,
2026-07-29T12:01:01.218875+00:00,g137,2,2026-09-12,Louisiana Tech,LSU,0.0,0.0,0.0,None,0.0,
2026-07-29T12:01:01.218875+00:00,g138,2,2026-09-12,Gardner-Webb,Liberty,0.0,0.0,0.0,None,0.0,
2026-07-29T12:01:01.218875+00:00,g139,2,2026-09-12,Middle Tennessee,Marshall,0.0,0.0,0.0,None,0.0,
2026-07-29T12:01:01.218875+00:00,g140,2,2026-09-12,Sacred Heart,Massachusetts,0.0,0.0,0.0,None,0.0,
2026-07-29T12:01:01.218875+00:00,g141,2,2026-09-12,Holy Cross,Miami-OH,0.0,0.0,0.0,None,0.0,
2026-07-29T12:01:01.218875+00:00,g142,2,2026-09-12,Oklahoma,Michigan,0.0,0.0,0.0,None,0.0,
2026-07-29T12:01:01.218875+00:00,g143,2,2026-09-12,Eastern Michigan,Michigan State,0.0,0.0,0.0,None,0.0,
2026-07-29T12:01:01.218875+00:00,g144,2,2026-09-12,Mississippi State,Minnesota,0.0,0.0,0.0,None,0.0,
2026-07-29T12:01:01.218875+00:00,g145,2,2026-09-12,Lindenwood,Missouri State,0.0,0.0,0.0,None,0.0,
2026-07-29T12:01:01.218875+00:00,g146,2,2026-09-12,Richmond,NC State,0.0,0.0,0.0,None,0.0,
2026-07-29T12:01:01.218875+00:00,g147,2,2026-09-12,Bowling Green,Nebraska,0.0,0.0,0.0,None,0.0,
2026-07-29T12:01:01.218875+00:00,g148,2,2026-09-12,Montana State,Nevada,0.0,0.0,0.0,None,0.0,
2026-07-29T12:01:01.218875+00:00,g149,2,2026-09-12,Mercyhurst,New Mexico,0.0,0.0,0.0,None,0.0,
2026-07-29T12:01:01.218875+00:00,g150,2,2026-09-12,ETSU,North Carolina,0.0,0.0,0.0,None,0.0,
2026-07-29T12:01:01.218875+00:00,g151,2,2026-09-12,UNLV,North Texas,0.0,0.0,0.0,None,0.0,
2026-07-29T12:01:01.218875+00:00,g152,2,2026-09-12,Illinois State,Northern Illinois,0.0,0.0,0.0,None,0.0,
2026-07-29T12:01:01.218875+00:00,g153,2,2026-09-12,Rice,Notre Dame,0.0,0.0,0.0,None,0.0,
2026-07-29T12:01:01.218875+00:00,g154,2,2026-09-12,Jacksonville State,Ohio,0.0,0.0,0.0,None,0.0,
2026-07-29T12:01:01.218875+00:00,g155,2,2026-09-12,Oregon,Oklahoma State,0.0,0.0,0.0,None,0.0,
2026-07-29T12:01:01.218875+00:00,g156,2,2026-09-12,Charlotte,Ole Miss,0.0,0.0,0.0,None,0.0,
2026-07-29T12:01:01.218875+00:00,g157,2,2026-09-12,Texas Tech,Oregon State,0.0,0.0,0.0,None,0.0,
2026-07-29T12:01:01.218875+00:00,g158,2,2026-09-12,Central Florida,Pittsburgh,0.0,0.0,0.0,None,0.0,
2026-07-29T12:01:01.218875+00:00,g159,2,2026-09-12,Wake Forest,Purdue,0.0,0.0,0.0,None,0.0,
2026-07-29T12:01:01.218875+00:00,g160,2,2026-09-12,UC Davis,SMU,0.0,0.0,0.0,None,0.0,
2026-07-29T12:01:01.218875+00:00,g161,2,2026-09-12,Tulsa,Sam Houston,0.0,0.0,0.0,None,0.0,
2026-07-29T12:01:01.218875+00:00,g162,2,2026-09-12,Cal Poly,San Jose State,0.0,0.0,0.0,None,0.0,
2026-07-29T12:01:01.218875+00:00,g163,2,2026-09-12,Towson,South Carolina,0.0,0.0,0.0,None,0.0,
2026-07-29T12:01:01.218875+00:00,g164,2,2026-09-12,California,Syracuse,0.0,0.0,0.0,None,0.0,
2026-07-29T12:01:01.218875+00:00,g165,2,2026-09-12,Grambling State,TCU,0.0,0.0,0.0,None,0.0,
2026-07-29T12:01:01.218875+00:00,g166,2,2026-09-12,Penn State,Temple,0.0,0.0,0.0,None,0.0,
2026-07-29T12:01:01.218875+00:00,g167,2,2026-09-12,Ohio State,Texas,0.0,0.0,0.0,None,0.0,
2026-07-29T12:01:01.218875+00:00,g168,2,2026-09-12,Arizona State,Texas A&M,0.0,0.0,0.0,None,0.0,
2026-07-29T12:01:01.218875+00:00,g169,2,2026-09-12,UTSA,Texas State,0.0,0.0,0.0,None,0.0,
2026-07-29T12:01:01.218875+00:00,g170,2,2026-09-12,CCSU,Toledo,0.0,0.0,0.0,None,0.0,
2026-07-29T12:01:01.218875+00:00,g171,2,2026-09-12,Alabama State,Troy,0.0,0.0,0.0,None,0.0,
2026-07-29T12:01:01.218875+00:00,g172,2,2026-09-12,South Alabama,Tulane,0.0,0.0,0.0,None,0.0,
2026-07-29T12:01:01.218875+00:00,g173,2,2026-09-12,UL-Monroe,UAB,0.0,0.0,0.0,None,0.0,
2026-07-29T12:01:01.218875+00:00,g174,2,2026-09-12,San Diego State,UCLA,0.0,0.0,0.0,None,0.0,
2026-07-29T12:01:01.218875+00:00,g175,2,2026-09-12,Louisiana,USC,0.0,0.0,0.0,None,0.0,
2026-07-29T12:01:01.218875+00:00,g176,2,2026-09-12,Texas Southern,UTEP,0.0,0.0,0.0,None,0.0,
2026-07-29T12:01:01.218875+00:00,g177,2,2026-09-12,Arkansas,Utah,0.0,0.0,0.0,None,0.0,
2026-07-29T12:01:01.218875+00:00,g178,2,2026-09-12,Delaware,Vanderbilt,0.0,0.0,0.0,None,0.0,
2026-07-29T12:01:01.218875+00:00,g179,2,2026-09-12,Norfolk State,Virginia,0.0,0.0,0.0,None,0.0,
2026-07-29T12:01:01.218875+00:00,g180,2,2026-09-12,Old Dominion,Virginia Tech,0.0,0.0,0.0,None,0.0,
2026-07-29T12:01:01.218875+00:00,g181,2,2026-09-12,Utah State,Washington,0.0,0.0,0.0,None,0.0,
2026-07-29T12:01:01.218875+00:00,g182,2,2026-09-12,UT Martin,West Virginia,0.0,0.0,0.0,None,0.0,
2026-07-29T12:01:01.218875+00:00,g183,2,2026-09-12,Monmouth,Western Michigan,0.0,0.0,0.0,None,0.0,
2026-07-29T12:01:01.218875+00:00,g184,2,2026-09-12,Western Illinois,Wisconsin,0.0,0.0,0.0,None,0.0,
2026-07-29T12:01:01.218875+00:00,g185,2,2026-09-12,Northern Colorado,Wyoming,0.0,0.0,0.0,None,0.0,
2026-07-29T12:01:01.218875+00:00,g186,3,2026-09-17,Syracuse,Pittsburgh,0.0,0.0,0.0,None,0.0,
2026-07-29T12:01:01.218875+00:00,g187,3,2026-09-18,Houston,Texas Tech,0.0,0.0,0.0,None,0.0,
2026-07-29T12:01:01.218875+00:00,g188,3,2026-09-18,Miami-FL,Wake Forest,0.0,0.0,0.0,None,0.0,
2026-07-29T12:01:01.218875+00:00,g189,3,2026-09-19,Florida State,Alabama,0.0,0.0,0.0,None,0.0,
2026-07-29T12:01:01.218875+00:00,g190,3,2026-09-19,Charlotte,Appalachian State,0.0,0.0,0.0,None,0.0,
2026-07-29T12:01:01.218875+00:00,g191,3,2026-09-19,Northern Illinois,Arizona,0.0,0.0,0.0,None,0.0,
2026-07-29T12:01:01.218875+00:00,g192,3,2026-09-19,Georgia,Arkansas,0.0,0.0,0.0,None,0.0,
2026-07-29T12:01:01.218875+00:00,g193,3,2026-09-19,Florida,Auburn,0.0,0.0,0.0,None,0.0,
2026-07-29T12:01:01.218875+00:00,g194,3,2026-09-19,Louisiana Tech,Baylor,0.0,0.0,0.0,None,0.0,
2026-07-29T12:01:01.218875+00:00,g195,3,2026-09-19,South Dakota,Boise State,0.0,0.0,0.0,None,0.0,
2026-07-29T12:01:01.218875+00:00,g196,3,2026-09-19,Maine,Boston College,0.0,0.0,0.0,None,0.0,
2026-07-29T12:01:01.218875+00:00,g197,3,2026-09-19,Wagner,California,0.0,0.0,0.0,None,0.0,
2026-07-29T12:01:01.218875+00:00,g198,3,2026-09-19,Georgia State,Central Florida,0.0,0.0,0.0,None,0.0,
2026-07-29T12:01:01.218875+00:00,g199,3,2026-09-19,Wyoming,Central Michigan,0.0,0.0,0.0,None,0.0,
2026-07-29T12:01:01.218875+00:00,g200,3,2026-09-19,Miami-OH,Cincinnati,0.0,0.0,0.0,None,0.0,
2026-07-29T12:01:01.218875+00:00,g201,3,2026-09-19,North Carolina,Clemson,0.0,0.0,0.0,None,0.0,
2026-07-29T12:01:01.218875+00:00,g202,3,2026-09-19,BYU,Colorado State,0.0,0.0,0.0,None,0.0,
2026-07-29T12:01:01.218875+00:00,g203,3,2026-09-19,Coastal Carolina,Delaware,0.0,0.0,0.0,None,0.0,
2026-07-29T12:01:01.218875+00:00,g204,3,2026-09-19,Stanford,Duke,0.0,0.0,0.0,None,0.0,
2026-07-29T12:01:01.218875+00:00,g205,3,2026-09-19,Florida International,Florida Atlantic,0.0,0.0,0.0,None,0.0,
2026-07-29T12:01:01.218875+00:00,g206,3,2026-09-19,Mercer,Georgia Tech,0.0,0.0,0.0,None,0.0,
2026-07-29T12:01:01.218875+00:00,g207,3,2026-09-19,Southern Illinois,Illinois,0.0,0.0,0.0,None,0.0,
2026-07-29T12:01:01.218875+00:00,g208,3,2026-09-19,Western Kentucky,Indiana,0.0,0.0,0.0,None,0.0,
2026-07-29T12:01:01.218875+00:00,g209,3,2026-09-19,Northern Iowa,Iowa,0.0,0.0,0.0,None,0.0,
2026-07-29T12:01:01.218875+00:00,g210,3,2026-09-19,Bowling Green,Iowa State,0.0,0.0,0.0,None,0.0,
2026-07-29T12:01:01.218875+00:00,g211,3,2026-09-19,Georgia Southern,Jacksonville State,0.0,0.0,0.0,None,0.0,
2026-07-29T12:01:01.218875+00:00,g212,3,2026-09-19,Arizona State,Kansas,0.0,0.0,0.0,None,0.0,
2026-07-29T12:01:01.218875+00:00,g213,3,2026-09-19,Tulane,Kansas State,0.0,0.0,0.0,None,0.0,
2026-07-29T12:01:01.218875+00:00,g214,3,2026-09-19,Ball State,Liberty,0.0,0.0,0.0,None,0.0,
2026-07-29T12:01:01.218875+00:00,g215,3,2026-09-19,UAB,Louisiana,0.0,0.0,0.0,None,0.0,
2026-07-29T12:01:01.218875+00:00,g216,3,2026-09-19,SMU,Louisville,0.0,0.0,0.0,None,0.0,
2026-07-29T12:01:01.218875+00:00,g217,3,2026-09-19,Virginia Tech,Maryland,0.0,0.0,0.0,None,0.0,
2026-07-29T12:01:01.218875+00:00,g218,3,2026-09-19,Stonehill,Massachusetts,0.0,0.0,0.0,None,0.0,
2026-07-29T12:01:01.218875+00:00,g219,3,2026-09-19,UT Martin,Memphis,0.0,0.0,0.0,None,0.0,
2026-07-29T12:01:01.218875+00:00,g220,3,2026-09-19,UTEP,Michigan,0.0,0.0,0.0,None,0.0,
2026-07-29T12:01:01.218875+00:00,g221,3,2026-09-19,Nevada,Middle Tennessee,0.0,0.0,0.0,None,0.0,
2026-07-29T12:01:01.218875+00:00,g222,3,2026-09-19,Akron,Minnesota,0.0,0.0,0.0,None,0.0,
2026-07-29T12:01:01.218875+00:00,g223,3,2026-09-19,Troy,Missouri,0.0,0.0,0.0,None,0.0,
2026-07-29T12:01:01.218875+00:00,g224,3,2026-09-19,Marshall,Missouri State,0.0,0.0,0.0,None,0.0,
2026-07-29T12:01:01.218875+00:00,g225,3,2026-09-19,North Dakota,Nebraska,0.0,0.0,0.0,None,0.0,
2026-07-29T12:01:01.218875+00:00,g226,3,2026-09-19,Colorado,Northwestern,0.0,0.0,0.0,None,0.0,
2026-07-29T12:01:01.218875+00:00,g227,3,2026-09-19,Michigan State,Notre Dame,0.0,0.0,0.0,None,0.0,
2026-07-29T12:01:01.218875+00:00,g228,3,2026-09-19,Kent State,Ohio State,0.0,0.0,0.0,None,0.0,
2026-07-29T12:01:01.218875+00:00,g229,3,2026-09-19,New Mexico,Oklahoma,0.0,0.0,0.0,None,0.0,
2026-07-29T12:01:01.218875+00:00,g230,3,2026-09-19,Murray State,Oklahoma State,0.0,0.0,0.0,None,0.0,
2026-07-29T12:01:01.218875+00:00,g231,3,2026-09-19,East Carolina,Old Dominion,0.0,0.0,0.0,None,0.0,
2026-07-29T12:01:01.218875+00:00,g232,3,2026-09-19,LSU,Ole Miss,0.0,0.0,0.0,None,0.0,
2026-07-29T12:01:01.218875+00:00,g233,3,2026-09-19,Portland State,Oregon,0.0,0.0,0.0,None,0.0,
2026-07-29T12:01:01.218875+00:00,g234,3,2026-09-19,Montana,Oregon State,0.0,0.0,0.0,None,0.0,
2026-07-29T12:01:01.218875+00:00,g235,3,2026-09-19,Buffalo,Penn State,0.0,0.0,0.0,None,0.0,
2026-07-29T12:01:01.218875+00:00,g236,3,2026-09-19,Western Michigan,Rice,0.0,0.0,0.0,None,0.0,
2026-07-29T12:01:01.218875+00:00,g237,3,2026-09-19,USC,Rutgers,0.0,0.0,0.0,None,0.0,
2026-07-29T12:01:01.218875+00:00,g238,3,2026-09-19,North Dakota State,Sacramento State,0.0,0.0,0.0,None,0.0,
2026-07-29T12:01:01.218875+00:00,g239,3,2026-09-19,Nicholls,Sam Houston,0.0,0.0,0.0,None,0.0,
2026-07-29T12:01:01.218875+00:00,g240,3,2026-09-19,James Madison,San Diego State,0.0,0.0,0.0,None,0.0,
2026-07-29T12:01:01.218875+00:00,g241,3,2026-09-19,Fresno State,San Jose State,0.0,0.0,0.0,None,0.0,
2026-07-29T12:01:01.218875+00:00,g242,3,2026-09-19,Ohio,South Alabama,0.0,0.0,0.0,None,0.0,
2026-07-29T12:01:01.218875+00:00,g243,3,2026-09-19,Mississippi State,South Carolina,0.0,0.0,0.0,None,0.0,
2026-07-29T12:01:01.218875+00:00,g244,3,2026-09-19,Delaware State,South Florida,0.0,0.0,0.0,None,0.0,
2026-07-29T12:01:01.218875+00:00,g245,3,2026-09-19,Connecticut,Southern Miss,0.0,0.0,0.0,None,0.0,
2026-07-29T12:01:01.218875+00:00,g246,3,2026-09-19,Arkansas State,TCU,0.0,0.0,0.0,None,0.0,
2026-07-29T12:01:01.218875+00:00,g247,3,2026-09-19,Kennesaw State,Tennessee,0.0,0.0,0.0,None,0.0,
2026-07-29T12:01:01.218875+00:00,g248,3,2026-09-19,UTSA,Texas,0.0,0.0,0.0,None,0.0,
2026-07-29T12:01:01.218875+00:00,g249,3,2026-09-19,Kentucky,Texas A&M,0.0,0.0,0.0,None,0.0,
2026-07-29T12:01:01.218875+00:00,g250,3,2026-09-19,North Texas,Texas State,0.0,0.0,0.0,None,0.0,
2026-07-29T12:01:01.218875+00:00,g251,3,2026-09-19,Temple,Toledo,0.0,0.0,0.0,None,0.0,
2026-07-29T12:01:01.218875+00:00,g252,3,2026-09-19,East Texas A&M,Tulsa,0.0,0.0,0.0,None,0.0,
2026-07-29T12:01:01.218875+00:00,g253,3,2026-09-19,Purdue,UCLA,0.0,0.0,0.0,None,0.0,
2026-07-29T12:01:01.218875+00:00,g254,3,2026-09-19,Southeastern La.,UL-Monroe,0.0,0.0,0.0,None,0.0,
2026-07-29T12:01:01.218875+00:00,g255,3,2026-09-19,Utah State,Utah,0.0,0.0,0.0,None,0.0,
2026-07-29T12:01:01.218875+00:00,g256,3,2026-09-19,NC State,Vanderbilt,0.0,0.0,0.0,None,0.0,
2026-07-29T12:01:01.218875+00:00,g257,3,2026-09-19,Eastern Washington,Washington,0.0,0.0,0.0,None,0.0,
2026-07-29T12:01:01.218875+00:00,g258,3,2026-09-19,Duquesne,Washington State,0.0,0.0,0.0,None,0.0,
2026-07-29T12:01:01.218875+00:00,g259,3,2026-09-19,Virginia,West Virginia,0.0,0.0,0.0,None,0.0,
2026-07-29T12:01:01.218875+00:00,g260,3,2026-09-19,Eastern Michigan,Wisconsin,0.0,0.0,0.0,None,0.0,
2026-07-29T12:01:01.218875+00:00,g261,4,2026-09-24,Liberty,Coastal Carolina,0.0,0.0,0.0,None,0.0,
2026-07-29T12:01:01.218875+00:00,g262,4,2026-09-25,Clemson,California,0.0,0.0,0.0,None,0.0,
2026-07-29T12:01:01.218875+00:00,g263,4,2026-09-25,Navy,UAB,0.0,0.0,0.0,None,0.0,
2026-07-29T12:01:01.218875+00:00,g264,4,2026-09-26,UNLV,Akron,0.0,0.0,0.0,None,0.0,
2026-07-29T12:01:01.218875+00:00,g265,4,2026-09-26,South Carolina,Alabama,0.0,0.0,0.0,None,0.0,
2026-07-29T12:01:01.218875+00:00,g266,4,2026-09-26,Tulsa,Arkansas,0.0,0.0,0.0,None,0.0,
2026-07-29T12:01:01.218875+00:00,g267,4,2026-09-26,Kennesaw State,Arkansas State,0.0,0.0,0.0,None,0.0,
2026-07-29T12:01:01.218875+00:00,g268,4,2026-09-26,Vanderbilt,Auburn,0.0,0.0,0.0,None,0.0,
2026-07-29T12:01:01.218875+00:00,g269,4,2026-09-26,Colorado,Baylor,0.0,0.0,0.0,None,0.0,
2026-07-29T12:01:01.218875+00:00,g270,4,2026-09-26,Virginia Tech,Boston College,0.0,0.0,0.0,None,0.0,
2026-07-29T12:01:01.218875+00:00,g271,4,2026-09-26,South Florida,Bowling Green,0.0,0.0,0.0,None,0.0,
2026-07-29T12:01:01.218875+00:00,g272,4,2026-09-26,Robert Morris,Buffalo,0.0,0.0,0.0,None,0.0,
2026-07-29T12:01:01.218875+00:00,g273,4,2026-09-26,TCU,Central Florida,0.0,0.0,0.0,None,0.0,
2026-07-29T12:01:01.218875+00:00,g274,4,2026-09-26,Louisiana,Charlotte,0.0,0.0,0.0,None,0.0,
2026-07-29T12:01:01.218875+00:00,g275,4,2026-09-26,Kansas State,Cincinnati,0.0,0.0,0.0,None,0.0,
2026-07-29T12:01:01.218875+00:00,g276,4,2026-09-26,William & Mary,Duke,0.0,0.0,0.0,None,0.0,
2026-07-29T12:01:01.218875+00:00,g277,4,2026-09-26,NC Central,East Carolina,0.0,0.0,0.0,None,0.0,
2026-07-29T12:01:01.218875+00:00,g278,4,2026-09-26,Lindenwood,Eastern Michigan,0.0,0.0,0.0,None,0.0,
2026-07-29T12:01:01.218875+00:00,g279,4,2026-09-26,Ole Miss,Florida,0.0,0.0,0.0,None,0.0,
2026-07-29T12:01:01.218875+00:00,g280,4,2026-09-26,LIU,Florida International,0.0,0.0,0.0,None,0.0,
2026-07-29T12:01:01.218875+00:00,g281,4,2026-09-26,Central Arkansas,Florida State,0.0,0.0,0.0,None,0.0,
2026-07-29T12:01:01.218875+00:00,g282,4,2026-09-26,Rice,Fresno State,0.0,0.0,0.0,None,0.0,
2026-07-29T12:01:01.218875+00:00,g283,4,2026-09-26,Oklahoma,Georgia,0.0,0.0,0.0,None,0.0,
2026-07-29T12:01:01.218875+00:00,g284,4,2026-09-26,Houston,Georgia Southern,0.0,0.0,0.0,None,0.0,
2026-07-29T12:01:01.218875+00:00,g285,4,2026-09-26,Northern Illinois,Georgia State,0.0,0.0,0.0,None,0.0,
2026-07-29T12:01:01.218875+00:00,g286,4,2026-09-26,Northwestern,Indiana,0.0,0.0,0.0,None,0.0,
2026-07-29T12:01:01.218875+00:00,g287,4,2026-09-26,Utah,Iowa State,0.0,0.0,0.0,None,0.0,
2026-07-29T12:01:01.218875+00:00,g288,4,2026-09-26,Middle Tennessee,Jacksonville State,0.0,0.0,0.0,None,0.0,
2026-07-29T12:01:01.218875+00:00,g289,4,2026-09-26,Ball State,Kent State,0.0,0.0,0.0,None,0.0,
2026-07-29T12:01:01.218875+00:00,g290,4,2026-09-26,South Alabama,Kentucky,0.0,0.0,0.0,None,0.0,
2026-07-29T12:01:01.218875+00:00,g291,4,2026-09-26,Texas A&M,LSU,0.0,0.0,0.0,None,0.0,
2026-07-29T12:01:01.218875+00:00,g292,4,2026-09-26,Wake Forest,Louisville,0.0,0.0,0.0,None,0.0,
2026-07-29T12:01:01.218875+00:00,g293,4,2026-09-26,Gardner-Webb,Marshall,0.0,0.0,0.0,None,0.0,
2026-07-29T12:01:01.218875+00:00,g294,4,2026-09-26,UCLA,Maryland,0.0,0.0,0.0,None,0.0,
2026-07-29T12:01:01.218875+00:00,g295,4,2026-09-26,Central Michigan,Miami-FL,0.0,0.0,0.0,None,0.0,
2026-07-29T12:01:01.218875+00:00,g296,4,2026-09-26,Connecticut,Miami-OH,0.0,0.0,0.0,None,0.0,
2026-07-29T12:01:01.218875+00:00,g297,4,2026-09-26,Iowa,Michigan,0.0,0.0,0.0,None,0.0,
2026-07-29T12:01:01.218875+00:00,g298,4,2026-09-26,Nebraska,Michigan State,0.0,0.0,0.0,None,0.0,
2026-07-29T12:01:01.218875+00:00,g299,4,2026-09-26,Missouri,Mississippi State,0.0,0.0,0.0,None,0.0,
2026-07-29T12:01:01.218875+00:00,g300,4,2026-09-26,Appalachian State,NC State,0.0,0.0,0.0,None,0.0,
2026-07-29T12:01:01.218875+00:00,g301,4,2026-09-26,Air Force,Nevada,0.0,0.0,0.0,None,0.0,
2026-07-29T12:01:01.218875+00:00,g302,4,2026-09-26,New Mexico,New Mexico State,0.0,0.0,0.0,None,0.0,
2026-07-29T12:01:01.218875+00:00,g303,4,2026-09-26,HCU,North Texas,0.0,0.0,0.0,None,0.0,
2026-07-29T12:01:01.218875+00:00,g304,4,2026-09-26,Stonehill,Ohio,0.0,0.0,0.0,None,0.0,
2026-07-29T12:01:01.218875+00:00,g305,4,2026-09-26,Illinois,Ohio State,0.0,0.0,0.0,None,0.0,
2026-07-29T12:01:01.218875+00:00,g306,4,2026-09-26,James Madison,Old Dominion,0.0,0.0,0.0,None,0.0,
2026-07-29T12:01:01.218875+00:00,g307,4,2026-09-26,Wisconsin,Penn State,0.0,0.0,0.0,None,0.0,
2026-07-29T12:01:01.218875+00:00,g308,4,2026-09-26,Bucknell,Pittsburgh,0.0,0.0,0.0,None,0.0,
2026-07-29T12:01:01.218875+00:00,g309,4,2026-09-26,Notre Dame,Purdue,0.0,0.0,0.0,None,0.0,
2026-07-29T12:01:01.218875+00:00,g310,4,2026-09-26,Howard,Rutgers,0.0,0.0,0.0,None,0.0,
2026-07-29T12:01:01.218875+00:00,g311,4,2026-09-26,Missouri State,SMU,0.0,0.0,0.0,None,0.0,
2026-07-29T12:01:01.218875+00:00,g312,4,2026-09-26,Massachusetts,Sacramento State,0.0,0.0,0.0,None,0.0,
2026-07-29T12:01:01.218875+00:00,g313,4,2026-09-26,Georgia Tech,Stanford,0.0,0.0,0.0,None,0.0,
2026-07-29T12:01:01.218875+00:00,g314,4,2026-09-26,Army,Temple,0.0,0.0,0.0,None,0.0,
2026-07-29T12:01:01.218875+00:00,g315,4,2026-09-26,Texas,Tennessee,0.0,0.0,0.0,None,0.0,
2026-07-29T12:01:01.218875+00:00,g316,4,2026-09-26,UIW,Texas State,0.0,0.0,0.0,None,0.0,
2026-07-29T12:01:01.218875+00:00,g317,4,2026-09-26,Sam Houston,Texas Tech,0.0,0.0,0.0,None,0.0,
2026-07-29T12:01:01.218875+00:00,g318,4,2026-09-26,San Diego State,Toledo,0.0,0.0,0.0,None,0.0,
2026-07-29T12:01:01.218875+00:00,g319,4,2026-09-26,Southern Miss,Tulane,0.0,0.0,0.0,None,0.0,
2026-07-29T12:01:01.218875+00:00,g320,4,2026-09-26,Florida Atlantic,UL-Monroe,0.0,0.0,0.0,None,0.0,
2026-07-29T12:01:01.218875+00:00,g321,4,2026-09-26,Oregon,USC,0.0,0.0,0.0,None,0.0,
2026-07-29T12:01:01.218875+00:00,g322,4,2026-09-26,Oregon State,UTEP,0.0,0.0,0.0,None,0.0,
2026-07-29T12:01:01.218875+00:00,g323,4,2026-09-26,Colorado State,UTSA,0.0,0.0,0.0,None,0.0,
2026-07-29T12:01:01.218875+00:00,g324,4,2026-09-26,Troy,Utah State,0.0,0.0,0.0,None,0.0,
2026-07-29T12:01:01.218875+00:00,g325,4,2026-09-26,Delaware,Virginia,0.0,0.0,0.0,None,0.0,
2026-07-29T12:01:01.218875+00:00,g326,4,2026-09-26,Minnesota,Washington,0.0,0.0,0.0,None,0.0,
2026-07-29T12:01:01.218875+00:00,g327,4,2026-09-26,Arizona,Washington State,0.0,0.0,0.0,None,0.0,
2026-07-29T12:01:01.218875+00:00,g328,4,2026-09-26,Oklahoma State,West Virginia,0.0,0.0,0.0,None,0.0,
2026-07-29T12:01:01.218875+00:00,g329,4,2026-09-26,Mercyhurst,Western Kentucky,0.0,0.0,0.0,None,0.0,
2026-07-29T12:01:01.218875+00:00,g330,4,2026-09-26,Boise State,Western Michigan,0.0,0.0,0.0,None,0.0,
2026-07-29T12:01:01.218875+00:00,g331,4,2026-09-26,Hawaii,Wyoming,0.0,0.0,0.0,None,0.0,
2026-07-29T12:01:01.218875+00:00,g332,5,2026-10-01,Western Kentucky,New Mexico State,0.0,0.0,0.0,None,0.0,
2026-07-29T12:01:01.218875+00:00,g333,5,2026-10-01,North Texas,Tulsa,0.0,0.0,0.0,None,0.0,
2026-07-29T12:01:01.218875+00:00,g334,5,2026-10-02,Liberty,Delaware,0.0,0.0,0.0,None,0.0,
2026-07-29T12:01:01.218875+00:00,g335,5,2026-10-02,Penn State,Northwestern,0.0,0.0,0.0,None,0.0,
2026-07-29T12:01:01.218875+00:00,g336,5,2026-10-02,Pittsburgh,Virginia Tech,0.0,0.0,0.0,None,0.0,
2026-07-29T12:01:01.218875+00:00,g337,5,2026-10-03,Navy,Air Force,0.0,0.0,0.0,None,0.0,
2026-07-29T12:01:01.218875+00:00,g338,5,2026-10-03,Cincinnati,Arizona,0.0,0.0,0.0,None,0.0,
2026-07-29T12:01:01.218875+00:00,g339,5,2026-10-03,Baylor,Arizona State,0.0,0.0,0.0,None,0.0,
2026-07-29T12:01:01.218875+00:00,g340,5,2026-10-03,Toledo,Ball State,0.0,0.0,0.0,None,0.0,
2026-07-29T12:01:01.218875+00:00,g341,5,2026-10-03,Utah State,Boise State,0.0,0.0,0.0,None,0.0,
2026-07-29T12:01:01.218875+00:00,g342,5,2026-10-03,Western Michigan,Buffalo,0.0,0.0,0.0,None,0.0,
2026-07-29T12:01:01.218875+00:00,g343,5,2026-10-03,Akron,Central Michigan,0.0,0.0,0.0,None,0.0,
2026-07-29T12:01:01.218875+00:00,g344,5,2026-10-03,Memphis,Charlotte,0.0,0.0,0.0,None,0.0,
2026-07-29T12:01:01.218875+00:00,g345,5,2026-10-03,Miami-FL,Clemson,0.0,0.0,0.0,None,0.0,
2026-07-29T12:01:01.218875+00:00,g346,5,2026-10-03,Georgia Southern,Coastal Carolina,0.0,0.0,0.0,None,0.0,
2026-07-29T12:01:01.218875+00:00,g347,5,2026-10-03,Texas Tech,Colorado,0.0,0.0,0.0,None,0.0,
2026-07-29T12:01:01.218875+00:00,g348,5,2026-10-03,Oregon State,Colorado State,0.0,0.0,0.0,None,0.0,
2026-07-29T12:01:01.218875+00:00,g349,5,2026-10-03,Syracuse,Connecticut,0.0,0.0,0.0,None,0.0,
2026-07-29T12:01:01.218875+00:00,g350,5,2026-10-03,Texas Southern,Florida Atlantic,0.0,0.0,0.0,None,0.0,
2026-07-29T12:01:01.218875+00:00,g351,5,2026-10-03,Virginia,Florida State,0.0,0.0,0.0,None,0.0,
2026-07-29T12:01:01.218875+00:00,g352,5,2026-10-03,Vanderbilt,Georgia,0.0,0.0,0.0,None,0.0,
2026-07-29T12:01:01.218875+00:00,g353,5,2026-10-03,Old Dominion,Georgia State,0.0,0.0,0.0,None,0.0,
2026-07-29T12:01:01.218875+00:00,g354,5,2026-10-03,San Jose State,Hawaii,0.0,0.0,0.0,None,0.0,
2026-07-29T12:01:01.218875+00:00,g355,5,2026-10-03,Central Florida,Houston,0.0,0.0,0.0,None,0.0,
2026-07-29T12:01:01.218875+00:00,g356,5,2026-10-03,Purdue,Illinois,0.0,0.0,0.0,None,0.0,
2026-07-29T12:01:01.218875+00:00,g357,5,2026-10-03,Ohio State,Iowa,0.0,0.0,0.0,None,0.0,
2026-07-29T12:01:01.218875+00:00,g358,5,2026-10-03,West Virginia,Iowa State,0.0,0.0,0.0,None,0.0,
2026-07-29T12:01:01.218875+00:00,g359,5,2026-10-03,Marshall,James Madison,0.0,0.0,0.0,None,0.0,
2026-07-29T12:01:01.218875+00:00,g360,5,2026-10-03,Middle Tennessee,Kansas,0.0,0.0,0.0,None,0.0,
2026-07-29T12:01:01.218875+00:00,g361,5,2026-10-03,Ohio,Kent State,0.0,0.0,0.0,None,0.0,
2026-07-29T12:01:01.218875+00:00,g362,5,2026-10-03,McNeese,LSU,0.0,0.0,0.0,None,0.0,
2026-07-29T12:01:01.218875+00:00,g363,5,2026-10-03,Arkansas State,Louisiana,0.0,0.0,0.0,None,0.0,
2026-07-29T12:01:01.218875+00:00,g364,5,2026-10-03,Army,Louisiana Tech,0.0,0.0,0.0,None,0.0,
2026-07-29T12:01:01.218875+00:00,g365,5,2026-10-03,Eastern Michigan,Massachusetts,0.0,0.0,0.0,None,0.0,
2026-07-29T12:01:01.218875+00:00,g366,5,2026-10-03,Bowling Green,Miami-OH,0.0,0.0,0.0,None,0.0,
2026-07-29T12:01:01.218875+00:00,g367,5,2026-10-03,Michigan,Minnesota,0.0,0.0,0.0,None,0.0,
2026-07-29T12:01:01.218875+00:00,g368,5,2026-10-03,Alabama,Mississippi State,0.0,0.0,0.0,None,0.0,
2026-07-29T12:01:01.218875+00:00,g369,5,2026-10-03,Florida,Missouri,0.0,0.0,0.0,None,0.0,
2026-07-29T12:01:01.218875+00:00,g370,5,2026-10-03,Louisville,NC State,0.0,0.0,0.0,None,0.0,
2026-07-29T12:01:01.218875+00:00,g371,5,2026-10-03,Maryland,Nebraska,0.0,0.0,0.0,None,0.0,
2026-07-29T12:01:01.218875+00:00,g372,5,2026-10-03,UTEP,New Mexico,0.0,0.0,0.0,None,0.0,
2026-07-29T12:01:01.218875+00:00,g373,5,2026-10-03,Notre Dame,North Carolina,0.0,0.0,0.0,None,0.0,
2026-07-29T12:01:01.218875+00:00,g374,5,2026-10-03,Wyoming,North Dakota State,0.0,0.0,0.0,None,0.0,
2026-07-29T12:01:01.218875+00:00,g375,5,2026-10-03,UTSA,Rice,0.0,0.0,0.0,None,0.0,
2026-07-29T12:01:01.218875+00:00,g376,5,2026-10-03,Indiana,Rutgers,0.0,0.0,0.0,None,0.0,
2026-07-29T12:01:01.218875+00:00,g377,5,2026-10-03,Boston College,SMU,0.0,0.0,0.0,None,0.0,
2026-07-29T12:01:01.218875+00:00,g378,5,2026-10-03,Texas State,San Diego State,0.0,0.0,0.0,None,0.0,
2026-07-29T12:01:01.218875+00:00,g379,5,2026-10-03,UL-Monroe,South Alabama,0.0,0.0,0.0,None,0.0,
2026-07-29T12:01:01.218875+00:00,g380,5,2026-10-03,Kentucky,South Carolina,0.0,0.0,0.0,None,0.0,
2026-07-29T12:01:01.218875+00:00,g381,5,2026-10-03,Temple,South Florida,0.0,0.0,0.0,None,0.0,
2026-07-29T12:01:01.218875+00:00,g382,5,2026-10-03,BYU,TCU,0.0,0.0,0.0,None,0.0,
2026-07-29T12:01:01.218875+00:00,g383,5,2026-10-03,Auburn,Tennessee,0.0,0.0,0.0,None,0.0,
2026-07-29T12:01:01.218875+00:00,g384,5,2026-10-03,Arkansas,Texas A&M,0.0,0.0,0.0,None,0.0,
2026-07-29T12:01:01.218875+00:00,g385,5,2026-10-03,Samford,UAB,0.0,0.0,0.0,None,0.0,
2026-07-29T12:01:01.218875+00:00,g386,5,2026-10-03,California,UNLV,0.0,0.0,0.0,None,0.0,
2026-07-29T12:01:01.218875+00:00,g387,5,2026-10-03,Washington,USC,0.0,0.0,0.0,None,0.0,
2026-07-29T12:01:01.218875+00:00,g388,5,2026-10-03,Stanford,Wake Forest,0.0,0.0,0.0,None,0.0,
2026-07-29T12:01:01.218875+00:00,g389,5,2026-10-03,Fresno State,Washington State,0.0,0.0,0.0,None,0.0,
2026-07-29T12:01:01.218875+00:00,g390,5,2026-10-03,Michigan State,Wisconsin,0.0,0.0,0.0,None,0.0,
2026-07-29T12:01:01.218875+00:00,g391,6,2026-10-06,Southern Miss,Troy,0.0,0.0,0.0,None,0.0,
2026-07-29T12:01:01.218875+00:00,g392,6,2026-10-07,New Mexico State,Florida International,0.0,0.0,0.0,None,0.0,
2026-07-29T12:01:01.218875+00:00,g393,6,2026-10-07,Jacksonville State,Kennesaw State,0.0,0.0,0.0,None,0.0,
2026-07-29T12:01:01.218875+00:00,g394,6,2026-10-08,South Alabama,Arkansas State,0.0,0.0,0.0,None,0.0,
2026-07-29T12:01:01.218875+00:00,g395,6,2026-10-08,Sam Houston,Liberty,0.0,0.0,0.0,None,0.0,
2026-07-29T12:01:01.218875+00:00,g396,6,2026-10-08,South Florida,UTSA,0.0,0.0,0.0,None,0.0,
2026-07-29T12:01:01.218875+00:00,g397,6,2026-10-08,Missouri State,Western Kentucky,0.0,0.0,0.0,None,0.0,
2026-07-29T12:01:01.218875+00:00,g398,6,2026-10-09,Iowa State,BYU,0.0,0.0,0.0,None,0.0,
2026-07-29T12:01:01.218875+00:00,g399,6,2026-10-09,Florida State,Louisville,0.0,0.0,0.0,None,0.0,
2026-07-29T12:01:01.218875+00:00,g400,6,2026-10-10,Eastern Michigan,Akron,0.0,0.0,0.0,None,0.0,
2026-07-29T12:01:01.218875+00:00,g401,6,2026-10-10,Georgia,Alabama,0.0,0.0,0.0,None,0.0,
2026-07-29T12:01:01.218875+00:00,g402,6,2026-10-10,Old Dominion,Appalachian State,0.0,0.0,0.0,None,0.0,
2026-07-29T12:01:01.218875+00:00,g403,6,2026-10-10,Hawaii,Arizona State,0.0,0.0,0.0,None,0.0,
2026-07-29T12:01:01.218875+00:00,g404,6,2026-10-10,Tennessee,Arkansas,0.0,0.0,0.0,None,0.0,
2026-07-29T12:01:01.218875+00:00,g405,6,2026-10-10,Tulane,Army,0.0,0.0,0.0,None,0.0,
2026-07-29T12:01:01.218875+00:00,g406,6,2026-10-10,Sacramento State,Bowling Green,0.0,0.0,0.0,None,0.0,
2026-07-29T12:01:01.218875+00:00,g407,6,2026-10-10,Virginia Tech,California,0.0,0.0,0.0,None,0.0,
2026-07-29T12:01:01.218875+00:00,g408,6,2026-10-10,Rice,East Carolina,0.0,0.0,0.0,None,0.0,
2026-07-29T12:01:01.218875+00:00,g409,6,2026-10-10,South Carolina,Florida,0.0,0.0,0.0,None,0.0,
2026-07-29T12:01:01.218875+00:00,g410,6,2026-10-10,Boise State,Fresno State,0.0,0.0,0.0,None,0.0,
2026-07-29T12:01:01.218875+00:00,g411,6,2026-10-10,James Madison,Georgia Southern,0.0,0.0,0.0,None,0.0,
2026-07-29T12:01:01.218875+00:00,g412,6,2026-10-10,Duke,Georgia Tech,0.0,0.0,0.0,None,0.0,
2026-07-29T12:01:01.218875+00:00,g413,6,2026-10-10,Houston,Kansas State,0.0,0.0,0.0,None,0.0,
2026-07-29T12:01:01.218875+00:00,g414,6,2026-10-10,LSU,Kentucky,0.0,0.0,0.0,None,0.0,
2026-07-29T12:01:01.218875+00:00,g415,6,2026-10-10,Louisiana,Louisiana Tech,0.0,0.0,0.0,None,0.0,
2026-07-29T12:01:01.218875+00:00,g416,6,2026-10-10,Coastal Carolina,Marshall,0.0,0.0,0.0,None,0.0,
2026-07-29T12:01:01.218875+00:00,g417,6,2026-10-10,Miami-OH,Massachusetts,0.0,0.0,0.0,None,0.0,
2026-07-29T12:01:01.218875+00:00,g418,6,2026-10-10,UAB,Memphis,0.0,0.0,0.0,None,0.0,
2026-07-29T12:01:01.218875+00:00,g419,6,2026-10-10,Illinois,Michigan State,0.0,0.0,0.0,None,0.0,
2026-07-29T12:01:01.218875+00:00,g420,6,2026-10-10,Texas A&M,Missouri,0.0,0.0,0.0,None,0.0,
2026-07-29T12:01:01.218875+00:00,g421,6,2026-10-10,Wake Forest,NC State,0.0,0.0,0.0,None,0.0,
2026-07-29T12:01:01.218875+00:00,g422,6,2026-10-10,Tulsa,Navy,0.0,0.0,0.0,None,0.0,
2026-07-29T12:01:01.218875+00:00,g423,6,2026-10-10,Indiana,Nebraska,0.0,0.0,0.0,None,0.0,
2026-07-29T12:01:01.218875+00:00,g424,6,2026-10-10,Charlotte,North Texas,0.0,0.0,0.0,None,0.0,
2026-07-29T12:01:01.218875+00:00,g425,6,2026-10-10,Air Force,Northern Illinois,0.0,0.0,0.0,None,0.0,
2026-07-29T12:01:01.218875+00:00,g426,6,2026-10-10,Ball State,Northwestern,0.0,0.0,0.0,None,0.0,
2026-07-29T12:01:01.218875+00:00,g427,6,2026-10-10,Stanford,Notre Dame,0.0,0.0,0.0,None,0.0,
2026-07-29T12:01:01.218875+00:00,g428,6,2026-10-10,Central Michigan,Ohio,0.0,0.0,0.0,None,0.0,
2026-07-29T12:01:01.218875+00:00,g429,6,2026-10-10,Maryland,Ohio State,0.0,0.0,0.0,None,0.0,
2026-07-29T12:01:01.218875+00:00,g430,6,2026-10-10,Texas,Oklahoma,0.0,0.0,0.0,None,0.0,
2026-07-29T12:01:01.218875+00:00,g431,6,2026-10-10,Central Florida,Oklahoma State,0.0,0.0,0.0,None,0.0,
2026-07-29T12:01:01.218875+00:00,g432,6,2026-10-10,UCLA,Oregon,0.0,0.0,0.0,None,0.0,
2026-07-29T12:01:01.218875+00:00,g433,6,2026-10-10,San Diego State,Oregon State,0.0,0.0,0.0,None,0.0,
2026-07-29T12:01:01.218875+00:00,g434,6,2026-10-10,USC,Penn State,0.0,0.0,0.0,None,0.0,
2026-07-29T12:01:01.218875+00:00,g435,6,2026-10-10,North Carolina,Pittsburgh,0.0,0.0,0.0,None,0.0,
2026-07-29T12:01:01.218875+00:00,g436,6,2026-10-10,Minnesota,Purdue,0.0,0.0,0.0,None,0.0,
2026-07-29T12:01:01.218875+00:00,g437,6,2026-10-10,Wyoming,San Jose State,0.0,0.0,0.0,None,0.0,
2026-07-29T12:01:01.218875+00:00,g438,6,2026-10-10,Connecticut,Temple,0.0,0.0,0.0,None,0.0,
2026-07-29T12:01:01.218875+00:00,g439,6,2026-10-10,Buffalo,Toledo,0.0,0.0,0.0,None,0.0,
2026-07-29T12:01:01.218875+00:00,g440,6,2026-10-10,North Dakota State,UNLV,0.0,0.0,0.0,None,0.0,
2026-07-29T12:01:01.218875+00:00,g441,6,2026-10-10,Nevada,UTEP,0.0,0.0,0.0,None,0.0,
2026-07-29T12:01:01.218875+00:00,g442,6,2026-10-10,Kansas,Utah,0.0,0.0,0.0,None,0.0,
2026-07-29T12:01:01.218875+00:00,g443,6,2026-10-10,Washington State,Utah State,0.0,0.0,0.0,None,0.0,
2026-07-29T12:01:01.218875+00:00,g444,6,2026-10-10,Ole Miss,Vanderbilt,0.0,0.0,0.0,None,0.0,
2026-07-29T12:01:01.218875+00:00,g445,6,2026-10-10,Syracuse,Virginia,0.0,0.0,0.0,None,0.0,
2026-07-29T12:01:01.218875+00:00,g446,6,2026-10-10,Iowa,Washington,0.0,0.0,0.0,None,0.0,
2026-07-29T12:01:01.218875+00:00,g447,6,2026-10-10,Arizona,West Virginia,0.0,0.0,0.0,None,0.0,
2026-07-29T12:01:01.218875+00:00,g448,6,2026-10-10,Kent State,Western Michigan,0.0,0.0,0.0,None,0.0,
2026-07-29T12:01:01.218875+00:00,g449,7,2026-10-13,Florida International,Jacksonville State,0.0,0.0,0.0,None,0.0,
2026-07-29T12:01:01.218875+00:00,g450,7,2026-10-13,Delaware,Middle Tennessee,0.0,0.0,0.0,None,0.0,
2026-07-29T12:01:01.218875+00:00,g451,7,2026-10-14,Missouri State,Kennesaw State,0.0,0.0,0.0,None,0.0,
2026-07-29T12:01:01.218875+00:00,g452,7,2026-10-14,Western Kentucky,Sam Houston,0.0,0.0,0.0,None,0.0,
2026-07-29T12:01:01.218875+00:00,g453,7,2026-10-15,Georgia Southern,Old Dominion,0.0,0.0,0.0,None,0.0,
2026-07-29T12:01:01.218875+00:00,g454,7,2026-10-15,East Carolina,UAB,0.0,0.0,0.0,None,0.0,
2026-07-29T12:01:01.218875+00:00,g455,7,2026-10-16,Appalachian State,Coastal Carolina,0.0,0.0,0.0,None,0.0,
2026-07-29T12:01:01.218875+00:00,g456,7,2026-10-16,Memphis,Tulane,0.0,0.0,0.0,None,0.0,
2026-07-29T12:01:01.218875+00:00,g457,7,2026-10-17,UNLV,Air Force,0.0,0.0,0.0,None,0.0,
2026-07-29T12:01:01.218875+00:00,g458,7,2026-10-17,Florida Atlantic,Army,0.0,0.0,0.0,None,0.0,
2026-07-29T12:01:01.218875+00:00,g459,7,2026-10-17,Notre Dame,BYU,0.0,0.0,0.0,None,0.0,
2026-07-29T12:01:01.218875+00:00,g460,7,2026-10-17,TCU,Baylor,0.0,0.0,0.0,None,0.0,
2026-07-29T12:01:01.218875+00:00,g461,7,2026-10-17,Pittsburgh,Boston College,0.0,0.0,0.0,None,0.0,
2026-07-29T12:01:01.218875+00:00,g462,7,2026-10-17,Ball State,Bowling Green,0.0,0.0,0.0,None,0.0,
2026-07-29T12:01:01.218875+00:00,g463,7,2026-10-17,Massachusetts,Buffalo,0.0,0.0,0.0,None,0.0,
2026-07-29T12:01:01.218875+00:00,g464,7,2026-10-17,Wake Forest,California,0.0,0.0,0.0,None,0.0,
2026-07-29T12:01:01.218875+00:00,g465,7,2026-10-17,Western Michigan,Central Michigan,0.0,0.0,0.0,None,0.0,
2026-07-29T12:01:01.218875+00:00,g466,7,2026-10-17,Charleston So.,Clemson,0.0,0.0,0.0,None,0.0,
2026-07-29T12:01:01.218875+00:00,g467,7,2026-10-17,Utah,Colorado,0.0,0.0,0.0,None,0.0,
2026-07-29T12:01:01.218875+00:00,g468,7,2026-10-17,North Carolina,Duke,0.0,0.0,0.0,None,0.0,
2026-07-29T12:01:01.218875+00:00,g469,7,2026-10-17,Toledo,Eastern Michigan,0.0,0.0,0.0,None,0.0,
2026-07-29T12:01:01.218875+00:00,g470,7,2026-10-17,Auburn,Georgia,0.0,0.0,0.0,None,0.0,
2026-07-29T12:01:01.218875+00:00,g471,7,2026-10-17,New Mexico,Hawaii,0.0,0.0,0.0,None,0.0,
2026-07-29T12:01:01.218875+00:00,g472,7,2026-10-17,Oklahoma State,Houston,0.0,0.0,0.0,None,0.0,
2026-07-29T12:01:01.218875+00:00,g473,7,2026-10-17,Ohio State,Indiana,0.0,0.0,0.0,None,0.0,
2026-07-29T12:01:01.218875+00:00,g474,7,2026-10-17,Georgia State,James Madison,0.0,0.0,0.0,None,0.0,
2026-07-29T12:01:01.218875+00:00,g475,7,2026-10-17,Kansas,Kansas State,0.0,0.0,0.0,None,0.0,
2026-07-29T12:01:01.218875+00:00,g476,7,2026-10-17,Mississippi State,LSU,0.0,0.0,0.0,None,0.0,
2026-07-29T12:01:01.218875+00:00,g477,7,2026-10-17,Troy,Louisiana,0.0,0.0,0.0,None,0.0,
2026-07-29T12:01:01.218875+00:00,g478,7,2026-10-17,Rutgers,Maryland,0.0,0.0,0.0,None,0.0,
2026-07-29T12:01:01.218875+00:00,g479,7,2026-10-17,Florida State,Miami-FL,0.0,0.0,0.0,None,0.0,
2026-07-29T12:01:01.218875+00:00,g480,7,2026-10-17,Akron,Miami-OH,0.0,0.0,0.0,None,0.0,
2026-07-29T12:01:01.218875+00:00,g481,7,2026-10-17,Penn State,Michigan,0.0,0.0,0.0,None,0.0,
2026-07-29T12:01:01.218875+00:00,g482,7,2026-10-17,Northwestern,Michigan State,0.0,0.0,0.0,None,0.0,
2026-07-29T12:01:01.218875+00:00,g483,7,2026-10-17,Nevada,North Dakota State,0.0,0.0,0.0,None,0.0,
2026-07-29T12:01:01.218875+00:00,g484,7,2026-10-17,Kentucky,Oklahoma,0.0,0.0,0.0,None,0.0,
2026-07-29T12:01:01.218875+00:00,g485,7,2026-10-17,Missouri,Ole Miss,0.0,0.0,0.0,None,0.0,
2026-07-29T12:01:01.218875+00:00,g486,7,2026-10-17,Nebraska,Oregon,0.0,0.0,0.0,None,0.0,
2026-07-29T12:01:01.218875+00:00,g487,7,2026-10-17,Washington State,Oregon State,0.0,0.0,0.0,None,0.0,
2026-07-29T12:01:01.218875+00:00,g488,7,2026-10-17,Washington,Purdue,0.0,0.0,0.0,None,0.0,
2026-07-29T12:01:01.218875+00:00,g489,7,2026-10-17,Tulsa,Rice,0.0,0.0,0.0,None,0.0,
2026-07-29T12:01:01.218875+00:00,g490,7,2026-10-17,Virginia,SMU,0.0,0.0,0.0,None,0.0,
2026-07-29T12:01:01.218875+00:00,g491,7,2026-10-17,Ohio,Sacramento State,0.0,0.0,0.0,None,0.0,
2026-07-29T12:01:01.218875+00:00,g492,7,2026-10-17,Fresno State,San Diego State,0.0,0.0,0.0,None,0.0,
2026-07-29T12:01:01.218875+00:00,g493,7,2026-10-17,Kent State,South Florida,0.0,0.0,0.0,None,0.0,
2026-07-29T12:01:01.218875+00:00,g494,7,2026-10-17,Arkansas State,Southern Miss,0.0,0.0,0.0,None,0.0,
2026-07-29T12:01:01.218875+00:00,g495,7,2026-10-17,Elon,Stanford,0.0,0.0,0.0,None,0.0,
2026-07-29T12:01:01.218875+00:00,g496,7,2026-10-17,Louisville,Syracuse,0.0,0.0,0.0,None,0.0,
2026-07-29T12:01:01.218875+00:00,g497,7,2026-10-17,Charlotte,Temple,0.0,0.0,0.0,None,0.0,
2026-07-29T12:01:01.218875+00:00,g498,7,2026-10-17,Alabama,Tennessee,0.0,0.0,0.0,None,0.0,
2026-07-29T12:01:01.218875+00:00,g499,7,2026-10-17,Florida,Texas,0.0,0.0,0.0,None,0.0,
2026-07-29T12:01:01.218875+00:00,g500,7,2026-10-17,The Citadel,Texas A&M,0.0,0.0,0.0,None,0.0,
2026-07-29T12:01:01.218875+00:00,g501,7,2026-10-17,Colorado State,Texas State,0.0,0.0,0.0,None,0.0,
2026-07-29T12:01:01.218875+00:00,g502,7,2026-10-17,Arizona State,Texas Tech,0.0,0.0,0.0,None,0.0,
2026-07-29T12:01:01.218875+00:00,g503,7,2026-10-17,Wisconsin,UCLA,0.0,0.0,0.0,None,0.0,
2026-07-29T12:01:01.218875+00:00,g504,7,2026-10-17,Louisiana Tech,UL-Monroe,0.0,0.0,0.0,None,0.0,
2026-07-29T12:01:01.218875+00:00,g505,7,2026-10-17,San Jose State,UTEP,0.0,0.0,0.0,None,0.0,
2026-07-29T12:01:01.218875+00:00,g506,7,2026-10-17,Navy,UTSA,0.0,0.0,0.0,None,0.0,
2026-07-29T12:01:01.218875+00:00,g507,7,2026-10-17,Arkansas,Vanderbilt,0.0,0.0,0.0,None,0.0,
2026-07-29T12:01:01.218875+00:00,g508,7,2026-10-17,Georgia Tech,Virginia Tech,0.0,0.0,0.0,None,0.0,
2026-07-29T12:01:01.218875+00:00,g509,7,2026-10-17,Cincinnati,West Virginia,0.0,0.0,0.0,None,0.0,
2026-07-29T12:01:01.218875+00:00,g510,7,2026-10-17,Northern Illinois,Wyoming,0.0,0.0,0.0,None,0.0,
2026-07-29T12:01:01.218875+00:00,g511,8,2026-10-20,Missouri State,Delaware,0.0,0.0,0.0,None,0.0,
2026-07-29T12:01:01.218875+00:00,g512,8,2026-10-20,Middle Tennessee,Florida International,0.0,0.0,0.0,None,0.0,
2026-07-29T12:01:01.218875+00:00,g513,8,2026-10-20,South Alabama,Marshall,0.0,0.0,0.0,None,0.0,
2026-07-29T12:01:01.218875+00:00,g514,8,2026-10-21,Liberty,Kennesaw State,0.0,0.0,0.0,None,0.0,
2026-07-29T12:01:01.218875+00:00,g515,8,2026-10-21,New Mexico State,Sam Houston,0.0,0.0,0.0,None,0.0,
2026-07-29T12:01:01.218875+00:00,g516,8,2026-10-22,James Madison,Appalachian State,0.0,0.0,0.0,None,0.0,
2026-07-29T12:01:01.218875+00:00,g517,8,2026-10-22,East Carolina,Memphis,0.0,0.0,0.0,None,0.0,
2026-07-29T12:01:01.218875+00:00,g518,8,2026-10-23,Army,Tulsa,0.0,0.0,0.0,None,0.0,
2026-07-29T12:01:01.218875+00:00,g519,8,2026-10-24,Texas A&M,Alabama,0.0,0.0,0.0,None,0.0,
2026-07-29T12:01:01.218875+00:00,g520,8,2026-10-24,Iowa State,Arizona,0.0,0.0,0.0,None,0.0,
2026-07-29T12:01:01.218875+00:00,g521,8,2026-10-24,Kansas State,Arizona State,0.0,0.0,0.0,None,0.0,
2026-07-29T12:01:01.218875+00:00,g522,8,2026-10-24,Georgia State,Arkansas State,0.0,0.0,0.0,None,0.0,
2026-07-29T12:01:01.218875+00:00,g523,8,2026-10-24,LSU,Auburn,0.0,0.0,0.0,None,0.0,
2026-07-29T12:01:01.218875+00:00,g524,8,2026-10-24,Sacramento State,Ball State,0.0,0.0,0.0,None,0.0,
2026-07-29T12:01:01.218875+00:00,g525,8,2026-10-24,Bowling Green,Buffalo,0.0,0.0,0.0,None,0.0,
2026-07-29T12:01:01.218875+00:00,g526,8,2026-10-24,BYU,Central Florida,0.0,0.0,0.0,None,0.0,
2026-07-29T12:01:01.218875+00:00,g527,8,2026-10-24,Miami-OH,Central Michigan,0.0,0.0,0.0,None,0.0,
2026-07-29T12:01:01.218875+00:00,g528,8,2026-10-24,Texas Tech,Cincinnati,0.0,0.0,0.0,None,0.0,
2026-07-29T12:01:01.218875+00:00,g529,8,2026-10-24,Virginia Tech,Clemson,0.0,0.0,0.0,None,0.0,
2026-07-29T12:01:01.218875+00:00,g530,8,2026-10-24,San Diego State,Colorado State,0.0,0.0,0.0,None,0.0,
2026-07-29T12:01:01.218875+00:00,g531,8,2026-10-24,Massachusetts,Connecticut,0.0,0.0,0.0,None,0.0,
2026-07-29T12:01:01.218875+00:00,g532,8,2026-10-24,Rice,Florida Atlantic,0.0,0.0,0.0,None,0.0,
2026-07-29T12:01:01.218875+00:00,g533,8,2026-10-24,Boston College,Georgia Tech,0.0,0.0,0.0,None,0.0,
2026-07-29T12:01:01.218875+00:00,g534,8,2026-10-24,Oregon,Illinois,0.0,0.0,0.0,None,0.0,
2026-07-29T12:01:01.218875+00:00,g535,8,2026-10-24,Baylor,Kansas,0.0,0.0,0.0,None,0.0,
2026-07-29T12:01:01.218875+00:00,g536,8,2026-10-24,Akron,Kent State,0.0,0.0,0.0,None,0.0,
2026-07-29T12:01:01.218875+00:00,g537,8,2026-10-24,Vanderbilt,Kentucky,0.0,0.0,0.0,None,0.0,
2026-07-29T12:01:01.218875+00:00,g538,8,2026-10-24,Old Dominion,Louisiana Tech,0.0,0.0,0.0,None,0.0,
2026-07-29T12:01:01.218875+00:00,g539,8,2026-10-24,Pittsburgh,Miami-FL,0.0,0.0,0.0,None,0.0,
2026-07-29T12:01:01.218875+00:00,g540,8,2026-10-24,Indiana,Michigan,0.0,0.0,0.0,None,0.0,
2026-07-29T12:01:01.218875+00:00,g541,8,2026-10-24,Iowa,Minnesota,0.0,0.0,0.0,None,0.0,
2026-07-29T12:01:01.218875+00:00,g542,8,2026-10-24,Oklahoma,Mississippi State,0.0,0.0,0.0,None,0.0,
2026-07-29T12:01:01.218875+00:00,g543,8,2026-10-24,North Texas,Navy,0.0,0.0,0.0,None,0.0,
2026-07-29T12:01:01.218875+00:00,g544,8,2026-10-24,San Jose State,Nevada,0.0,0.0,0.0,None,0.0,
2026-07-29T12:01:01.218875+00:00,g545,8,2026-10-24,North Dakota State,New Mexico,0.0,0.0,0.0,None,0.0,
2026-07-29T12:01:01.218875+00:00,g546,8,2026-10-24,Syracuse,North Carolina,0.0,0.0,0.0,None,0.0,
2026-07-29T12:01:01.218875+00:00,g547,8,2026-10-24,Hawaii,Northern Illinois,0.0,0.0,0.0,None,0.0,
2026-07-29T12:01:01.218875+00:00,g548,8,2026-10-24,Rutgers,Northwestern,0.0,0.0,0.0,None,0.0,
2026-07-29T12:01:01.218875+00:00,g549,8,2026-10-24,Eastern Michigan,Ohio,0.0,0.0,0.0,None,0.0,
2026-07-29T12:01:01.218875+00:00,g550,8,2026-10-24,Colorado,Oklahoma State,0.0,0.0,0.0,None,0.0,
2026-07-29T12:01:01.218875+00:00,g551,8,2026-10-24,California,SMU,0.0,0.0,0.0,None,0.0,
2026-07-29T12:01:01.218875+00:00,g552,8,2026-10-24,Tennessee,South Carolina,0.0,0.0,0.0,None,0.0,
2026-07-29T12:01:01.218875+00:00,g553,8,2026-10-24,Louisiana,Southern Miss,0.0,0.0,0.0,None,0.0,
2026-07-29T12:01:01.218875+00:00,g554,8,2026-10-24,NC State,Stanford,0.0,0.0,0.0,None,0.0,
2026-07-29T12:01:01.218875+00:00,g555,8,2026-10-24,West Virginia,TCU,0.0,0.0,0.0,None,0.0,
2026-07-29T12:01:01.218875+00:00,g556,8,2026-10-24,Ole Miss,Texas,0.0,0.0,0.0,None,0.0,
2026-07-29T12:01:01.218875+00:00,g557,8,2026-10-24,Utah State,Texas State,0.0,0.0,0.0,None,0.0,
2026-07-29T12:01:01.218875+00:00,g558,8,2026-10-24,Western Michigan,Toledo,0.0,0.0,0.0,None,0.0,
2026-07-29T12:01:01.218875+00:00,g559,8,2026-10-24,UL-Monroe,Troy,0.0,0.0,0.0,None,0.0,
2026-07-29T12:01:01.218875+00:00,g560,8,2026-10-24,UTSA,Tulane,0.0,0.0,0.0,None,0.0,
2026-07-29T12:01:01.218875+00:00,g561,8,2026-10-24,Michigan State,UCLA,0.0,0.0,0.0,None,0.0,
2026-07-29T12:01:01.218875+00:00,g562,8,2026-10-24,Houston,Utah,0.0,0.0,0.0,None,0.0,
2026-07-29T12:01:01.218875+00:00,g563,8,2026-10-24,Duke,Virginia,0.0,0.0,0.0,None,0.0,
2026-07-29T12:01:01.218875+00:00,g564,8,2026-10-24,Boise State,Washington State,0.0,0.0,0.0,None,0.0,
2026-07-29T12:01:01.218875+00:00,g565,8,2026-10-24,USC,Wisconsin,0.0,0.0,0.0,None,0.0,
2026-07-29T12:01:01.218875+00:00,g566,8,2026-10-24,Air Force,Wyoming,0.0,0.0,0.0,None,0.0,
2026-07-29T12:01:01.218875+00:00,g567,9,2026-10-27,Sam Houston,Missouri State,0.0,0.0,0.0,None,0.0,
2026-07-29T12:01:01.218875+00:00,g568,9,2026-10-27,Delaware,Western Kentucky,0.0,0.0,0.0,None,0.0,
2026-07-29T12:01:01.218875+00:00,g569,9,2026-10-28,Kennesaw State,Middle Tennessee,0.0,0.0,0.0,None,0.0,
2026-07-29T12:01:01.218875+00:00,g570,9,2026-10-28,Jacksonville State,New Mexico State,0.0,0.0,0.0,None,0.0,
2026-07-29T12:01:01.218875+00:00,g571,9,2026-10-29,Troy,James Madison,0.0,0.0,0.0,None,0.0,
2026-07-29T12:01:01.218875+00:00,g572,9,2026-10-29,Florida Atlantic,North Texas,0.0,0.0,0.0,None,0.0,
2026-07-29T12:01:01.218875+00:00,g573,9,2026-10-30,Baylor,Central Florida,0.0,0.0,0.0,None,0.0,
2026-07-29T12:01:01.218875+00:00,g574,9,2026-10-30,Tulane,Charlotte,0.0,0.0,0.0,None,0.0,
2026-07-29T12:01:01.218875+00:00,g575,9,2026-10-30,Kent State,Sacramento State,0.0,0.0,0.0,None,0.0,
2026-07-29T12:01:01.218875+00:00,g576,9,2026-10-31,Connecticut,Air Force,0.0,0.0,0.0,None,0.0,
2026-07-29T12:01:01.218875+00:00,g577,9,2026-10-31,Missouri,Arkansas,0.0,0.0,0.0,None,0.0,
2026-07-29T12:01:01.218875+00:00,g578,9,2026-10-31,Arizona State,BYU,0.0,0.0,0.0,None,0.0,
2026-07-29T12:01:01.218875+00:00,g579,9,2026-10-31,Texas State,Boise State,0.0,0.0,0.0,None,0.0,
2026-07-29T12:01:01.218875+00:00,g580,9,2026-10-31,Utah,Cincinnati,0.0,0.0,0.0,None,0.0,
2026-07-29T12:01:01.218875+00:00,g581,9,2026-10-31,Kansas State,Colorado,0.0,0.0,0.0,None,0.0,
2026-07-29T12:01:01.218875+00:00,g582,9,2026-10-31,Boston College,Duke,0.0,0.0,0.0,None,0.0,
2026-07-29T12:01:01.218875+00:00,g583,9,2026-10-31,Temple,East Carolina,0.0,0.0,0.0,None,0.0,
2026-07-29T12:01:01.218875+00:00,g584,9,2026-10-31,Clemson,Florida State,0.0,0.0,0.0,None,0.0,
2026-07-29T12:01:01.218875+00:00,g585,9,2026-10-31,Oregon State,Fresno State,0.0,0.0,0.0,None,0.0,
2026-07-29T12:01:01.218875+00:00,g586,9,2026-10-31,Florida,Georgia,0.0,0.0,0.0,None,0.0,
2026-07-29T12:01:01.218875+00:00,g587,9,2026-10-31,Appalachian State,Georgia Southern,0.0,0.0,0.0,None,0.0,
2026-07-29T12:01:01.218875+00:00,g588,9,2026-10-31,Coastal Carolina,Georgia State,0.0,0.0,0.0,None,0.0,
2026-07-29T12:01:01.218875+00:00,g589,9,2026-10-31,Minnesota,Indiana,0.0,0.0,0.0,None,0.0,
2026-07-29T12:01:01.218875+00:00,g590,9,2026-10-31,Wisconsin,Iowa,0.0,0.0,0.0,None,0.0,
2026-07-29T12:01:01.218875+00:00,g591,9,2026-10-31,Oklahoma State,Iowa State,0.0,0.0,0.0,None,0.0,
2026-07-29T12:01:01.218875+00:00,g592,9,2026-10-31,Florida International,Liberty,0.0,0.0,0.0,None,0.0,
2026-07-29T12:01:01.218875+00:00,g593,9,2026-10-31,Stanford,Louisville,0.0,0.0,0.0,None,0.0,
2026-07-29T12:01:01.218875+00:00,g594,9,2026-10-31,Illinois,Maryland,0.0,0.0,0.0,None,0.0,
2026-07-29T12:01:01.218875+00:00,g595,9,2026-10-31,Army,Memphis,0.0,0.0,0.0,None,0.0,
2026-07-29T12:01:01.218875+00:00,g596,9,2026-10-31,California,NC State,0.0,0.0,0.0,None,0.0,
2026-07-29T12:01:01.218875+00:00,g597,9,2026-10-31,Notre Dame,Navy,0.0,0.0,0.0,None,0.0,
2026-07-29T12:01:01.218875+00:00,g598,9,2026-10-31,Washington,Nebraska,0.0,0.0,0.0,None,0.0,
2026-07-29T12:01:01.218875+00:00,g599,9,2026-10-31,Miami-FL,North Carolina,0.0,0.0,0.0,None,0.0,
2026-07-29T12:01:01.218875+00:00,g600,9,2026-10-31,UTEP,North Dakota State,0.0,0.0,0.0,None,0.0,
2026-07-29T12:01:01.218875+00:00,g601,9,2026-10-31,South Carolina,Oklahoma,0.0,0.0,0.0,None,0.0,
2026-07-29T12:01:01.218875+00:00,g602,9,2026-10-31,Marshall,Old Dominion,0.0,0.0,0.0,None,0.0,
2026-07-29T12:01:01.218875+00:00,g603,9,2026-10-31,Auburn,Ole Miss,0.0,0.0,0.0,None,0.0,
2026-07-29T12:01:01.218875+00:00,g604,9,2026-10-31,Northwestern,Oregon,0.0,0.0,0.0,None,0.0,
2026-07-29T12:01:01.218875+00:00,g605,9,2026-10-31,Purdue,Penn State,0.0,0.0,0.0,None,0.0,
2026-07-29T12:01:01.218875+00:00,g606,9,2026-10-31,Georgia Tech,Pittsburgh,0.0,0.0,0.0,None,0.0,
2026-07-29T12:01:01.218875+00:00,g607,9,2026-10-31,Michigan,Rutgers,0.0,0.0,0.0,None,0.0,
2026-07-29T12:01:01.218875+00:00,g608,9,2026-10-31,Washington State,San Diego State,0.0,0.0,0.0,None,0.0,
2026-07-29T12:01:01.218875+00:00,g609,9,2026-10-31,New Mexico,San Jose State,0.0,0.0,0.0,None,0.0,
2026-07-29T12:01:01.218875+00:00,g610,9,2026-10-31,Louisiana Tech,South Alabama,0.0,0.0,0.0,None,0.0,
2026-07-29T12:01:01.218875+00:00,g611,9,2026-10-31,UAB,South Florida,0.0,0.0,0.0,None,0.0,
2026-07-29T12:01:01.218875+00:00,g612,9,2026-10-31,SMU,Syracuse,0.0,0.0,0.0,None,0.0,
2026-07-29T12:01:01.218875+00:00,g613,9,2026-10-31,Kansas,TCU,0.0,0.0,0.0,None,0.0,
2026-07-29T12:01:01.218875+00:00,g614,9,2026-10-31,Mississippi State,Texas,0.0,0.0,0.0,None,0.0,
2026-07-29T12:01:01.218875+00:00,g615,9,2026-10-31,Arizona,Texas Tech,0.0,0.0,0.0,None,0.0,
2026-07-29T12:01:01.218875+00:00,g616,9,2026-10-31,Nevada,UCLA,0.0,0.0,0.0,None,0.0,
2026-07-29T12:01:01.218875+00:00,g617,9,2026-10-31,Southern Miss,UL-Monroe,0.0,0.0,0.0,None,0.0,
2026-07-29T12:01:01.218875+00:00,g618,9,2026-10-31,Northern Illinois,UNLV,0.0,0.0,0.0,None,0.0,
2026-07-29T12:01:01.218875+00:00,g619,9,2026-10-31,Ohio State,USC,0.0,0.0,0.0,None,0.0,
2026-07-29T12:01:01.218875+00:00,g620,9,2026-10-31,Colorado State,Utah State,0.0,0.0,0.0,None,0.0,
2026-07-29T12:01:01.218875+00:00,g621,9,2026-10-31,Virginia,Wake Forest,0.0,0.0,0.0,None,0.0,
2026-07-29T12:01:01.218875+00:00,g622,9,2026-10-31,Bowling Green,Western Michigan,0.0,0.0,0.0,None,0.0,
2026-07-29T12:01:01.218875+00:00,g623,10,2026-11-03,Ohio,Akron,0.0,0.0,0.0,None,0.0,
2026-07-29T12:01:01.218875+00:00,g624,10,2026-11-03,Buffalo,Miami-OH,0.0,0.0,0.0,None,0.0,
2026-07-29T12:01:01.218875+00:00,g625,10,2026-11-04,Central Michigan,Eastern Michigan,0.0,0.0,0.0,None,0.0,
2026-07-29T12:01:01.218875+00:00,g626,10,2026-11-04,Ball State,Massachusetts,0.0,0.0,0.0,None,0.0,
2026-07-29T12:01:01.218875+00:00,g627,10,2026-11-04,Toledo,Sacramento State,0.0,0.0,0.0,None,0.0,
2026-07-29T12:01:01.218875+00:00,g628,10,2026-11-05,UTSA,Florida Atlantic,0.0,0.0,0.0,None,0.0,
2026-07-29T12:01:01.218875+00:00,g629,10,2026-11-05,James Madison,Southern Miss,0.0,0.0,0.0,None,0.0,
2026-07-29T12:01:01.218875+00:00,g630,10,2026-11-06,TCU,Arizona,0.0,0.0,0.0,None,0.0,
2026-07-29T12:01:01.218875+00:00,g631,10,2026-11-06,South Florida,East Carolina,0.0,0.0,0.0,None,0.0,
2026-07-29T12:01:01.218875+00:00,g632,10,2026-11-07,Georgia State,Appalachian State,0.0,0.0,0.0,None,0.0,
2026-07-29T12:01:01.218875+00:00,g633,10,2026-11-07,Colorado,Arizona State,0.0,0.0,0.0,None,0.0,
2026-07-29T12:01:01.218875+00:00,g634,10,2026-11-07,UL-Monroe,Arkansas State,0.0,0.0,0.0,None,0.0,
2026-07-29T12:01:01.218875+00:00,g635,10,2026-11-07,Air Force,Army,0.0,0.0,0.0,None,0.0,
2026-07-29T12:01:01.218875+00:00,g636,10,2026-11-07,Arkansas,Auburn,0.0,0.0,0.0,None,0.0,
2026-07-29T12:01:01.218875+00:00,g637,10,2026-11-07,Iowa State,Baylor,0.0,0.0,0.0,None,0.0,
2026-07-29T12:01:01.218875+00:00,g638,10,2026-11-07,Florida State,Boston College,0.0,0.0,0.0,None,0.0,
2026-07-29T12:01:01.218875+00:00,g639,10,2026-11-07,Old Dominion,Coastal Carolina,0.0,0.0,0.0,None,0.0,
2026-07-29T12:01:01.218875+00:00,g640,10,2026-11-07,Boise State,Colorado State,0.0,0.0,0.0,None,0.0,
2026-07-29T12:01:01.218875+00:00,g641,10,2026-11-07,North Carolina,Connecticut,0.0,0.0,0.0,None,0.0,
2026-07-29T12:01:01.218875+00:00,g642,10,2026-11-07,Oklahoma,Florida,0.0,0.0,0.0,None,0.0,
2026-07-29T12:01:01.218875+00:00,g643,10,2026-11-07,Missouri State,Florida International,0.0,0.0,0.0,None,0.0,
2026-07-29T12:01:01.218875+00:00,g644,10,2026-11-07,Marshall,Georgia Southern,0.0,0.0,0.0,None,0.0,
2026-07-29T12:01:01.218875+00:00,g645,10,2026-11-07,Louisville,Georgia Tech,0.0,0.0,0.0,None,0.0,
2026-07-29T12:01:01.218875+00:00,g646,10,2026-11-07,Cincinnati,Houston,0.0,0.0,0.0,None,0.0,
2026-07-29T12:01:01.218875+00:00,g647,10,2026-11-07,Nebraska,Illinois,0.0,0.0,0.0,None,0.0,
2026-07-29T12:01:01.218875+00:00,g648,10,2026-11-07,Sam Houston,Jacksonville State,0.0,0.0,0.0,None,0.0,
2026-07-29T12:01:01.218875+00:00,g649,10,2026-11-07,Central Florida,Kansas,0.0,0.0,0.0,None,0.0,
2026-07-29T12:01:01.218875+00:00,g650,10,2026-11-07,Oklahoma State,Kansas State,0.0,0.0,0.0,None,0.0,
2026-07-29T12:01:01.218875+00:00,g651,10,2026-11-07,Delaware,Kennesaw State,0.0,0.0,0.0,None,0.0,
2026-07-29T12:01:01.218875+00:00,g652,10,2026-11-07,Alabama,LSU,0.0,0.0,0.0,None,0.0,
2026-07-29T12:01:01.218875+00:00,g653,10,2026-11-07,South Alabama,Louisiana,0.0,0.0,0.0,None,0.0,
2026-07-29T12:01:01.218875+00:00,g654,10,2026-11-07,Michigan State,Michigan,0.0,0.0,0.0,None,0.0,
2026-07-29T12:01:01.218875+00:00,g655,10,2026-11-07,Western Kentucky,Middle Tennessee,0.0,0.0,0.0,None,0.0,
2026-07-29T12:01:01.218875+00:00,g656,10,2026-11-07,UCLA,Minnesota,0.0,0.0,0.0,None,0.0,
2026-07-29T12:01:01.218875+00:00,g657,10,2026-11-07,Vanderbilt,Mississippi State,0.0,0.0,0.0,None,0.0,
2026-07-29T12:01:01.218875+00:00,g658,10,2026-11-07,Texas,Missouri,0.0,0.0,0.0,None,0.0,
2026-07-29T12:01:01.218875+00:00,g659,10,2026-11-07,Duke,NC State,0.0,0.0,0.0,None,0.0,
2026-07-29T12:01:01.218875+00:00,g660,10,2026-11-07,Temple,Navy,0.0,0.0,0.0,None,0.0,
2026-07-29T12:01:01.218875+00:00,g661,10,2026-11-07,New Mexico,Nevada,0.0,0.0,0.0,None,0.0,
2026-07-29T12:01:01.218875+00:00,g662,10,2026-11-07,Liberty,New Mexico State,0.0,0.0,0.0,None,0.0,
2026-07-29T12:01:01.218875+00:00,g663,10,2026-11-07,Rice,North Texas,0.0,0.0,0.0,None,0.0,
2026-07-29T12:01:01.218875+00:00,g664,10,2026-11-07,Iowa,Northwestern,0.0,0.0,0.0,None,0.0,
2026-07-29T12:01:01.218875+00:00,g665,10,2026-11-07,Miami-FL,Notre Dame,0.0,0.0,0.0,None,0.0,
2026-07-29T12:01:01.218875+00:00,g666,10,2026-11-07,Oregon,Ohio State,0.0,0.0,0.0,None,0.0,
2026-07-29T12:01:01.218875+00:00,g667,10,2026-11-07,Georgia,Ole Miss,0.0,0.0,0.0,None,0.0,
2026-07-29T12:01:01.218875+00:00,g668,10,2026-11-07,Texas State,Oregon State,0.0,0.0,0.0,None,0.0,
2026-07-29T12:01:01.218875+00:00,g669,10,2026-11-07,Maryland,Purdue,0.0,0.0,0.0,None,0.0,
2026-07-29T12:01:01.218875+00:00,g670,10,2026-11-07,Virginia Tech,SMU,0.0,0.0,0.0,None,0.0,
2026-07-29T12:01:01.218875+00:00,g671,10,2026-11-07,Northern Illinois,San Jose State,0.0,0.0,0.0,None,0.0,
2026-07-29T12:01:01.218875+00:00,g672,10,2026-11-07,Texas A&M,South Carolina,0.0,0.0,0.0,None,0.0,
2026-07-29T12:01:01.218875+00:00,g673,10,2026-11-07,Clemson,Syracuse,0.0,0.0,0.0,None,0.0,
2026-07-29T12:01:01.218875+00:00,g674,10,2026-11-07,Kentucky,Tennessee,0.0,0.0,0.0,None,0.0,
2026-07-29T12:01:01.218875+00:00,g675,10,2026-11-07,West Virginia,Texas Tech,0.0,0.0,0.0,None,0.0,
2026-07-29T12:01:01.218875+00:00,g676,10,2026-11-07,Louisiana Tech,Troy,0.0,0.0,0.0,None,0.0,
2026-07-29T12:01:01.218875+00:00,g677,10,2026-11-07,Tulsa,Tulane,0.0,0.0,0.0,None,0.0,
2026-07-29T12:01:01.218875+00:00,g678,10,2026-11-07,Charlotte,UAB,0.0,0.0,0.0,None,0.0,
2026-07-29T12:01:01.218875+00:00,g679,10,2026-11-07,Wyoming,UNLV,0.0,0.0,0.0,None,0.0,
2026-07-29T12:01:01.218875+00:00,g680,10,2026-11-07,Hawaii,UTEP,0.0,0.0,0.0,None,0.0,
2026-07-29T12:01:01.218875+00:00,g681,10,2026-11-07,BYU,Utah,0.0,0.0,0.0,None,0.0,
2026-07-29T12:01:01.218875+00:00,g682,10,2026-11-07,Fresno State,Utah State,0.0,0.0,0.0,None,0.0,
2026-07-29T12:01:01.218875+00:00,g683,10,2026-11-07,Merrimack,Wake Forest,0.0,0.0,0.0,None,0.0,
2026-07-29T12:01:01.218875+00:00,g684,10,2026-11-07,Penn State,Washington,0.0,0.0,0.0,None,0.0,
2026-07-29T12:01:01.218875+00:00,g685,10,2026-11-07,Rutgers,Wisconsin,0.0,0.0,0.0,None,0.0,
2026-07-29T12:01:01.218875+00:00,g686,11,2026-11-10,Western Michigan,Akron,0.0,0.0,0.0,None,0.0,
2026-07-29T12:01:01.218875+00:00,g687,11,2026-11-10,Kent State,Bowling Green,0.0,0.0,0.0,None,0.0,
2026-07-29T12:01:01.218875+00:00,g688,11,2026-11-10,Ohio,Miami-OH,0.0,0.0,0.0,None,0.0,
2026-07-29T12:01:01.218875+00:00,g689,11,2026-11-11,Buffalo,Ball State,0.0,0.0,0.0,None,0.0,
2026-07-29T12:01:01.218875+00:00,g690,11,2026-11-11,Sacramento State,Central Michigan,0.0,0.0,0.0,None,0.0,
2026-07-29T12:01:01.218875+00:00,g691,11,2026-11-11,Massachusetts,Toledo,0.0,0.0,0.0,None,0.0,
2026-07-29T12:01:01.218875+00:00,g692,11,2026-11-12,Memphis,South Florida,0.0,0.0,0.0,None,0.0,
2026-07-29T12:01:01.218875+00:00,g693,11,2026-11-12,Louisiana,UL-Monroe,0.0,0.0,0.0,None,0.0,
2026-07-29T12:01:01.218875+00:00,g694,11,2026-11-13,Houston,Colorado,0.0,0.0,0.0,None,0.0,
2026-07-29T12:01:01.218875+00:00,g695,11,2026-11-13,Florida State,Pittsburgh,0.0,0.0,0.0,None,0.0,
2026-07-29T12:01:01.218875+00:00,g696,11,2026-11-14,San Jose State,Air Force,0.0,0.0,0.0,None,0.0,
2026-07-29T12:01:01.218875+00:00,g697,11,2026-11-14,Utah,Arizona,0.0,0.0,0.0,None,0.0,
2026-07-29T12:01:01.218875+00:00,g698,11,2026-11-14,South Carolina,Arkansas,0.0,0.0,0.0,None,0.0,
2026-07-29T12:01:01.218875+00:00,g699,11,2026-11-14,Baylor,BYU,0.0,0.0,0.0,None,0.0,
2026-07-29T12:01:01.218875+00:00,g700,11,2026-11-14,Oregon State,Boise State,0.0,0.0,0.0,None,0.0,
2026-07-29T12:01:01.218875+00:00,g701,11,2026-11-14,Arizona State,Central Florida,0.0,0.0,0.0,None,0.0,
2026-07-29T12:01:01.218875+00:00,g702,11,2026-11-14,East Carolina,Charlotte,0.0,0.0,0.0,None,0.0,
2026-07-29T12:01:01.218875+00:00,g703,11,2026-11-14,Georgia Tech,Clemson,0.0,0.0,0.0,None,0.0,
2026-07-29T12:01:01.218875+00:00,g704,11,2026-11-14,Arkansas State,Coastal Carolina,0.0,0.0,0.0,None,0.0,
2026-07-29T12:01:01.218875+00:00,g705,11,2026-11-14,James Madison,Connecticut,0.0,0.0,0.0,None,0.0,
2026-07-29T12:01:01.218875+00:00,g706,11,2026-11-14,Florida International,Delaware,0.0,0.0,0.0,None,0.0,
2026-07-29T12:01:01.218875+00:00,g707,11,2026-11-14,Missouri,Georgia,0.0,0.0,0.0,None,0.0,
2026-07-29T12:01:01.218875+00:00,g708,11,2026-11-14,Georgia Southern,Georgia State,0.0,0.0,0.0,None,0.0,
2026-07-29T12:01:01.218875+00:00,g709,11,2026-11-14,North Dakota State,Hawaii,0.0,0.0,0.0,None,0.0,
2026-07-29T12:01:01.218875+00:00,g710,11,2026-11-14,USC,Indiana,0.0,0.0,0.0,None,0.0,
2026-07-29T12:01:01.218875+00:00,g711,11,2026-11-14,Purdue,Iowa,0.0,0.0,0.0,None,0.0,
2026-07-29T12:01:01.218875+00:00,g712,11,2026-11-14,Cincinnati,Iowa State,0.0,0.0,0.0,None,0.0,
2026-07-29T12:01:01.218875+00:00,g713,11,2026-11-14,Florida,Kentucky,0.0,0.0,0.0,None,0.0,
2026-07-29T12:01:01.218875+00:00,g714,11,2026-11-14,Texas,LSU,0.0,0.0,0.0,None,0.0,
2026-07-29T12:01:01.218875+00:00,g715,11,2026-11-14,Middle Tennessee,Liberty,0.0,0.0,0.0,None,0.0,
2026-07-29T12:01:01.218875+00:00,g716,11,2026-11-14,Southern Miss,Louisiana Tech,0.0,0.0,0.0,None,0.0,
2026-07-29T12:01:01.218875+00:00,g717,11,2026-11-14,Appalachian State,Marshall,0.0,0.0,0.0,None,0.0,
2026-07-29T12:01:01.218875+00:00,g718,11,2026-11-14,Wisconsin,Maryland,0.0,0.0,0.0,None,0.0,
2026-07-29T12:01:01.218875+00:00,g719,11,2026-11-14,Duke,Miami-FL,0.0,0.0,0.0,None,0.0,
2026-07-29T12:01:01.218875+00:00,g720,11,2026-11-14,Washington,Michigan State,0.0,0.0,0.0,None,0.0,
2026-07-29T12:01:01.218875+00:00,g721,11,2026-11-14,Auburn,Mississippi State,0.0,0.0,0.0,None,0.0,
2026-07-29T12:01:01.218875+00:00,g722,11,2026-11-14,New Mexico State,Missouri State,0.0,0.0,0.0,None,0.0,
2026-07-29T12:01:01.218875+00:00,g723,11,2026-11-14,Syracuse,NC State,0.0,0.0,0.0,None,0.0,
2026-07-29T12:01:01.218875+00:00,g724,11,2026-11-14,UNLV,New Mexico,0.0,0.0,0.0,None,0.0,
2026-07-29T12:01:01.218875+00:00,g725,11,2026-11-14,Louisville,North Carolina,0.0,0.0,0.0,None,0.0,
2026-07-29T12:01:01.218875+00:00,g726,11,2026-11-14,Nevada,Northern Illinois,0.0,0.0,0.0,None,0.0,
2026-07-29T12:01:01.218875+00:00,g727,11,2026-11-14,Boston College,Notre Dame,0.0,0.0,0.0,None,0.0,
2026-07-29T12:01:01.218875+00:00,g728,11,2026-11-14,Northwestern,Ohio State,0.0,0.0,0.0,None,0.0,
2026-07-29T12:01:01.218875+00:00,g729,11,2026-11-14,Ole Miss,Oklahoma,0.0,0.0,0.0,None,0.0,
2026-07-29T12:01:01.218875+00:00,g730,11,2026-11-14,Texas Tech,Oklahoma State,0.0,0.0,0.0,None,0.0,
2026-07-29T12:01:01.218875+00:00,g731,11,2026-11-14,Michigan,Oregon,0.0,0.0,0.0,None,0.0,
2026-07-29T12:01:01.218875+00:00,g732,11,2026-11-14,Minnesota,Penn State,0.0,0.0,0.0,None,0.0,
2026-07-29T12:01:01.218875+00:00,g733,11,2026-11-14,Tulane,Rice,0.0,0.0,0.0,None,0.0,
2026-07-29T12:01:01.218875+00:00,g734,11,2026-11-14,Nebraska,Rutgers,0.0,0.0,0.0,None,0.0,
2026-07-29T12:01:01.218875+00:00,g735,11,2026-11-14,Wake Forest,SMU,0.0,0.0,0.0,None,0.0,
2026-07-29T12:01:01.218875+00:00,g736,11,2026-11-14,Kennesaw State,Sam Houston,0.0,0.0,0.0,None,0.0,
2026-07-29T12:01:01.218875+00:00,g737,11,2026-11-14,Utah State,San Diego State,0.0,0.0,0.0,None,0.0,
2026-07-29T12:01:01.218875+00:00,g738,11,2026-11-14,Troy,South Alabama,0.0,0.0,0.0,None,0.0,
2026-07-29T12:01:01.218875+00:00,g739,11,2026-11-14,Kansas State,TCU,0.0,0.0,0.0,None,0.0,
2026-07-29T12:01:01.218875+00:00,g740,11,2026-11-14,UAB,Temple,0.0,0.0,0.0,None,0.0,
2026-07-29T12:01:01.218875+00:00,g741,11,2026-11-14,Tennessee,Texas A&M,0.0,0.0,0.0,None,0.0,
2026-07-29T12:01:01.218875+00:00,g742,11,2026-11-14,Fresno State,Texas State,0.0,0.0,0.0,None,0.0,
2026-07-29T12:01:01.218875+00:00,g743,11,2026-11-14,Florida Atlantic,Tulsa,0.0,0.0,0.0,None,0.0,
2026-07-29T12:01:01.218875+00:00,g744,11,2026-11-14,Illinois,UCLA,0.0,0.0,0.0,None,0.0,
2026-07-29T12:01:01.218875+00:00,g745,11,2026-11-14,Wyoming,UTEP,0.0,0.0,0.0,None,0.0,
2026-07-29T12:01:01.218875+00:00,g746,11,2026-11-14,North Texas,UTSA,0.0,0.0,0.0,None,0.0,
2026-07-29T12:01:01.218875+00:00,g747,11,2026-11-14,Alabama,Vanderbilt,0.0,0.0,0.0,None,0.0,
2026-07-29T12:01:01.218875+00:00,g748,11,2026-11-14,California,Virginia,0.0,0.0,0.0,None,0.0,
2026-07-29T12:01:01.218875+00:00,g749,11,2026-11-14,Stanford,Virginia Tech,0.0,0.0,0.0,None,0.0,
2026-07-29T12:01:01.218875+00:00,g750,11,2026-11-14,Colorado State,Washington State,0.0,0.0,0.0,None,0.0,
2026-07-29T12:01:01.218875+00:00,g751,11,2026-11-14,Kansas,West Virginia,0.0,0.0,0.0,None,0.0,
2026-07-29T12:01:01.218875+00:00,g752,11,2026-11-14,Jacksonville State,Western Kentucky,0.0,0.0,0.0,None,0.0,
2026-07-29T12:01:01.218875+00:00,g753,12,2026-11-17,Miami-OH,Kent State,0.0,0.0,0.0,None,0.0,
2026-07-29T12:01:01.218875+00:00,g754,12,2026-11-17,Ball State,Ohio,0.0,0.0,0.0,None,0.0,
2026-07-29T12:01:01.218875+00:00,g755,12,2026-11-17,Eastern Michigan,Western Michigan,0.0,0.0,0.0,None,0.0,
2026-07-29T12:01:01.218875+00:00,g756,12,2026-11-18,Central Michigan,Buffalo,0.0,0.0,0.0,None,0.0,
2026-07-29T12:01:01.218875+00:00,g757,12,2026-11-18,Akron,Massachusetts,0.0,0.0,0.0,None,0.0,
2026-07-29T12:01:01.218875+00:00,g758,12,2026-11-18,Bowling Green,Toledo,0.0,0.0,0.0,None,0.0,
2026-07-29T12:01:01.218875+00:00,g759,12,2026-11-19,Arkansas State,Louisiana Tech,0.0,0.0,0.0,None,0.0,
2026-07-29T12:01:01.218875+00:00,g760,12,2026-11-19,Rice,Temple,0.0,0.0,0.0,None,0.0,
2026-07-29T12:01:01.218875+00:00,g761,12,2026-11-20,Iowa State,Central Florida,0.0,0.0,0.0,None,0.0,
2026-07-29T12:01:01.218875+00:00,g762,12,2026-11-20,Virginia Tech,Miami-FL,0.0,0.0,0.0,None,0.0,
2026-07-29T12:01:01.218875+00:00,g763,12,2026-11-21,UTEP,Air Force,0.0,0.0,0.0,None,0.0,
2026-07-29T12:01:01.218875+00:00,g764,12,2026-11-21,Chattanooga,Alabama,0.0,0.0,0.0,None,0.0,
2026-07-29T12:01:01.218875+00:00,g765,12,2026-11-21,UL-Monroe,Appalachian State,0.0,0.0,0.0,None,0.0,
2026-07-29T12:01:01.218875+00:00,g766,12,2026-11-21,Oklahoma State,Arizona State,0.0,0.0,0.0,None,0.0,
2026-07-29T12:01:01.218875+00:00,g767,12,2026-11-21,East Carolina,Army,0.0,0.0,0.0,None,0.0,
2026-07-29T12:01:01.218875+00:00,g768,12,2026-11-21,Samford,Auburn,0.0,0.0,0.0,None,0.0,
2026-07-29T12:01:01.218875+00:00,g769,12,2026-11-21,Texas Tech,Baylor,0.0,0.0,0.0,None,0.0,
2026-07-29T12:01:01.218875+00:00,g770,12,2026-11-21,San Diego State,Boise State,0.0,0.0,0.0,None,0.0,
2026-07-29T12:01:01.218875+00:00,g771,12,2026-11-21,Syracuse,Boston College,0.0,0.0,0.0,None,0.0,
2026-07-29T12:01:01.218875+00:00,g772,12,2026-11-21,Stanford,California,0.0,0.0,0.0,None,0.0,
2026-07-29T12:01:01.218875+00:00,g773,12,2026-11-21,Colorado,Cincinnati,0.0,0.0,0.0,None,0.0,
2026-07-29T12:01:01.218875+00:00,g774,12,2026-11-21,Old Dominion,Connecticut,0.0,0.0,0.0,None,0.0,
2026-07-29T12:01:01.218875+00:00,g775,12,2026-11-21,Clemson,Duke,0.0,0.0,0.0,None,0.0,
2026-07-29T12:01:01.218875+00:00,g776,12,2026-11-21,Vanderbilt,Florida,0.0,0.0,0.0,None,0.0,
2026-07-29T12:01:01.218875+00:00,g777,12,2026-11-21,South Florida,Florida Atlantic,0.0,0.0,0.0,None,0.0,
2026-07-29T12:01:01.218875+00:00,g778,12,2026-11-21,NC State,Florida State,0.0,0.0,0.0,None,0.0,
2026-07-29T12:01:01.218875+00:00,g779,12,2026-11-21,Colorado State,Fresno State,0.0,0.0,0.0,None,0.0,
2026-07-29T12:01:01.218875+00:00,g780,12,2026-11-21,Wake Forest,Georgia Tech,0.0,0.0,0.0,None,0.0,
2026-07-29T12:01:01.218875+00:00,g781,12,2026-11-21,Iowa,Illinois,0.0,0.0,0.0,None,0.0,
2026-07-29T12:01:01.218875+00:00,g782,12,2026-11-21,Missouri State,Jacksonville State,0.0,0.0,0.0,None,0.0,
2026-07-29T12:01:01.218875+00:00,g783,12,2026-11-21,BYU,Kansas,0.0,0.0,0.0,None,0.0,
2026-07-29T12:01:01.218875+00:00,g784,12,2026-11-21,Arizona,Kansas State,0.0,0.0,0.0,None,0.0,
2026-07-29T12:01:01.218875+00:00,g785,12,2026-11-21,Florida International,Kennesaw State,0.0,0.0,0.0,None,0.0,
2026-07-29T12:01:01.218875+00:00,g786,12,2026-11-21,Western Kentucky,Liberty,0.0,0.0,0.0,None,0.0,
2026-07-29T12:01:01.218875+00:00,g787,12,2026-11-21,Coastal Carolina,Louisiana,0.0,0.0,0.0,None,0.0,
2026-07-29T12:01:01.218875+00:00,g788,12,2026-11-21,Pittsburgh,Louisville,0.0,0.0,0.0,None,0.0,
2026-07-29T12:01:01.218875+00:00,g789,12,2026-11-21,Georgia State,Marshall,0.0,0.0,0.0,None,0.0,
2026-07-29T12:01:01.218875+00:00,g790,12,2026-11-21,UCLA,Michigan,0.0,0.0,0.0,None,0.0,
2026-07-29T12:01:01.218875+00:00,g791,12,2026-11-21,Oregon,Michigan State,0.0,0.0,0.0,None,0.0,
2026-07-29T12:01:01.218875+00:00,g792,12,2026-11-21,Northwestern,Minnesota,0.0,0.0,0.0,None,0.0,
2026-07-29T12:01:01.218875+00:00,g793,12,2026-11-21,Tennessee Tech,Mississippi State,0.0,0.0,0.0,None,0.0,
2026-07-29T12:01:01.218875+00:00,g794,12,2026-11-21,Kentucky,Missouri,0.0,0.0,0.0,None,0.0,
2026-07-29T12:01:01.218875+00:00,g795,12,2026-11-21,Memphis,Navy,0.0,0.0,0.0,None,0.0,
2026-07-29T12:01:01.218875+00:00,g796,12,2026-11-21,Ohio State,Nebraska,0.0,0.0,0.0,None,0.0,
2026-07-29T12:01:01.218875+00:00,g797,12,2026-11-21,Hawaii,Nevada,0.0,0.0,0.0,None,0.0,
2026-07-29T12:01:01.218875+00:00,g798,12,2026-11-21,Delaware,New Mexico State,0.0,0.0,0.0,None,0.0,
2026-07-29T12:01:01.218875+00:00,g799,12,2026-11-21,Northern Illinois,North Dakota State,0.0,0.0,0.0,None,0.0,
2026-07-29T12:01:01.218875+00:00,g800,12,2026-11-21,SMU,Notre Dame,0.0,0.0,0.0,None,0.0,
2026-07-29T12:01:01.218875+00:00,g801,12,2026-11-21,Texas A&M,Oklahoma,0.0,0.0,0.0,None,0.0,
2026-07-29T12:01:01.218875+00:00,g802,12,2026-11-21,Wofford,Ole Miss,0.0,0.0,0.0,None,0.0,
2026-07-29T12:01:01.218875+00:00,g803,12,2026-11-21,Utah State,Oregon State,0.0,0.0,0.0,None,0.0,
2026-07-29T12:01:01.218875+00:00,g804,12,2026-11-21,Rutgers,Penn State,0.0,0.0,0.0,None,0.0,
2026-07-29T12:01:01.218875+00:00,g805,12,2026-11-21,Wisconsin,Purdue,0.0,0.0,0.0,None,0.0,
2026-07-29T12:01:01.218875+00:00,g806,12,2026-11-21,Middle Tennessee,Sam Houston,0.0,0.0,0.0,None,0.0,
2026-07-29T12:01:01.218875+00:00,g807,12,2026-11-21,UNLV,San Jose State,0.0,0.0,0.0,None,0.0,
2026-07-29T12:01:01.218875+00:00,g808,12,2026-11-21,Georgia,South Carolina,0.0,0.0,0.0,None,0.0,
2026-07-29T12:01:01.218875+00:00,g809,12,2026-11-21,South Alabama,Southern Miss,0.0,0.0,0.0,None,0.0,
2026-07-29T12:01:01.218875+00:00,g810,12,2026-11-21,Utah,TCU,0.0,0.0,0.0,None,0.0,
2026-07-29T12:01:01.218875+00:00,g811,12,2026-11-21,LSU,Tennessee,0.0,0.0,0.0,None,0.0,
2026-07-29T12:01:01.218875+00:00,g812,12,2026-11-21,Arkansas,Texas,0.0,0.0,0.0,None,0.0,
2026-07-29T12:01:01.218875+00:00,g813,12,2026-11-21,Washington State,Texas State,0.0,0.0,0.0,None,0.0,
2026-07-29T12:01:01.218875+00:00,g814,12,2026-11-21,Georgia Southern,Troy,0.0,0.0,0.0,None,0.0,
2026-07-29T12:01:01.218875+00:00,g815,12,2026-11-21,North Texas,Tulane,0.0,0.0,0.0,None,0.0,
2026-07-29T12:01:01.218875+00:00,g816,12,2026-11-21,Charlotte,Tulsa,0.0,0.0,0.0,None,0.0,
2026-07-29T12:01:01.218875+00:00,g817,12,2026-11-21,UTSA,UAB,0.0,0.0,0.0,None,0.0,
2026-07-29T12:01:01.218875+00:00,g818,12,2026-11-21,Maryland,USC,0.0,0.0,0.0,None,0.0,
2026-07-29T12:01:01.218875+00:00,g819,12,2026-11-21,North Carolina,Virginia,0.0,0.0,0.0,None,0.0,
2026-07-29T12:01:01.218875+00:00,g820,12,2026-11-21,Indiana,Washington,0.0,0.0,0.0,None,0.0,
2026-07-29T12:01:01.218875+00:00,g821,12,2026-11-21,Houston,West Virginia,0.0,0.0,0.0,None,0.0,
2026-07-29T12:01:01.218875+00:00,g822,12,2026-11-21,New Mexico,Wyoming,0.0,0.0,0.0,None,0.0,
2026-07-29T12:01:01.218875+00:00,g823,13,2026-11-24,Kent State,Eastern Michigan,0.0,0.0,0.0,None,0.0,
2026-07-29T12:01:01.218875+00:00,g824,13,2026-11-24,Miami-OH,Western Michigan,0.0,0.0,0.0,None,0.0,
2026-07-29T12:01:01.218875+00:00,g825,13,2026-11-26,TCU,Texas Tech,0.0,0.0,0.0,None,0.0,
2026-07-29T12:01:01.218875+00:00,g826,13,2026-11-27,Buffalo,Akron,0.0,0.0,0.0,None,0.0,
2026-07-29T12:01:01.218875+00:00,g827,13,2026-11-27,Florida,Florida State,0.0,0.0,0.0,None,0.0,
2026-07-29T12:01:01.218875+00:00,g828,13,2026-11-27,Nebraska,Iowa,0.0,0.0,0.0,None,0.0,
2026-07-29T12:01:01.218875+00:00,g829,13,2026-11-27,Toledo,Ohio,0.0,0.0,0.0,None,0.0,
2026-07-29T12:01:01.218875+00:00,g830,13,2026-11-27,Mississippi State,Ole Miss,0.0,0.0,0.0,None,0.0,
2026-07-29T12:01:01.218875+00:00,g831,13,2026-11-27,Appalachian State,South Alabama,0.0,0.0,0.0,None,0.0,
2026-07-29T12:01:01.218875+00:00,g832,13,2026-11-27,Texas,Texas A&M,0.0,0.0,0.0,None,0.0,
2026-07-29T12:01:01.218875+00:00,g833,13,2026-11-27,West Virginia,Utah,0.0,0.0,0.0,None,0.0,
2026-07-29T12:01:01.218875+00:00,g834,13,2026-11-28,Auburn,Alabama,0.0,0.0,0.0,None,0.0,
2026-07-29T12:01:01.218875+00:00,g835,13,2026-11-28,Arizona State,Arizona,0.0,0.0,0.0,None,0.0,
2026-07-29T12:01:01.218875+00:00,g836,13,2026-11-28,LSU,Arkansas,0.0,0.0,0.0,None,0.0,
2026-07-29T12:01:01.218875+00:00,g837,13,2026-11-28,Troy,Arkansas State,0.0,0.0,0.0,None,0.0,
2026-07-29T12:01:01.218875+00:00,g838,13,2026-11-28,Cincinnati,BYU,0.0,0.0,0.0,None,0.0,
2026-07-29T12:01:01.218875+00:00,g839,13,2026-11-28,Central Michigan,Ball State,0.0,0.0,0.0,None,0.0,
2026-07-29T12:01:01.218875+00:00,g840,13,2026-11-28,Massachusetts,Bowling Green,0.0,0.0,0.0,None,0.0,
2026-07-29T12:01:01.218875+00:00,g841,13,2026-11-28,Pittsburgh,California,0.0,0.0,0.0,None,0.0,
2026-07-29T12:01:01.218875+00:00,g842,13,2026-11-28,Navy,Charlotte,0.0,0.0,0.0,None,0.0,
2026-07-29T12:01:01.218875+00:00,g843,13,2026-11-28,South Carolina,Clemson,0.0,0.0,0.0,None,0.0,
2026-07-29T12:01:01.218875+00:00,g844,13,2026-11-28,Central Florida,Colorado,0.0,0.0,0.0,None,0.0,
2026-07-29T12:01:01.218875+00:00,g845,13,2026-11-28,Texas State,Colorado State,0.0,0.0,0.0,None,0.0,
2026-07-29T12:01:01.218875+00:00,g846,13,2026-11-28,Jacksonville State,Delaware,0.0,0.0,0.0,None,0.0,
2026-07-29T12:01:01.218875+00:00,g847,13,2026-11-28,Florida Atlantic,East Carolina,0.0,0.0,0.0,None,0.0,
2026-07-29T12:01:01.218875+00:00,g848,13,2026-11-28,Sam Houston,Florida International,0.0,0.0,0.0,None,0.0,
2026-07-29T12:01:01.218875+00:00,g849,13,2026-11-28,San Diego State,Fresno State,0.0,0.0,0.0,None,0.0,
2026-07-29T12:01:01.218875+00:00,g850,13,2026-11-28,Georgia Tech,Georgia,0.0,0.0,0.0,None,0.0,
2026-07-29T12:01:01.218875+00:00,g851,13,2026-11-28,Louisiana Tech,Georgia Southern,0.0,0.0,0.0,None,0.0,
2026-07-29T12:01:01.218875+00:00,g852,13,2026-11-28,Louisiana,Georgia State,0.0,0.0,0.0,None,0.0,
2026-07-29T12:01:01.218875+00:00,g853,13,2026-11-28,Sacramento State,Hawaii,0.0,0.0,0.0,None,0.0,
2026-07-29T12:01:01.218875+00:00,g854,13,2026-11-28,Baylor,Houston,0.0,0.0,0.0,None,0.0,
2026-07-29T12:01:01.218875+00:00,g855,13,2026-11-28,Purdue,Indiana,0.0,0.0,0.0,None,0.0,
2026-07-29T12:01:01.218875+00:00,g856,13,2026-11-28,Kansas State,Iowa State,0.0,0.0,0.0,None,0.0,
2026-07-29T12:01:01.218875+00:00,g857,13,2026-11-28,Coastal Carolina,James Madison,0.0,0.0,0.0,None,0.0,
2026-07-29T12:01:01.218875+00:00,g858,13,2026-11-28,Louisville,Kentucky,0.0,0.0,0.0,None,0.0,
2026-07-29T12:01:01.218875+00:00,g859,13,2026-11-28,Penn State,Maryland,0.0,0.0,0.0,None,0.0,
2026-07-29T12:01:01.218875+00:00,g860,13,2026-11-28,Temple,Memphis,0.0,0.0,0.0,None,0.0,
2026-07-29T12:01:01.218875+00:00,g861,13,2026-11-28,Boston College,Miami-FL,0.0,0.0,0.0,None,0.0,
2026-07-29T12:01:01.218875+00:00,g862,13,2026-11-28,New Mexico State,Middle Tennessee,0.0,0.0,0.0,None,0.0,
2026-07-29T12:01:01.218875+00:00,g863,13,2026-11-28,Oklahoma,Missouri,0.0,0.0,0.0,None,0.0,
2026-07-29T12:01:01.218875+00:00,g864,13,2026-11-28,Liberty,Missouri State,0.0,0.0,0.0,None,0.0,
2026-07-29T12:01:01.218875+00:00,g865,13,2026-11-28,Air Force,New Mexico,0.0,0.0,0.0,None,0.0,
2026-07-29T12:01:01.218875+00:00,g866,13,2026-11-28,NC State,North Carolina,0.0,0.0,0.0,None,0.0,
2026-07-29T12:01:01.218875+00:00,g867,13,2026-11-28,UAB,North Texas,0.0,0.0,0.0,None,0.0,
2026-07-29T12:01:01.218875+00:00,g868,13,2026-11-28,UTEP,Northern Illinois,0.0,0.0,0.0,None,0.0,
2026-07-29T12:01:01.218875+00:00,g869,13,2026-11-28,Illinois,Northwestern,0.0,0.0,0.0,None,0.0,
2026-07-29T12:01:01.218875+00:00,g870,13,2026-11-28,Michigan,Ohio State,0.0,0.0,0.0,None,0.0,
2026-07-29T12:01:01.218875+00:00,g871,13,2026-11-28,Kansas,Oklahoma State,0.0,0.0,0.0,None,0.0,
2026-07-29T12:01:01.218875+00:00,g872,13,2026-11-28,Southern Miss,Old Dominion,0.0,0.0,0.0,None,0.0,
2026-07-29T12:01:01.218875+00:00,g873,13,2026-11-28,Washington,Oregon,0.0,0.0,0.0,None,0.0,
2026-07-29T12:01:01.218875+00:00,g874,13,2026-11-28,Army,Rice,0.0,0.0,0.0,None,0.0,
2026-07-29T12:01:01.218875+00:00,g875,13,2026-11-28,Michigan State,Rutgers,0.0,0.0,0.0,None,0.0,
2026-07-29T12:01:01.218875+00:00,g876,13,2026-11-28,North Dakota State,San Jose State,0.0,0.0,0.0,None,0.0,
2026-07-29T12:01:01.218875+00:00,g877,13,2026-11-28,Tulane,South Florida,0.0,0.0,0.0,None,0.0,
2026-07-29T12:01:01.218875+00:00,g878,13,2026-11-28,SMU,Stanford,0.0,0.0,0.0,None,0.0,
2026-07-29T12:01:01.218875+00:00,g879,13,2026-11-28,Notre Dame,Syracuse,0.0,0.0,0.0,None,0.0,
2026-07-29T12:01:01.218875+00:00,g880,13,2026-11-28,USC,UCLA,0.0,0.0,0.0,None,0.0,
2026-07-29T12:01:01.218875+00:00,g881,13,2026-11-28,Marshall,UL-Monroe,0.0,0.0,0.0,None,0.0,
2026-07-29T12:01:01.218875+00:00,g882,13,2026-11-28,Nevada,UNLV,0.0,0.0,0.0,None,0.0,
2026-07-29T12:01:01.218875+00:00,g883,13,2026-11-28,Tulsa,UTSA,0.0,0.0,0.0,None,0.0,
2026-07-29T12:01:01.218875+00:00,g884,13,2026-11-28,Boise State,Utah State,0.0,0.0,0.0,None,0.0,
2026-07-29T12:01:01.218875+00:00,g885,13,2026-11-28,Tennessee,Vanderbilt,0.0,0.0,0.0,None,0.0,
2026-07-29T12:01:01.218875+00:00,g886,13,2026-11-28,Virginia,Virginia Tech,0.0,0.0,0.0,None,0.0,
2026-07-29T12:01:01.218875+00:00,g887,13,2026-11-28,Duke,Wake Forest,0.0,0.0,0.0,None,0.0,
2026-07-29T12:01:01.218875+00:00,g888,13,2026-11-28,Oregon State,Washington State,0.0,0.0,0.0,None,0.0,
2026-07-29T12:01:01.218875+00:00,g889,13,2026-11-28,Kennesaw State,Western Kentucky,0.0,0.0,0.0,None,0.0,
2026-07-29T12:01:01.218875+00:00,g890,13,2026-11-28,Minnesota,Wisconsin,0.0,0.0,0.0,None,0.0,
2026-07-29T12:01:01.218875+00:00,g891,13,2026-11-28,Connecticut,Wyoming,0.0,0.0,0.0,None,0.0,
2026-07-29T12:01:01.218875+00:00,g892,14,2026-12-04,Big 12 No. 2,Big 12 No. 1,0.0,0.0,0.0,None,0.0,
2026-07-29T12:01:01.218875+00:00,g893,14,2026-12-04,CUSA No. 2,CUSA No. 1,0.0,0.0,0.0,None,0.0,
2026-07-29T12:01:01.218875+00:00,g894,14,2026-12-04,Pac-12 No. 2,Pac-12 No. 1,0.0,0.0,0.0,None,0.0,
2026-07-29T12:01:01.218875+00:00,g895,14,2026-12-05,AAC No. 2,AAC No. 1,0.0,0.0,0.0,None,0.0,
2026-07-29T12:01:01.218875+00:00,g896,14,2026-12-05,ACC No. 2,ACC No. 1,0.0,0.0,0.0,None,0.0,
2026-07-29T12:01:01.218875+00:00,g897,14,2026-12-05,Big Ten No. 2,Big Ten No. 1,0.0,0.0,0.0,None,0.0,
2026-07-29T12:01:01.218875+00:00,g898,14,2026-12-05,MAC No. 2,MAC No. 1,0.0,0.0,0.0,None,0.0,
2026-07-29T12:01:01.218875+00:00,g899,14,2026-12-05,MWC No. 2,MWC No. 1,0.0,0.0,0.0,None,0.0,
2026-07-29T12:01:01.218875+00:00,g900,14,2026-12-05,SEC No. 2,SEC No. 1,0.0,0.0,0.0,None,0.0,
2026-07-29T12:01:01.218875+00:00,g901,14,2026-12-05,Sun Belt East,Sun Belt West,0.0,0.0,0.0,None,0.0,
2026-07-29T12:01:01.218875+00:00,g902,15,2026-12-12,Navy,Army,0.0,0.0,0.0,None,0.0,
